period,fiscal_year,fiscal_quarter,bu,region,account_code,account_name,account_category,amount_usd_mn,source
2023-01,FY2023,Q1,Electronics,APAC,4000,Product Revenue,Revenue,24.345,SAP-ECC
2023-01,FY2023,Q1,Electronics,APAC,4100,Service Revenue,Revenue,9.319,SAP-ECC
2023-01,FY2023,Q1,Electronics,APAC,5000,Cost of Goods Sold,COGS,-17.916,SAP-ECC
2023-01,FY2023,Q1,Electronics,APAC,6100,Salaries & Wages,Opex,-2.581,SAP-ECC
2023-01,FY2023,Q1,Electronics,APAC,6200,Marketing,Opex,-1.061,SAP-ECC
2023-01,FY2023,Q1,Electronics,APAC,6300,R&D,Opex,-1.4,SAP-ECC
2023-01,FY2023,Q1,Electronics,APAC,6400,Travel,Opex,-0.363,SAP-ECC
2023-01,FY2023,Q1,Electronics,APAC,6500,IT & Infrastructure,Opex,-0.755,SAP-ECC
2023-01,FY2023,Q1,Electronics,APAC,6600,General & Admin,Opex,-0.535,SAP-ECC
2023-01,FY2023,Q1,Electronics,APAC,7100,Depreciation,D&A,-1.555,SAP-ECC
2023-01,FY2023,Q1,Electronics,APAC,8100,Interest Expense,Finance,-0.967,SAP-ECC
2023-01,FY2023,Q1,Electronics,APAC,9100,Income Tax,Tax,-2.123,SAP-ECC
2023-01,FY2023,Q1,Electronics,EMEA,4000,Product Revenue,Revenue,24.167,SAP-ECC
2023-01,FY2023,Q1,Electronics,EMEA,4100,Service Revenue,Revenue,10.705,SAP-ECC
2023-01,FY2023,Q1,Electronics,EMEA,5000,Cost of Goods Sold,COGS,-21.293,SAP-ECC
2023-01,FY2023,Q1,Electronics,EMEA,6100,Salaries & Wages,Opex,-3.041,SAP-ECC
2023-01,FY2023,Q1,Electronics,EMEA,6200,Marketing,Opex,-1.075,SAP-ECC
2023-01,FY2023,Q1,Electronics,EMEA,6300,R&D,Opex,-1.532,SAP-ECC
2023-01,FY2023,Q1,Electronics,EMEA,6400,Travel,Opex,-0.398,SAP-ECC
2023-01,FY2023,Q1,Electronics,EMEA,6500,IT & Infrastructure,Opex,-0.825,SAP-ECC
2023-01,FY2023,Q1,Electronics,EMEA,6600,General & Admin,Opex,-0.636,SAP-ECC
2023-01,FY2023,Q1,Electronics,EMEA,7100,Depreciation,D&A,-1.952,SAP-ECC
2023-01,FY2023,Q1,Electronics,EMEA,8100,Interest Expense,Finance,-1.099,SAP-ECC
2023-01,FY2023,Q1,Electronics,EMEA,9100,Income Tax,Tax,-2.212,SAP-ECC
2023-01,FY2023,Q1,Electronics,Americas,4000,Product Revenue,Revenue,34.254,SAP-ECC
2023-01,FY2023,Q1,Electronics,Americas,4100,Service Revenue,Revenue,13.179,SAP-ECC
2023-01,FY2023,Q1,Electronics,Americas,5000,Cost of Goods Sold,COGS,-23.08,SAP-ECC
2023-01,FY2023,Q1,Electronics,Americas,6100,Salaries & Wages,Opex,-3.36,SAP-ECC
2023-01,FY2023,Q1,Electronics,Americas,6200,Marketing,Opex,-1.442,SAP-ECC
2023-01,FY2023,Q1,Electronics,Americas,6300,R&D,Opex,-1.843,SAP-ECC
2023-01,FY2023,Q1,Electronics,Americas,6400,Travel,Opex,-0.477,SAP-ECC
2023-01,FY2023,Q1,Electronics,Americas,6500,IT & Infrastructure,Opex,-1.13,SAP-ECC
2023-01,FY2023,Q1,Electronics,Americas,6600,General & Admin,Opex,-0.729,SAP-ECC
2023-01,FY2023,Q1,Electronics,Americas,7100,Depreciation,D&A,-2.453,SAP-ECC
2023-01,FY2023,Q1,Electronics,Americas,8100,Interest Expense,Finance,-1.328,SAP-ECC
2023-01,FY2023,Q1,Electronics,Americas,9100,Income Tax,Tax,-2.854,SAP-ECC
2023-01,FY2023,Q1,Automotive,APAC,4000,Product Revenue,Revenue,35.21,SAP-ECC
2023-01,FY2023,Q1,Automotive,APAC,4100,Service Revenue,Revenue,14.554,SAP-ECC
2023-01,FY2023,Q1,Automotive,APAC,5000,Cost of Goods Sold,COGS,-27.815,SAP-ECC
2023-01,FY2023,Q1,Automotive,APAC,6100,Salaries & Wages,Opex,-3.853,SAP-ECC
2023-01,FY2023,Q1,Automotive,APAC,6200,Marketing,Opex,-1.477,SAP-ECC
2023-01,FY2023,Q1,Automotive,APAC,6300,R&D,Opex,-1.747,SAP-ECC
2023-01,FY2023,Q1,Automotive,APAC,6400,Travel,Opex,-0.452,SAP-ECC
2023-01,FY2023,Q1,Automotive,APAC,6500,IT & Infrastructure,Opex,-1.097,SAP-ECC
2023-01,FY2023,Q1,Automotive,APAC,6600,General & Admin,Opex,-0.703,SAP-ECC
2023-01,FY2023,Q1,Automotive,APAC,7100,Depreciation,D&A,-2.262,SAP-ECC
2023-01,FY2023,Q1,Automotive,APAC,8100,Interest Expense,Finance,-1.324,SAP-ECC
2023-01,FY2023,Q1,Automotive,APAC,9100,Income Tax,Tax,-2.852,SAP-ECC
2023-01,FY2023,Q1,Automotive,EMEA,4000,Product Revenue,Revenue,37.846,SAP-ECC
2023-01,FY2023,Q1,Automotive,EMEA,4100,Service Revenue,Revenue,15.455,SAP-ECC
2023-01,FY2023,Q1,Automotive,EMEA,5000,Cost of Goods Sold,COGS,-28.362,SAP-ECC
2023-01,FY2023,Q1,Automotive,EMEA,6100,Salaries & Wages,Opex,-4.005,SAP-ECC
2023-01,FY2023,Q1,Automotive,EMEA,6200,Marketing,Opex,-1.518,SAP-ECC
2023-01,FY2023,Q1,Automotive,EMEA,6300,R&D,Opex,-2.276,SAP-ECC
2023-01,FY2023,Q1,Automotive,EMEA,6400,Travel,Opex,-0.542,SAP-ECC
2023-01,FY2023,Q1,Automotive,EMEA,6500,IT & Infrastructure,Opex,-1.292,SAP-ECC
2023-01,FY2023,Q1,Automotive,EMEA,6600,General & Admin,Opex,-0.795,SAP-ECC
2023-01,FY2023,Q1,Automotive,EMEA,7100,Depreciation,D&A,-2.747,SAP-ECC
2023-01,FY2023,Q1,Automotive,EMEA,8100,Interest Expense,Finance,-1.489,SAP-ECC
2023-01,FY2023,Q1,Automotive,EMEA,9100,Income Tax,Tax,-3.228,SAP-ECC
2023-01,FY2023,Q1,Automotive,Americas,4000,Product Revenue,Revenue,48.212,SAP-ECC
2023-01,FY2023,Q1,Automotive,Americas,4100,Service Revenue,Revenue,19.478,SAP-ECC
2023-01,FY2023,Q1,Automotive,Americas,5000,Cost of Goods Sold,COGS,-35.195,SAP-ECC
2023-01,FY2023,Q1,Automotive,Americas,6100,Salaries & Wages,Opex,-5.235,SAP-ECC
2023-01,FY2023,Q1,Automotive,Americas,6200,Marketing,Opex,-2.017,SAP-ECC
2023-01,FY2023,Q1,Automotive,Americas,6300,R&D,Opex,-2.659,SAP-ECC
2023-01,FY2023,Q1,Automotive,Americas,6400,Travel,Opex,-0.603,SAP-ECC
2023-01,FY2023,Q1,Automotive,Americas,6500,IT & Infrastructure,Opex,-1.394,SAP-ECC
2023-01,FY2023,Q1,Automotive,Americas,6600,General & Admin,Opex,-0.98,SAP-ECC
2023-01,FY2023,Q1,Automotive,Americas,7100,Depreciation,D&A,-3.036,SAP-ECC
2023-01,FY2023,Q1,Automotive,Americas,8100,Interest Expense,Finance,-1.803,SAP-ECC
2023-01,FY2023,Q1,Automotive,Americas,9100,Income Tax,Tax,-4.272,SAP-ECC
2023-01,FY2023,Q1,Healthcare,APAC,4000,Product Revenue,Revenue,17.744,SAP-ECC
2023-01,FY2023,Q1,Healthcare,APAC,4100,Service Revenue,Revenue,6.891,SAP-ECC
2023-01,FY2023,Q1,Healthcare,APAC,5000,Cost of Goods Sold,COGS,-13.427,SAP-ECC
2023-01,FY2023,Q1,Healthcare,APAC,6100,Salaries & Wages,Opex,-1.865,SAP-ECC
2023-01,FY2023,Q1,Healthcare,APAC,6200,Marketing,Opex,-0.765,SAP-ECC
2023-01,FY2023,Q1,Healthcare,APAC,6300,R&D,Opex,-0.943,SAP-ECC
2023-01,FY2023,Q1,Healthcare,APAC,6400,Travel,Opex,-0.228,SAP-ECC
2023-01,FY2023,Q1,Healthcare,APAC,6500,IT & Infrastructure,Opex,-0.544,SAP-ECC
2023-01,FY2023,Q1,Healthcare,APAC,6600,General & Admin,Opex,-0.384,SAP-ECC
2023-01,FY2023,Q1,Healthcare,APAC,7100,Depreciation,D&A,-1.138,SAP-ECC
2023-01,FY2023,Q1,Healthcare,APAC,8100,Interest Expense,Finance,-0.723,SAP-ECC
2023-01,FY2023,Q1,Healthcare,APAC,9100,Income Tax,Tax,-1.59,SAP-ECC
2023-01,FY2023,Q1,Healthcare,EMEA,4000,Product Revenue,Revenue,18.145,SAP-ECC
2023-01,FY2023,Q1,Healthcare,EMEA,4100,Service Revenue,Revenue,7.522,SAP-ECC
2023-01,FY2023,Q1,Healthcare,EMEA,5000,Cost of Goods Sold,COGS,-15.804,SAP-ECC
2023-01,FY2023,Q1,Healthcare,EMEA,6100,Salaries & Wages,Opex,-2.115,SAP-ECC
2023-01,FY2023,Q1,Healthcare,EMEA,6200,Marketing,Opex,-0.734,SAP-ECC
2023-01,FY2023,Q1,Healthcare,EMEA,6300,R&D,Opex,-0.971,SAP-ECC
2023-01,FY2023,Q1,Healthcare,EMEA,6400,Travel,Opex,-0.246,SAP-ECC
2023-01,FY2023,Q1,Healthcare,EMEA,6500,IT & Infrastructure,Opex,-0.648,SAP-ECC
2023-01,FY2023,Q1,Healthcare,EMEA,6600,General & Admin,Opex,-0.444,SAP-ECC
2023-01,FY2023,Q1,Healthcare,EMEA,7100,Depreciation,D&A,-1.301,SAP-ECC
2023-01,FY2023,Q1,Healthcare,EMEA,8100,Interest Expense,Finance,-0.73,SAP-ECC
2023-01,FY2023,Q1,Healthcare,EMEA,9100,Income Tax,Tax,-1.615,SAP-ECC
2023-01,FY2023,Q1,Healthcare,Americas,4000,Product Revenue,Revenue,24.132,SAP-ECC
2023-01,FY2023,Q1,Healthcare,Americas,4100,Service Revenue,Revenue,9.551,SAP-ECC
2023-01,FY2023,Q1,Healthcare,Americas,5000,Cost of Goods Sold,COGS,-18.883,SAP-ECC
2023-01,FY2023,Q1,Healthcare,Americas,6100,Salaries & Wages,Opex,-2.697,SAP-ECC
2023-01,FY2023,Q1,Healthcare,Americas,6200,Marketing,Opex,-0.867,SAP-ECC
2023-01,FY2023,Q1,Healthcare,Americas,6300,R&D,Opex,-1.317,SAP-ECC
2023-01,FY2023,Q1,Healthcare,Americas,6400,Travel,Opex,-0.327,SAP-ECC
2023-01,FY2023,Q1,Healthcare,Americas,6500,IT & Infrastructure,Opex,-0.765,SAP-ECC
2023-01,FY2023,Q1,Healthcare,Americas,6600,General & Admin,Opex,-0.486,SAP-ECC
2023-01,FY2023,Q1,Healthcare,Americas,7100,Depreciation,D&A,-1.623,SAP-ECC
2023-01,FY2023,Q1,Healthcare,Americas,8100,Interest Expense,Finance,-0.884,SAP-ECC
2023-01,FY2023,Q1,Healthcare,Americas,9100,Income Tax,Tax,-1.957,SAP-ECC
2023-02,FY2023,Q1,Electronics,APAC,4000,Product Revenue,Revenue,23.896,SAP-ECC
2023-02,FY2023,Q1,Electronics,APAC,4100,Service Revenue,Revenue,11.161,SAP-ECC
2023-02,FY2023,Q1,Electronics,APAC,5000,Cost of Goods Sold,COGS,-20.2,SAP-ECC
2023-02,FY2023,Q1,Electronics,APAC,6100,Salaries & Wages,Opex,-2.638,SAP-ECC
2023-02,FY2023,Q1,Electronics,APAC,6200,Marketing,Opex,-1.033,SAP-ECC
2023-02,FY2023,Q1,Electronics,APAC,6300,R&D,Opex,-1.298,SAP-ECC
2023-02,FY2023,Q1,Electronics,APAC,6400,Travel,Opex,-0.37,SAP-ECC
2023-02,FY2023,Q1,Electronics,APAC,6500,IT & Infrastructure,Opex,-0.881,SAP-ECC
2023-02,FY2023,Q1,Electronics,APAC,6600,General & Admin,Opex,-0.531,SAP-ECC
2023-02,FY2023,Q1,Electronics,APAC,7100,Depreciation,D&A,-1.764,SAP-ECC
2023-02,FY2023,Q1,Electronics,APAC,8100,Interest Expense,Finance,-1.053,SAP-ECC
2023-02,FY2023,Q1,Electronics,APAC,9100,Income Tax,Tax,-2.018,SAP-ECC
2023-02,FY2023,Q1,Electronics,EMEA,4000,Product Revenue,Revenue,28.024,SAP-ECC
2023-02,FY2023,Q1,Electronics,EMEA,4100,Service Revenue,Revenue,11.554,SAP-ECC
2023-02,FY2023,Q1,Electronics,EMEA,5000,Cost of Goods Sold,COGS,-22.079,SAP-ECC
2023-02,FY2023,Q1,Electronics,EMEA,6100,Salaries & Wages,Opex,-3.076,SAP-ECC
2023-02,FY2023,Q1,Electronics,EMEA,6200,Marketing,Opex,-1.045,SAP-ECC
2023-02,FY2023,Q1,Electronics,EMEA,6300,R&D,Opex,-1.482,SAP-ECC
2023-02,FY2023,Q1,Electronics,EMEA,6400,Travel,Opex,-0.35,SAP-ECC
2023-02,FY2023,Q1,Electronics,EMEA,6500,IT & Infrastructure,Opex,-0.988,SAP-ECC
2023-02,FY2023,Q1,Electronics,EMEA,6600,General & Admin,Opex,-0.653,SAP-ECC
2023-02,FY2023,Q1,Electronics,EMEA,7100,Depreciation,D&A,-2.025,SAP-ECC
2023-02,FY2023,Q1,Electronics,EMEA,8100,Interest Expense,Finance,-1.108,SAP-ECC
2023-02,FY2023,Q1,Electronics,EMEA,9100,Income Tax,Tax,-2.202,SAP-ECC
2023-02,FY2023,Q1,Electronics,Americas,4000,Product Revenue,Revenue,34.29,SAP-ECC
2023-02,FY2023,Q1,Electronics,Americas,4100,Service Revenue,Revenue,14.865,SAP-ECC
2023-02,FY2023,Q1,Electronics,Americas,5000,Cost of Goods Sold,COGS,-23.378,SAP-ECC
2023-02,FY2023,Q1,Electronics,Americas,6100,Salaries & Wages,Opex,-3.662,SAP-ECC
2023-02,FY2023,Q1,Electronics,Americas,6200,Marketing,Opex,-1.271,SAP-ECC
2023-02,FY2023,Q1,Electronics,Americas,6300,R&D,Opex,-1.921,SAP-ECC
2023-02,FY2023,Q1,Electronics,Americas,6400,Travel,Opex,-0.481,SAP-ECC
2023-02,FY2023,Q1,Electronics,Americas,6500,IT & Infrastructure,Opex,-1.029,SAP-ECC
2023-02,FY2023,Q1,Electronics,Americas,6600,General & Admin,Opex,-0.731,SAP-ECC
2023-02,FY2023,Q1,Electronics,Americas,7100,Depreciation,D&A,-2.315,SAP-ECC
2023-02,FY2023,Q1,Electronics,Americas,8100,Interest Expense,Finance,-1.319,SAP-ECC
2023-02,FY2023,Q1,Electronics,Americas,9100,Income Tax,Tax,-3.059,SAP-ECC
2023-02,FY2023,Q1,Automotive,APAC,4000,Product Revenue,Revenue,33.27,SAP-ECC
2023-02,FY2023,Q1,Automotive,APAC,4100,Service Revenue,Revenue,13.714,SAP-ECC
2023-02,FY2023,Q1,Automotive,APAC,5000,Cost of Goods Sold,COGS,-26.69,SAP-ECC
2023-02,FY2023,Q1,Automotive,APAC,6100,Salaries & Wages,Opex,-4.013,SAP-ECC
2023-02,FY2023,Q1,Automotive,APAC,6200,Marketing,Opex,-1.369,SAP-ECC
2023-02,FY2023,Q1,Automotive,APAC,6300,R&D,Opex,-1.863,SAP-ECC
2023-02,FY2023,Q1,Automotive,APAC,6400,Travel,Opex,-0.524,SAP-ECC
2023-02,FY2023,Q1,Automotive,APAC,6500,IT & Infrastructure,Opex,-1.187,SAP-ECC
2023-02,FY2023,Q1,Automotive,APAC,6600,General & Admin,Opex,-0.763,SAP-ECC
2023-02,FY2023,Q1,Automotive,APAC,7100,Depreciation,D&A,-2.417,SAP-ECC
2023-02,FY2023,Q1,Automotive,APAC,8100,Interest Expense,Finance,-1.348,SAP-ECC
2023-02,FY2023,Q1,Automotive,APAC,9100,Income Tax,Tax,-2.864,SAP-ECC
2023-02,FY2023,Q1,Automotive,EMEA,4000,Product Revenue,Revenue,36.399,SAP-ECC
2023-02,FY2023,Q1,Automotive,EMEA,4100,Service Revenue,Revenue,16.316,SAP-ECC
2023-02,FY2023,Q1,Automotive,EMEA,5000,Cost of Goods Sold,COGS,-28.032,SAP-ECC
2023-02,FY2023,Q1,Automotive,EMEA,6100,Salaries & Wages,Opex,-4.07,SAP-ECC
2023-02,FY2023,Q1,Automotive,EMEA,6200,Marketing,Opex,-1.483,SAP-ECC
2023-02,FY2023,Q1,Automotive,EMEA,6300,R&D,Opex,-2.192,SAP-ECC
2023-02,FY2023,Q1,Automotive,EMEA,6400,Travel,Opex,-0.51,SAP-ECC
2023-02,FY2023,Q1,Automotive,EMEA,6500,IT & Infrastructure,Opex,-1.378,SAP-ECC
2023-02,FY2023,Q1,Automotive,EMEA,6600,General & Admin,Opex,-0.912,SAP-ECC
2023-02,FY2023,Q1,Automotive,EMEA,7100,Depreciation,D&A,-2.472,SAP-ECC
2023-02,FY2023,Q1,Automotive,EMEA,8100,Interest Expense,Finance,-1.531,SAP-ECC
2023-02,FY2023,Q1,Automotive,EMEA,9100,Income Tax,Tax,-3.447,SAP-ECC
2023-02,FY2023,Q1,Automotive,Americas,4000,Product Revenue,Revenue,42.686,SAP-ECC
2023-02,FY2023,Q1,Automotive,Americas,4100,Service Revenue,Revenue,18.013,SAP-ECC
2023-02,FY2023,Q1,Automotive,Americas,5000,Cost of Goods Sold,COGS,-38.082,SAP-ECC
2023-02,FY2023,Q1,Automotive,Americas,6100,Salaries & Wages,Opex,-5.205,SAP-ECC
2023-02,FY2023,Q1,Automotive,Americas,6200,Marketing,Opex,-1.918,SAP-ECC
2023-02,FY2023,Q1,Automotive,Americas,6300,R&D,Opex,-2.7,SAP-ECC
2023-02,FY2023,Q1,Automotive,Americas,6400,Travel,Opex,-0.678,SAP-ECC
2023-02,FY2023,Q1,Automotive,Americas,6500,IT & Infrastructure,Opex,-1.457,SAP-ECC
2023-02,FY2023,Q1,Automotive,Americas,6600,General & Admin,Opex,-0.954,SAP-ECC
2023-02,FY2023,Q1,Automotive,Americas,7100,Depreciation,D&A,-3.173,SAP-ECC
2023-02,FY2023,Q1,Automotive,Americas,8100,Interest Expense,Finance,-1.901,SAP-ECC
2023-02,FY2023,Q1,Automotive,Americas,9100,Income Tax,Tax,-3.992,SAP-ECC
2023-02,FY2023,Q1,Healthcare,APAC,4000,Product Revenue,Revenue,17.555,SAP-ECC
2023-02,FY2023,Q1,Healthcare,APAC,4100,Service Revenue,Revenue,7.452,SAP-ECC
2023-02,FY2023,Q1,Healthcare,APAC,5000,Cost of Goods Sold,COGS,-14.395,SAP-ECC
2023-02,FY2023,Q1,Healthcare,APAC,6100,Salaries & Wages,Opex,-1.79,SAP-ECC
2023-02,FY2023,Q1,Healthcare,APAC,6200,Marketing,Opex,-0.71,SAP-ECC
2023-02,FY2023,Q1,Healthcare,APAC,6300,R&D,Opex,-0.936,SAP-ECC
2023-02,FY2023,Q1,Healthcare,APAC,6400,Travel,Opex,-0.256,SAP-ECC
2023-02,FY2023,Q1,Healthcare,APAC,6500,IT & Infrastructure,Opex,-0.552,SAP-ECC
2023-02,FY2023,Q1,Healthcare,APAC,6600,General & Admin,Opex,-0.364,SAP-ECC
2023-02,FY2023,Q1,Healthcare,APAC,7100,Depreciation,D&A,-1.194,SAP-ECC
2023-02,FY2023,Q1,Healthcare,APAC,8100,Interest Expense,Finance,-0.713,SAP-ECC
2023-02,FY2023,Q1,Healthcare,APAC,9100,Income Tax,Tax,-1.446,SAP-ECC
2023-02,FY2023,Q1,Healthcare,EMEA,4000,Product Revenue,Revenue,17.905,SAP-ECC
2023-02,FY2023,Q1,Healthcare,EMEA,4100,Service Revenue,Revenue,8.637,SAP-ECC
2023-02,FY2023,Q1,Healthcare,EMEA,5000,Cost of Goods Sold,COGS,-14.575,SAP-ECC
2023-02,FY2023,Q1,Healthcare,EMEA,6100,Salaries & Wages,Opex,-2.28,SAP-ECC
2023-02,FY2023,Q1,Healthcare,EMEA,6200,Marketing,Opex,-0.81,SAP-ECC
2023-02,FY2023,Q1,Healthcare,EMEA,6300,R&D,Opex,-0.985,SAP-ECC
2023-02,FY2023,Q1,Healthcare,EMEA,6400,Travel,Opex,-0.292,SAP-ECC
2023-02,FY2023,Q1,Healthcare,EMEA,6500,IT & Infrastructure,Opex,-0.681,SAP-ECC
2023-02,FY2023,Q1,Healthcare,EMEA,6600,General & Admin,Opex,-0.464,SAP-ECC
2023-02,FY2023,Q1,Healthcare,EMEA,7100,Depreciation,D&A,-1.44,SAP-ECC
2023-02,FY2023,Q1,Healthcare,EMEA,8100,Interest Expense,Finance,-0.853,SAP-ECC
2023-02,FY2023,Q1,Healthcare,EMEA,9100,Income Tax,Tax,-1.574,SAP-ECC
2023-02,FY2023,Q1,Healthcare,Americas,4000,Product Revenue,Revenue,22.431,SAP-ECC
2023-02,FY2023,Q1,Healthcare,Americas,4100,Service Revenue,Revenue,9.146,SAP-ECC
2023-02,FY2023,Q1,Healthcare,Americas,5000,Cost of Goods Sold,COGS,-17.358,SAP-ECC
2023-02,FY2023,Q1,Healthcare,Americas,6100,Salaries & Wages,Opex,-2.368,SAP-ECC
2023-02,FY2023,Q1,Healthcare,Americas,6200,Marketing,Opex,-0.943,SAP-ECC
2023-02,FY2023,Q1,Healthcare,Americas,6300,R&D,Opex,-1.396,SAP-ECC
2023-02,FY2023,Q1,Healthcare,Americas,6400,Travel,Opex,-0.308,SAP-ECC
2023-02,FY2023,Q1,Healthcare,Americas,6500,IT & Infrastructure,Opex,-0.81,SAP-ECC
2023-02,FY2023,Q1,Healthcare,Americas,6600,General & Admin,Opex,-0.51,SAP-ECC
2023-02,FY2023,Q1,Healthcare,Americas,7100,Depreciation,D&A,-1.584,SAP-ECC
2023-02,FY2023,Q1,Healthcare,Americas,8100,Interest Expense,Finance,-1.042,SAP-ECC
2023-02,FY2023,Q1,Healthcare,Americas,9100,Income Tax,Tax,-2.185,SAP-ECC
2023-03,FY2023,Q1,Electronics,APAC,4000,Product Revenue,Revenue,24.677,SAP-ECC
2023-03,FY2023,Q1,Electronics,APAC,4100,Service Revenue,Revenue,10.879,SAP-ECC
2023-03,FY2023,Q1,Electronics,APAC,5000,Cost of Goods Sold,COGS,-18.017,SAP-ECC
2023-03,FY2023,Q1,Electronics,APAC,6100,Salaries & Wages,Opex,-2.691,SAP-ECC
2023-03,FY2023,Q1,Electronics,APAC,6200,Marketing,Opex,-1.135,SAP-ECC
2023-03,FY2023,Q1,Electronics,APAC,6300,R&D,Opex,-1.416,SAP-ECC
2023-03,FY2023,Q1,Electronics,APAC,6400,Travel,Opex,-0.352,SAP-ECC
2023-03,FY2023,Q1,Electronics,APAC,6500,IT & Infrastructure,Opex,-0.875,SAP-ECC
2023-03,FY2023,Q1,Electronics,APAC,6600,General & Admin,Opex,-0.514,SAP-ECC
2023-03,FY2023,Q1,Electronics,APAC,7100,Depreciation,D&A,-1.771,SAP-ECC
2023-03,FY2023,Q1,Electronics,APAC,8100,Interest Expense,Finance,-1.048,SAP-ECC
2023-03,FY2023,Q1,Electronics,APAC,9100,Income Tax,Tax,-2.319,SAP-ECC
2023-03,FY2023,Q1,Electronics,EMEA,4000,Product Revenue,Revenue,25.491,SAP-ECC
2023-03,FY2023,Q1,Electronics,EMEA,4100,Service Revenue,Revenue,12.591,SAP-ECC
2023-03,FY2023,Q1,Electronics,EMEA,5000,Cost of Goods Sold,COGS,-19.735,SAP-ECC
2023-03,FY2023,Q1,Electronics,EMEA,6100,Salaries & Wages,Opex,-2.929,SAP-ECC
2023-03,FY2023,Q1,Electronics,EMEA,6200,Marketing,Opex,-1.183,SAP-ECC
2023-03,FY2023,Q1,Electronics,EMEA,6300,R&D,Opex,-1.6,SAP-ECC
2023-03,FY2023,Q1,Electronics,EMEA,6400,Travel,Opex,-0.37,SAP-ECC
2023-03,FY2023,Q1,Electronics,EMEA,6500,IT & Infrastructure,Opex,-0.868,SAP-ECC
2023-03,FY2023,Q1,Electronics,EMEA,6600,General & Admin,Opex,-0.664,SAP-ECC
2023-03,FY2023,Q1,Electronics,EMEA,7100,Depreciation,D&A,-1.851,SAP-ECC
2023-03,FY2023,Q1,Electronics,EMEA,8100,Interest Expense,Finance,-1.183,SAP-ECC
2023-03,FY2023,Q1,Electronics,EMEA,9100,Income Tax,Tax,-2.476,SAP-ECC
2023-03,FY2023,Q1,Electronics,Americas,4000,Product Revenue,Revenue,32.11,SAP-ECC
2023-03,FY2023,Q1,Electronics,Americas,4100,Service Revenue,Revenue,14.17,SAP-ECC
2023-03,FY2023,Q1,Electronics,Americas,5000,Cost of Goods Sold,COGS,-25.701,SAP-ECC
2023-03,FY2023,Q1,Electronics,Americas,6100,Salaries & Wages,Opex,-4.012,SAP-ECC
2023-03,FY2023,Q1,Electronics,Americas,6200,Marketing,Opex,-1.323,SAP-ECC
2023-03,FY2023,Q1,Electronics,Americas,6300,R&D,Opex,-1.933,SAP-ECC
2023-03,FY2023,Q1,Electronics,Americas,6400,Travel,Opex,-0.444,SAP-ECC
2023-03,FY2023,Q1,Electronics,Americas,6500,IT & Infrastructure,Opex,-1.096,SAP-ECC
2023-03,FY2023,Q1,Electronics,Americas,6600,General & Admin,Opex,-0.767,SAP-ECC
2023-03,FY2023,Q1,Electronics,Americas,7100,Depreciation,D&A,-2.244,SAP-ECC
2023-03,FY2023,Q1,Electronics,Americas,8100,Interest Expense,Finance,-1.35,SAP-ECC
2023-03,FY2023,Q1,Electronics,Americas,9100,Income Tax,Tax,-3.039,SAP-ECC
2023-03,FY2023,Q1,Automotive,APAC,4000,Product Revenue,Revenue,31.602,SAP-ECC
2023-03,FY2023,Q1,Automotive,APAC,4100,Service Revenue,Revenue,14.551,SAP-ECC
2023-03,FY2023,Q1,Automotive,APAC,5000,Cost of Goods Sold,COGS,-29.265,SAP-ECC
2023-03,FY2023,Q1,Automotive,APAC,6100,Salaries & Wages,Opex,-4.255,SAP-ECC
2023-03,FY2023,Q1,Automotive,APAC,6200,Marketing,Opex,-1.355,SAP-ECC
2023-03,FY2023,Q1,Automotive,APAC,6300,R&D,Opex,-1.855,SAP-ECC
2023-03,FY2023,Q1,Automotive,APAC,6400,Travel,Opex,-0.468,SAP-ECC
2023-03,FY2023,Q1,Automotive,APAC,6500,IT & Infrastructure,Opex,-1.263,SAP-ECC
2023-03,FY2023,Q1,Automotive,APAC,6600,General & Admin,Opex,-0.835,SAP-ECC
2023-03,FY2023,Q1,Automotive,APAC,7100,Depreciation,D&A,-2.609,SAP-ECC
2023-03,FY2023,Q1,Automotive,APAC,8100,Interest Expense,Finance,-1.432,SAP-ECC
2023-03,FY2023,Q1,Automotive,APAC,9100,Income Tax,Tax,-2.868,SAP-ECC
2023-03,FY2023,Q1,Automotive,EMEA,4000,Product Revenue,Revenue,40.269,SAP-ECC
2023-03,FY2023,Q1,Automotive,EMEA,4100,Service Revenue,Revenue,16.88,SAP-ECC
2023-03,FY2023,Q1,Automotive,EMEA,5000,Cost of Goods Sold,COGS,-30.458,SAP-ECC
2023-03,FY2023,Q1,Automotive,EMEA,6100,Salaries & Wages,Opex,-4.721,SAP-ECC
2023-03,FY2023,Q1,Automotive,EMEA,6200,Marketing,Opex,-1.674,SAP-ECC
2023-03,FY2023,Q1,Automotive,EMEA,6300,R&D,Opex,-1.981,SAP-ECC
2023-03,FY2023,Q1,Automotive,EMEA,6400,Travel,Opex,-0.574,SAP-ECC
2023-03,FY2023,Q1,Automotive,EMEA,6500,IT & Infrastructure,Opex,-1.257,SAP-ECC
2023-03,FY2023,Q1,Automotive,EMEA,6600,General & Admin,Opex,-0.894,SAP-ECC
2023-03,FY2023,Q1,Automotive,EMEA,7100,Depreciation,D&A,-2.927,SAP-ECC
2023-03,FY2023,Q1,Automotive,EMEA,8100,Interest Expense,Finance,-1.523,SAP-ECC
2023-03,FY2023,Q1,Automotive,EMEA,9100,Income Tax,Tax,-3.161,SAP-ECC
2023-03,FY2023,Q1,Automotive,Americas,4000,Product Revenue,Revenue,42.416,SAP-ECC
2023-03,FY2023,Q1,Automotive,Americas,4100,Service Revenue,Revenue,19.733,SAP-ECC
2023-03,FY2023,Q1,Automotive,Americas,5000,Cost of Goods Sold,COGS,-34.382,SAP-ECC
2023-03,FY2023,Q1,Automotive,Americas,6100,Salaries & Wages,Opex,-5.31,SAP-ECC
2023-03,FY2023,Q1,Automotive,Americas,6200,Marketing,Opex,-2.031,SAP-ECC
2023-03,FY2023,Q1,Automotive,Americas,6300,R&D,Opex,-2.469,SAP-ECC
2023-03,FY2023,Q1,Automotive,Americas,6400,Travel,Opex,-0.667,SAP-ECC
2023-03,FY2023,Q1,Automotive,Americas,6500,IT & Infrastructure,Opex,-1.498,SAP-ECC
2023-03,FY2023,Q1,Automotive,Americas,6600,General & Admin,Opex,-1.04,SAP-ECC
2023-03,FY2023,Q1,Automotive,Americas,7100,Depreciation,D&A,-3.493,SAP-ECC
2023-03,FY2023,Q1,Automotive,Americas,8100,Interest Expense,Finance,-2.075,SAP-ECC
2023-03,FY2023,Q1,Automotive,Americas,9100,Income Tax,Tax,-3.776,SAP-ECC
2023-03,FY2023,Q1,Healthcare,APAC,4000,Product Revenue,Revenue,16.871,SAP-ECC
2023-03,FY2023,Q1,Healthcare,APAC,4100,Service Revenue,Revenue,7.038,SAP-ECC
2023-03,FY2023,Q1,Healthcare,APAC,5000,Cost of Goods Sold,COGS,-12.25,SAP-ECC
2023-03,FY2023,Q1,Healthcare,APAC,6100,Salaries & Wages,Opex,-2.049,SAP-ECC
2023-03,FY2023,Q1,Healthcare,APAC,6200,Marketing,Opex,-0.751,SAP-ECC
2023-03,FY2023,Q1,Healthcare,APAC,6300,R&D,Opex,-0.936,SAP-ECC
2023-03,FY2023,Q1,Healthcare,APAC,6400,Travel,Opex,-0.255,SAP-ECC
2023-03,FY2023,Q1,Healthcare,APAC,6500,IT & Infrastructure,Opex,-0.592,SAP-ECC
2023-03,FY2023,Q1,Healthcare,APAC,6600,General & Admin,Opex,-0.386,SAP-ECC
2023-03,FY2023,Q1,Healthcare,APAC,7100,Depreciation,D&A,-1.115,SAP-ECC
2023-03,FY2023,Q1,Healthcare,APAC,8100,Interest Expense,Finance,-0.678,SAP-ECC
2023-03,FY2023,Q1,Healthcare,APAC,9100,Income Tax,Tax,-1.631,SAP-ECC
2023-03,FY2023,Q1,Healthcare,EMEA,4000,Product Revenue,Revenue,20.372,SAP-ECC
2023-03,FY2023,Q1,Healthcare,EMEA,4100,Service Revenue,Revenue,8.211,SAP-ECC
2023-03,FY2023,Q1,Healthcare,EMEA,5000,Cost of Goods Sold,COGS,-15.822,SAP-ECC
2023-03,FY2023,Q1,Healthcare,EMEA,6100,Salaries & Wages,Opex,-2.204,SAP-ECC
2023-03,FY2023,Q1,Healthcare,EMEA,6200,Marketing,Opex,-0.763,SAP-ECC
2023-03,FY2023,Q1,Healthcare,EMEA,6300,R&D,Opex,-1.014,SAP-ECC
2023-03,FY2023,Q1,Healthcare,EMEA,6400,Travel,Opex,-0.262,SAP-ECC
2023-03,FY2023,Q1,Healthcare,EMEA,6500,IT & Infrastructure,Opex,-0.698,SAP-ECC
2023-03,FY2023,Q1,Healthcare,EMEA,6600,General & Admin,Opex,-0.457,SAP-ECC
2023-03,FY2023,Q1,Healthcare,EMEA,7100,Depreciation,D&A,-1.445,SAP-ECC
2023-03,FY2023,Q1,Healthcare,EMEA,8100,Interest Expense,Finance,-0.872,SAP-ECC
2023-03,FY2023,Q1,Healthcare,EMEA,9100,Income Tax,Tax,-1.609,SAP-ECC
2023-03,FY2023,Q1,Healthcare,Americas,4000,Product Revenue,Revenue,21.787,SAP-ECC
2023-03,FY2023,Q1,Healthcare,Americas,4100,Service Revenue,Revenue,9.082,SAP-ECC
2023-03,FY2023,Q1,Healthcare,Americas,5000,Cost of Goods Sold,COGS,-18.813,SAP-ECC
2023-03,FY2023,Q1,Healthcare,Americas,6100,Salaries & Wages,Opex,-2.785,SAP-ECC
2023-03,FY2023,Q1,Healthcare,Americas,6200,Marketing,Opex,-0.961,SAP-ECC
2023-03,FY2023,Q1,Healthcare,Americas,6300,R&D,Opex,-1.331,SAP-ECC
2023-03,FY2023,Q1,Healthcare,Americas,6400,Travel,Opex,-0.306,SAP-ECC
2023-03,FY2023,Q1,Healthcare,Americas,6500,IT & Infrastructure,Opex,-0.842,SAP-ECC
2023-03,FY2023,Q1,Healthcare,Americas,6600,General & Admin,Opex,-0.555,SAP-ECC
2023-03,FY2023,Q1,Healthcare,Americas,7100,Depreciation,D&A,-1.767,SAP-ECC
2023-03,FY2023,Q1,Healthcare,Americas,8100,Interest Expense,Finance,-1.031,SAP-ECC
2023-03,FY2023,Q1,Healthcare,Americas,9100,Income Tax,Tax,-2.175,SAP-ECC
2023-04,FY2023,Q2,Electronics,APAC,4000,Product Revenue,Revenue,22.675,SAP-ECC
2023-04,FY2023,Q2,Electronics,APAC,4100,Service Revenue,Revenue,11.065,SAP-ECC
2023-04,FY2023,Q2,Electronics,APAC,5000,Cost of Goods Sold,COGS,-18.883,SAP-ECC
2023-04,FY2023,Q2,Electronics,APAC,6100,Salaries & Wages,Opex,-3.049,SAP-ECC
2023-04,FY2023,Q2,Electronics,APAC,6200,Marketing,Opex,-1.119,SAP-ECC
2023-04,FY2023,Q2,Electronics,APAC,6300,R&D,Opex,-1.507,SAP-ECC
2023-04,FY2023,Q2,Electronics,APAC,6400,Travel,Opex,-0.374,SAP-ECC
2023-04,FY2023,Q2,Electronics,APAC,6500,IT & Infrastructure,Opex,-0.814,SAP-ECC
2023-04,FY2023,Q2,Electronics,APAC,6600,General & Admin,Opex,-0.595,SAP-ECC
2023-04,FY2023,Q2,Electronics,APAC,7100,Depreciation,D&A,-1.646,SAP-ECC
2023-04,FY2023,Q2,Electronics,APAC,8100,Interest Expense,Finance,-1.132,SAP-ECC
2023-04,FY2023,Q2,Electronics,APAC,9100,Income Tax,Tax,-2.353,SAP-ECC
2023-04,FY2023,Q2,Electronics,EMEA,4000,Product Revenue,Revenue,26.164,SAP-ECC
2023-04,FY2023,Q2,Electronics,EMEA,4100,Service Revenue,Revenue,12.462,SAP-ECC
2023-04,FY2023,Q2,Electronics,EMEA,5000,Cost of Goods Sold,COGS,-21.474,SAP-ECC
2023-04,FY2023,Q2,Electronics,EMEA,6100,Salaries & Wages,Opex,-3.037,SAP-ECC
2023-04,FY2023,Q2,Electronics,EMEA,6200,Marketing,Opex,-1.242,SAP-ECC
2023-04,FY2023,Q2,Electronics,EMEA,6300,R&D,Opex,-1.497,SAP-ECC
2023-04,FY2023,Q2,Electronics,EMEA,6400,Travel,Opex,-0.36,SAP-ECC
2023-04,FY2023,Q2,Electronics,EMEA,6500,IT & Infrastructure,Opex,-0.892,SAP-ECC
2023-04,FY2023,Q2,Electronics,EMEA,6600,General & Admin,Opex,-0.61,SAP-ECC
2023-04,FY2023,Q2,Electronics,EMEA,7100,Depreciation,D&A,-2.094,SAP-ECC
2023-04,FY2023,Q2,Electronics,EMEA,8100,Interest Expense,Finance,-1.278,SAP-ECC
2023-04,FY2023,Q2,Electronics,EMEA,9100,Income Tax,Tax,-2.361,SAP-ECC
2023-04,FY2023,Q2,Electronics,Americas,4000,Product Revenue,Revenue,33.864,SAP-ECC
2023-04,FY2023,Q2,Electronics,Americas,4100,Service Revenue,Revenue,13.903,SAP-ECC
2023-04,FY2023,Q2,Electronics,Americas,5000,Cost of Goods Sold,COGS,-28.178,SAP-ECC
2023-04,FY2023,Q2,Electronics,Americas,6100,Salaries & Wages,Opex,-3.799,SAP-ECC
2023-04,FY2023,Q2,Electronics,Americas,6200,Marketing,Opex,-1.526,SAP-ECC
2023-04,FY2023,Q2,Electronics,Americas,6300,R&D,Opex,-1.758,SAP-ECC
2023-04,FY2023,Q2,Electronics,Americas,6400,Travel,Opex,-0.511,SAP-ECC
2023-04,FY2023,Q2,Electronics,Americas,6500,IT & Infrastructure,Opex,-1.068,SAP-ECC
2023-04,FY2023,Q2,Electronics,Americas,6600,General & Admin,Opex,-0.817,SAP-ECC
2023-04,FY2023,Q2,Electronics,Americas,7100,Depreciation,D&A,-2.261,SAP-ECC
2023-04,FY2023,Q2,Electronics,Americas,8100,Interest Expense,Finance,-1.317,SAP-ECC
2023-04,FY2023,Q2,Electronics,Americas,9100,Income Tax,Tax,-2.915,SAP-ECC
2023-04,FY2023,Q2,Automotive,APAC,4000,Product Revenue,Revenue,36.095,SAP-ECC
2023-04,FY2023,Q2,Automotive,APAC,4100,Service Revenue,Revenue,14.37,SAP-ECC
2023-04,FY2023,Q2,Automotive,APAC,5000,Cost of Goods Sold,COGS,-27.766,SAP-ECC
2023-04,FY2023,Q2,Automotive,APAC,6100,Salaries & Wages,Opex,-3.972,SAP-ECC
2023-04,FY2023,Q2,Automotive,APAC,6200,Marketing,Opex,-1.456,SAP-ECC
2023-04,FY2023,Q2,Automotive,APAC,6300,R&D,Opex,-2.009,SAP-ECC
2023-04,FY2023,Q2,Automotive,APAC,6400,Travel,Opex,-0.474,SAP-ECC
2023-04,FY2023,Q2,Automotive,APAC,6500,IT & Infrastructure,Opex,-1.233,SAP-ECC
2023-04,FY2023,Q2,Automotive,APAC,6600,General & Admin,Opex,-0.722,SAP-ECC
2023-04,FY2023,Q2,Automotive,APAC,7100,Depreciation,D&A,-2.665,SAP-ECC
2023-04,FY2023,Q2,Automotive,APAC,8100,Interest Expense,Finance,-1.497,SAP-ECC
2023-04,FY2023,Q2,Automotive,APAC,9100,Income Tax,Tax,-3.218,SAP-ECC
2023-04,FY2023,Q2,Automotive,EMEA,4000,Product Revenue,Revenue,40.198,SAP-ECC
2023-04,FY2023,Q2,Automotive,EMEA,4100,Service Revenue,Revenue,17.018,SAP-ECC
2023-04,FY2023,Q2,Automotive,EMEA,5000,Cost of Goods Sold,COGS,-29.546,SAP-ECC
2023-04,FY2023,Q2,Automotive,EMEA,6100,Salaries & Wages,Opex,-4.067,SAP-ECC
2023-04,FY2023,Q2,Automotive,EMEA,6200,Marketing,Opex,-1.7,SAP-ECC
2023-04,FY2023,Q2,Automotive,EMEA,6300,R&D,Opex,-2.135,SAP-ECC
2023-04,FY2023,Q2,Automotive,EMEA,6400,Travel,Opex,-0.532,SAP-ECC
2023-04,FY2023,Q2,Automotive,EMEA,6500,IT & Infrastructure,Opex,-1.403,SAP-ECC
2023-04,FY2023,Q2,Automotive,EMEA,6600,General & Admin,Opex,-0.915,SAP-ECC
2023-04,FY2023,Q2,Automotive,EMEA,7100,Depreciation,D&A,-2.655,SAP-ECC
2023-04,FY2023,Q2,Automotive,EMEA,8100,Interest Expense,Finance,-1.595,SAP-ECC
2023-04,FY2023,Q2,Automotive,EMEA,9100,Income Tax,Tax,-3.385,SAP-ECC
2023-04,FY2023,Q2,Automotive,Americas,4000,Product Revenue,Revenue,45.439,SAP-ECC
2023-04,FY2023,Q2,Automotive,Americas,4100,Service Revenue,Revenue,19.097,SAP-ECC
2023-04,FY2023,Q2,Automotive,Americas,5000,Cost of Goods Sold,COGS,-33.921,SAP-ECC
2023-04,FY2023,Q2,Automotive,Americas,6100,Salaries & Wages,Opex,-5.21,SAP-ECC
2023-04,FY2023,Q2,Automotive,Americas,6200,Marketing,Opex,-2.137,SAP-ECC
2023-04,FY2023,Q2,Automotive,Americas,6300,R&D,Opex,-2.726,SAP-ECC
2023-04,FY2023,Q2,Automotive,Americas,6400,Travel,Opex,-0.708,SAP-ECC
2023-04,FY2023,Q2,Automotive,Americas,6500,IT & Infrastructure,Opex,-1.618,SAP-ECC
2023-04,FY2023,Q2,Automotive,Americas,6600,General & Admin,Opex,-1.019,SAP-ECC
2023-04,FY2023,Q2,Automotive,Americas,7100,Depreciation,D&A,-3.331,SAP-ECC
2023-04,FY2023,Q2,Automotive,Americas,8100,Interest Expense,Finance,-1.805,SAP-ECC
2023-04,FY2023,Q2,Automotive,Americas,9100,Income Tax,Tax,-3.972,SAP-ECC
2023-04,FY2023,Q2,Healthcare,APAC,4000,Product Revenue,Revenue,17.125,SAP-ECC
2023-04,FY2023,Q2,Healthcare,APAC,4100,Service Revenue,Revenue,7.538,SAP-ECC
2023-04,FY2023,Q2,Healthcare,APAC,5000,Cost of Goods Sold,COGS,-14.001,SAP-ECC
2023-04,FY2023,Q2,Healthcare,APAC,6100,Salaries & Wages,Opex,-1.969,SAP-ECC
2023-04,FY2023,Q2,Healthcare,APAC,6200,Marketing,Opex,-0.736,SAP-ECC
2023-04,FY2023,Q2,Healthcare,APAC,6300,R&D,Opex,-0.94,SAP-ECC
2023-04,FY2023,Q2,Healthcare,APAC,6400,Travel,Opex,-0.247,SAP-ECC
2023-04,FY2023,Q2,Healthcare,APAC,6500,IT & Infrastructure,Opex,-0.637,SAP-ECC
2023-04,FY2023,Q2,Healthcare,APAC,6600,General & Admin,Opex,-0.417,SAP-ECC
2023-04,FY2023,Q2,Healthcare,APAC,7100,Depreciation,D&A,-1.166,SAP-ECC
2023-04,FY2023,Q2,Healthcare,APAC,8100,Interest Expense,Finance,-0.688,SAP-ECC
2023-04,FY2023,Q2,Healthcare,APAC,9100,Income Tax,Tax,-1.553,SAP-ECC
2023-04,FY2023,Q2,Healthcare,EMEA,4000,Product Revenue,Revenue,19.725,SAP-ECC
2023-04,FY2023,Q2,Healthcare,EMEA,4100,Service Revenue,Revenue,8.015,SAP-ECC
2023-04,FY2023,Q2,Healthcare,EMEA,5000,Cost of Goods Sold,COGS,-15.998,SAP-ECC
2023-04,FY2023,Q2,Healthcare,EMEA,6100,Salaries & Wages,Opex,-2.301,SAP-ECC
2023-04,FY2023,Q2,Healthcare,EMEA,6200,Marketing,Opex,-0.851,SAP-ECC
2023-04,FY2023,Q2,Healthcare,EMEA,6300,R&D,Opex,-1.047,SAP-ECC
2023-04,FY2023,Q2,Healthcare,EMEA,6400,Travel,Opex,-0.26,SAP-ECC
2023-04,FY2023,Q2,Healthcare,EMEA,6500,IT & Infrastructure,Opex,-0.605,SAP-ECC
2023-04,FY2023,Q2,Healthcare,EMEA,6600,General & Admin,Opex,-0.42,SAP-ECC
2023-04,FY2023,Q2,Healthcare,EMEA,7100,Depreciation,D&A,-1.37,SAP-ECC
2023-04,FY2023,Q2,Healthcare,EMEA,8100,Interest Expense,Finance,-0.877,SAP-ECC
2023-04,FY2023,Q2,Healthcare,EMEA,9100,Income Tax,Tax,-1.589,SAP-ECC
2023-04,FY2023,Q2,Healthcare,Americas,4000,Product Revenue,Revenue,22.769,SAP-ECC
2023-04,FY2023,Q2,Healthcare,Americas,4100,Service Revenue,Revenue,10.138,SAP-ECC
2023-04,FY2023,Q2,Healthcare,Americas,5000,Cost of Goods Sold,COGS,-17.178,SAP-ECC
2023-04,FY2023,Q2,Healthcare,Americas,6100,Salaries & Wages,Opex,-2.735,SAP-ECC
2023-04,FY2023,Q2,Healthcare,Americas,6200,Marketing,Opex,-0.99,SAP-ECC
2023-04,FY2023,Q2,Healthcare,Americas,6300,R&D,Opex,-1.261,SAP-ECC
2023-04,FY2023,Q2,Healthcare,Americas,6400,Travel,Opex,-0.339,SAP-ECC
2023-04,FY2023,Q2,Healthcare,Americas,6500,IT & Infrastructure,Opex,-0.723,SAP-ECC
2023-04,FY2023,Q2,Healthcare,Americas,6600,General & Admin,Opex,-0.552,SAP-ECC
2023-04,FY2023,Q2,Healthcare,Americas,7100,Depreciation,D&A,-1.731,SAP-ECC
2023-04,FY2023,Q2,Healthcare,Americas,8100,Interest Expense,Finance,-0.921,SAP-ECC
2023-04,FY2023,Q2,Healthcare,Americas,9100,Income Tax,Tax,-2.037,SAP-ECC
2023-05,FY2023,Q2,Electronics,APAC,4000,Product Revenue,Revenue,23.662,SAP-ECC
2023-05,FY2023,Q2,Electronics,APAC,4100,Service Revenue,Revenue,11.641,SAP-ECC
2023-05,FY2023,Q2,Electronics,APAC,5000,Cost of Goods Sold,COGS,-19.795,SAP-ECC
2023-05,FY2023,Q2,Electronics,APAC,6100,Salaries & Wages,Opex,-2.64,SAP-ECC
2023-05,FY2023,Q2,Electronics,APAC,6200,Marketing,Opex,-1.028,SAP-ECC
2023-05,FY2023,Q2,Electronics,APAC,6300,R&D,Opex,-1.524,SAP-ECC
2023-05,FY2023,Q2,Electronics,APAC,6400,Travel,Opex,-0.356,SAP-ECC
2023-05,FY2023,Q2,Electronics,APAC,6500,IT & Infrastructure,Opex,-0.907,SAP-ECC
2023-05,FY2023,Q2,Electronics,APAC,6600,General & Admin,Opex,-0.591,SAP-ECC
2023-05,FY2023,Q2,Electronics,APAC,7100,Depreciation,D&A,-1.95,SAP-ECC
2023-05,FY2023,Q2,Electronics,APAC,8100,Interest Expense,Finance,-1.095,SAP-ECC
2023-05,FY2023,Q2,Electronics,APAC,9100,Income Tax,Tax,-2.422,SAP-ECC
2023-05,FY2023,Q2,Electronics,EMEA,4000,Product Revenue,Revenue,29.849,SAP-ECC
2023-05,FY2023,Q2,Electronics,EMEA,4100,Service Revenue,Revenue,12.198,SAP-ECC
2023-05,FY2023,Q2,Electronics,EMEA,5000,Cost of Goods Sold,COGS,-22.78,SAP-ECC
2023-05,FY2023,Q2,Electronics,EMEA,6100,Salaries & Wages,Opex,-3.192,SAP-ECC
2023-05,FY2023,Q2,Electronics,EMEA,6200,Marketing,Opex,-1.266,SAP-ECC
2023-05,FY2023,Q2,Electronics,EMEA,6300,R&D,Opex,-1.608,SAP-ECC
2023-05,FY2023,Q2,Electronics,EMEA,6400,Travel,Opex,-0.427,SAP-ECC
2023-05,FY2023,Q2,Electronics,EMEA,6500,IT & Infrastructure,Opex,-0.998,SAP-ECC
2023-05,FY2023,Q2,Electronics,EMEA,6600,General & Admin,Opex,-0.635,SAP-ECC
2023-05,FY2023,Q2,Electronics,EMEA,7100,Depreciation,D&A,-1.908,SAP-ECC
2023-05,FY2023,Q2,Electronics,EMEA,8100,Interest Expense,Finance,-1.142,SAP-ECC
2023-05,FY2023,Q2,Electronics,EMEA,9100,Income Tax,Tax,-2.552,SAP-ECC
2023-05,FY2023,Q2,Electronics,Americas,4000,Product Revenue,Revenue,35.07,SAP-ECC
2023-05,FY2023,Q2,Electronics,Americas,4100,Service Revenue,Revenue,14.405,SAP-ECC
2023-05,FY2023,Q2,Electronics,Americas,5000,Cost of Goods Sold,COGS,-26.903,SAP-ECC
2023-05,FY2023,Q2,Electronics,Americas,6100,Salaries & Wages,Opex,-3.673,SAP-ECC
2023-05,FY2023,Q2,Electronics,Americas,6200,Marketing,Opex,-1.327,SAP-ECC
2023-05,FY2023,Q2,Electronics,Americas,6300,R&D,Opex,-1.84,SAP-ECC
2023-05,FY2023,Q2,Electronics,Americas,6400,Travel,Opex,-0.459,SAP-ECC
2023-05,FY2023,Q2,Electronics,Americas,6500,IT & Infrastructure,Opex,-1.111,SAP-ECC
2023-05,FY2023,Q2,Electronics,Americas,6600,General & Admin,Opex,-0.771,SAP-ECC
2023-05,FY2023,Q2,Electronics,Americas,7100,Depreciation,D&A,-2.238,SAP-ECC
2023-05,FY2023,Q2,Electronics,Americas,8100,Interest Expense,Finance,-1.366,SAP-ECC
2023-05,FY2023,Q2,Electronics,Americas,9100,Income Tax,Tax,-3.093,SAP-ECC
2023-05,FY2023,Q2,Automotive,APAC,4000,Product Revenue,Revenue,36.451,SAP-ECC
2023-05,FY2023,Q2,Automotive,APAC,4100,Service Revenue,Revenue,13.897,SAP-ECC
2023-05,FY2023,Q2,Automotive,APAC,5000,Cost of Goods Sold,COGS,-27.169,SAP-ECC
2023-05,FY2023,Q2,Automotive,APAC,6100,Salaries & Wages,Opex,-4.049,SAP-ECC
2023-05,FY2023,Q2,Automotive,APAC,6200,Marketing,Opex,-1.484,SAP-ECC
2023-05,FY2023,Q2,Automotive,APAC,6300,R&D,Opex,-1.904,SAP-ECC
2023-05,FY2023,Q2,Automotive,APAC,6400,Travel,Opex,-0.495,SAP-ECC
2023-05,FY2023,Q2,Automotive,APAC,6500,IT & Infrastructure,Opex,-1.292,SAP-ECC
2023-05,FY2023,Q2,Automotive,APAC,6600,General & Admin,Opex,-0.816,SAP-ECC
2023-05,FY2023,Q2,Automotive,APAC,7100,Depreciation,D&A,-2.599,SAP-ECC
2023-05,FY2023,Q2,Automotive,APAC,8100,Interest Expense,Finance,-1.603,SAP-ECC
2023-05,FY2023,Q2,Automotive,APAC,9100,Income Tax,Tax,-3.288,SAP-ECC
2023-05,FY2023,Q2,Automotive,EMEA,4000,Product Revenue,Revenue,38.231,SAP-ECC
2023-05,FY2023,Q2,Automotive,EMEA,4100,Service Revenue,Revenue,15.268,SAP-ECC
2023-05,FY2023,Q2,Automotive,EMEA,5000,Cost of Goods Sold,COGS,-29.882,SAP-ECC
2023-05,FY2023,Q2,Automotive,EMEA,6100,Salaries & Wages,Opex,-4.666,SAP-ECC
2023-05,FY2023,Q2,Automotive,EMEA,6200,Marketing,Opex,-1.78,SAP-ECC
2023-05,FY2023,Q2,Automotive,EMEA,6300,R&D,Opex,-2.413,SAP-ECC
2023-05,FY2023,Q2,Automotive,EMEA,6400,Travel,Opex,-0.55,SAP-ECC
2023-05,FY2023,Q2,Automotive,EMEA,6500,IT & Infrastructure,Opex,-1.398,SAP-ECC
2023-05,FY2023,Q2,Automotive,EMEA,6600,General & Admin,Opex,-0.9,SAP-ECC
2023-05,FY2023,Q2,Automotive,EMEA,7100,Depreciation,D&A,-2.842,SAP-ECC
2023-05,FY2023,Q2,Automotive,EMEA,8100,Interest Expense,Finance,-1.591,SAP-ECC
2023-05,FY2023,Q2,Automotive,EMEA,9100,Income Tax,Tax,-3.313,SAP-ECC
2023-05,FY2023,Q2,Automotive,Americas,4000,Product Revenue,Revenue,46.341,SAP-ECC
2023-05,FY2023,Q2,Automotive,Americas,4100,Service Revenue,Revenue,18.404,SAP-ECC
2023-05,FY2023,Q2,Automotive,Americas,5000,Cost of Goods Sold,COGS,-35.756,SAP-ECC
2023-05,FY2023,Q2,Automotive,Americas,6100,Salaries & Wages,Opex,-5.528,SAP-ECC
2023-05,FY2023,Q2,Automotive,Americas,6200,Marketing,Opex,-1.975,SAP-ECC
2023-05,FY2023,Q2,Automotive,Americas,6300,R&D,Opex,-2.519,SAP-ECC
2023-05,FY2023,Q2,Automotive,Americas,6400,Travel,Opex,-0.666,SAP-ECC
2023-05,FY2023,Q2,Automotive,Americas,6500,IT & Infrastructure,Opex,-1.501,SAP-ECC
2023-05,FY2023,Q2,Automotive,Americas,6600,General & Admin,Opex,-1.095,SAP-ECC
2023-05,FY2023,Q2,Automotive,Americas,7100,Depreciation,D&A,-3.066,SAP-ECC
2023-05,FY2023,Q2,Automotive,Americas,8100,Interest Expense,Finance,-1.971,SAP-ECC
2023-05,FY2023,Q2,Automotive,Americas,9100,Income Tax,Tax,-4.233,SAP-ECC
2023-05,FY2023,Q2,Healthcare,APAC,4000,Product Revenue,Revenue,16.097,SAP-ECC
2023-05,FY2023,Q2,Healthcare,APAC,4100,Service Revenue,Revenue,7.725,SAP-ECC
2023-05,FY2023,Q2,Healthcare,APAC,5000,Cost of Goods Sold,COGS,-12.915,SAP-ECC
2023-05,FY2023,Q2,Healthcare,APAC,6100,Salaries & Wages,Opex,-1.995,SAP-ECC
2023-05,FY2023,Q2,Healthcare,APAC,6200,Marketing,Opex,-0.693,SAP-ECC
2023-05,FY2023,Q2,Healthcare,APAC,6300,R&D,Opex,-0.983,SAP-ECC
2023-05,FY2023,Q2,Healthcare,APAC,6400,Travel,Opex,-0.238,SAP-ECC
2023-05,FY2023,Q2,Healthcare,APAC,6500,IT & Infrastructure,Opex,-0.584,SAP-ECC
2023-05,FY2023,Q2,Healthcare,APAC,6600,General & Admin,Opex,-0.421,SAP-ECC
2023-05,FY2023,Q2,Healthcare,APAC,7100,Depreciation,D&A,-1.229,SAP-ECC
2023-05,FY2023,Q2,Healthcare,APAC,8100,Interest Expense,Finance,-0.787,SAP-ECC
2023-05,FY2023,Q2,Healthcare,APAC,9100,Income Tax,Tax,-1.662,SAP-ECC
2023-05,FY2023,Q2,Healthcare,EMEA,4000,Product Revenue,Revenue,18.67,SAP-ECC
2023-05,FY2023,Q2,Healthcare,EMEA,4100,Service Revenue,Revenue,7.747,SAP-ECC
2023-05,FY2023,Q2,Healthcare,EMEA,5000,Cost of Goods Sold,COGS,-14.032,SAP-ECC
2023-05,FY2023,Q2,Healthcare,EMEA,6100,Salaries & Wages,Opex,-2.248,SAP-ECC
2023-05,FY2023,Q2,Healthcare,EMEA,6200,Marketing,Opex,-0.912,SAP-ECC
2023-05,FY2023,Q2,Healthcare,EMEA,6300,R&D,Opex,-1.086,SAP-ECC
2023-05,FY2023,Q2,Healthcare,EMEA,6400,Travel,Opex,-0.286,SAP-ECC
2023-05,FY2023,Q2,Healthcare,EMEA,6500,IT & Infrastructure,Opex,-0.703,SAP-ECC
2023-05,FY2023,Q2,Healthcare,EMEA,6600,General & Admin,Opex,-0.459,SAP-ECC
2023-05,FY2023,Q2,Healthcare,EMEA,7100,Depreciation,D&A,-1.458,SAP-ECC
2023-05,FY2023,Q2,Healthcare,EMEA,8100,Interest Expense,Finance,-0.904,SAP-ECC
2023-05,FY2023,Q2,Healthcare,EMEA,9100,Income Tax,Tax,-1.65,SAP-ECC
2023-05,FY2023,Q2,Healthcare,Americas,4000,Product Revenue,Revenue,21.435,SAP-ECC
2023-05,FY2023,Q2,Healthcare,Americas,4100,Service Revenue,Revenue,9.423,SAP-ECC
2023-05,FY2023,Q2,Healthcare,Americas,5000,Cost of Goods Sold,COGS,-17.189,SAP-ECC
2023-05,FY2023,Q2,Healthcare,Americas,6100,Salaries & Wages,Opex,-2.76,SAP-ECC
2023-05,FY2023,Q2,Healthcare,Americas,6200,Marketing,Opex,-1.016,SAP-ECC
2023-05,FY2023,Q2,Healthcare,Americas,6300,R&D,Opex,-1.272,SAP-ECC
2023-05,FY2023,Q2,Healthcare,Americas,6400,Travel,Opex,-0.347,SAP-ECC
2023-05,FY2023,Q2,Healthcare,Americas,6500,IT & Infrastructure,Opex,-0.842,SAP-ECC
2023-05,FY2023,Q2,Healthcare,Americas,6600,General & Admin,Opex,-0.504,SAP-ECC
2023-05,FY2023,Q2,Healthcare,Americas,7100,Depreciation,D&A,-1.706,SAP-ECC
2023-05,FY2023,Q2,Healthcare,Americas,8100,Interest Expense,Finance,-1.049,SAP-ECC
2023-05,FY2023,Q2,Healthcare,Americas,9100,Income Tax,Tax,-1.949,SAP-ECC
2023-06,FY2023,Q2,Electronics,APAC,4000,Product Revenue,Revenue,26.9,SAP-ECC
2023-06,FY2023,Q2,Electronics,APAC,4100,Service Revenue,Revenue,11.811,SAP-ECC
2023-06,FY2023,Q2,Electronics,APAC,5000,Cost of Goods Sold,COGS,-18.601,SAP-ECC
2023-06,FY2023,Q2,Electronics,APAC,6100,Salaries & Wages,Opex,-2.663,SAP-ECC
2023-06,FY2023,Q2,Electronics,APAC,6200,Marketing,Opex,-1.054,SAP-ECC
2023-06,FY2023,Q2,Electronics,APAC,6300,R&D,Opex,-1.5,SAP-ECC
2023-06,FY2023,Q2,Electronics,APAC,6400,Travel,Opex,-0.393,SAP-ECC
2023-06,FY2023,Q2,Electronics,APAC,6500,IT & Infrastructure,Opex,-0.857,SAP-ECC
2023-06,FY2023,Q2,Electronics,APAC,6600,General & Admin,Opex,-0.604,SAP-ECC
2023-06,FY2023,Q2,Electronics,APAC,7100,Depreciation,D&A,-1.681,SAP-ECC
2023-06,FY2023,Q2,Electronics,APAC,8100,Interest Expense,Finance,-1.128,SAP-ECC
2023-06,FY2023,Q2,Electronics,APAC,9100,Income Tax,Tax,-2.324,SAP-ECC
2023-06,FY2023,Q2,Electronics,EMEA,4000,Product Revenue,Revenue,26.274,SAP-ECC
2023-06,FY2023,Q2,Electronics,EMEA,4100,Service Revenue,Revenue,12.709,SAP-ECC
2023-06,FY2023,Q2,Electronics,EMEA,5000,Cost of Goods Sold,COGS,-23.607,SAP-ECC
2023-06,FY2023,Q2,Electronics,EMEA,6100,Salaries & Wages,Opex,-3.29,SAP-ECC
2023-06,FY2023,Q2,Electronics,EMEA,6200,Marketing,Opex,-1.13,SAP-ECC
2023-06,FY2023,Q2,Electronics,EMEA,6300,R&D,Opex,-1.755,SAP-ECC
2023-06,FY2023,Q2,Electronics,EMEA,6400,Travel,Opex,-0.424,SAP-ECC
2023-06,FY2023,Q2,Electronics,EMEA,6500,IT & Infrastructure,Opex,-0.943,SAP-ECC
2023-06,FY2023,Q2,Electronics,EMEA,6600,General & Admin,Opex,-0.638,SAP-ECC
2023-06,FY2023,Q2,Electronics,EMEA,7100,Depreciation,D&A,-1.973,SAP-ECC
2023-06,FY2023,Q2,Electronics,EMEA,8100,Interest Expense,Finance,-1.213,SAP-ECC
2023-06,FY2023,Q2,Electronics,EMEA,9100,Income Tax,Tax,-2.454,SAP-ECC
2023-06,FY2023,Q2,Electronics,Americas,4000,Product Revenue,Revenue,36.05,SAP-ECC
2023-06,FY2023,Q2,Electronics,Americas,4100,Service Revenue,Revenue,15.379,SAP-ECC
2023-06,FY2023,Q2,Electronics,Americas,5000,Cost of Goods Sold,COGS,-24.79,SAP-ECC
2023-06,FY2023,Q2,Electronics,Americas,6100,Salaries & Wages,Opex,-4.197,SAP-ECC
2023-06,FY2023,Q2,Electronics,Americas,6200,Marketing,Opex,-1.49,SAP-ECC
2023-06,FY2023,Q2,Electronics,Americas,6300,R&D,Opex,-2.053,SAP-ECC
2023-06,FY2023,Q2,Electronics,Americas,6400,Travel,Opex,-0.503,SAP-ECC
2023-06,FY2023,Q2,Electronics,Americas,6500,IT & Infrastructure,Opex,-1.15,SAP-ECC
2023-06,FY2023,Q2,Electronics,Americas,6600,General & Admin,Opex,-0.808,SAP-ECC
2023-06,FY2023,Q2,Electronics,Americas,7100,Depreciation,D&A,-2.625,SAP-ECC
2023-06,FY2023,Q2,Electronics,Americas,8100,Interest Expense,Finance,-1.395,SAP-ECC
2023-06,FY2023,Q2,Electronics,Americas,9100,Income Tax,Tax,-3.196,SAP-ECC
2023-06,FY2023,Q2,Automotive,APAC,4000,Product Revenue,Revenue,35.875,SAP-ECC
2023-06,FY2023,Q2,Automotive,APAC,4100,Service Revenue,Revenue,15.226,SAP-ECC
2023-06,FY2023,Q2,Automotive,APAC,5000,Cost of Goods Sold,COGS,-27.676,SAP-ECC
2023-06,FY2023,Q2,Automotive,APAC,6100,Salaries & Wages,Opex,-4.24,SAP-ECC
2023-06,FY2023,Q2,Automotive,APAC,6200,Marketing,Opex,-1.464,SAP-ECC
2023-06,FY2023,Q2,Automotive,APAC,6300,R&D,Opex,-2.164,SAP-ECC
2023-06,FY2023,Q2,Automotive,APAC,6400,Travel,Opex,-0.539,SAP-ECC
2023-06,FY2023,Q2,Automotive,APAC,6500,IT & Infrastructure,Opex,-1.132,SAP-ECC
2023-06,FY2023,Q2,Automotive,APAC,6600,General & Admin,Opex,-0.87,SAP-ECC
2023-06,FY2023,Q2,Automotive,APAC,7100,Depreciation,D&A,-2.429,SAP-ECC
2023-06,FY2023,Q2,Automotive,APAC,8100,Interest Expense,Finance,-1.518,SAP-ECC
2023-06,FY2023,Q2,Automotive,APAC,9100,Income Tax,Tax,-3.244,SAP-ECC
2023-06,FY2023,Q2,Automotive,EMEA,4000,Product Revenue,Revenue,38.738,SAP-ECC
2023-06,FY2023,Q2,Automotive,EMEA,4100,Service Revenue,Revenue,15.543,SAP-ECC
2023-06,FY2023,Q2,Automotive,EMEA,5000,Cost of Goods Sold,COGS,-33.054,SAP-ECC
2023-06,FY2023,Q2,Automotive,EMEA,6100,Salaries & Wages,Opex,-4.268,SAP-ECC
2023-06,FY2023,Q2,Automotive,EMEA,6200,Marketing,Opex,-1.61,SAP-ECC
2023-06,FY2023,Q2,Automotive,EMEA,6300,R&D,Opex,-2.382,SAP-ECC
2023-06,FY2023,Q2,Automotive,EMEA,6400,Travel,Opex,-0.55,SAP-ECC
2023-06,FY2023,Q2,Automotive,EMEA,6500,IT & Infrastructure,Opex,-1.449,SAP-ECC
2023-06,FY2023,Q2,Automotive,EMEA,6600,General & Admin,Opex,-0.937,SAP-ECC
2023-06,FY2023,Q2,Automotive,EMEA,7100,Depreciation,D&A,-2.715,SAP-ECC
2023-06,FY2023,Q2,Automotive,EMEA,8100,Interest Expense,Finance,-1.549,SAP-ECC
2023-06,FY2023,Q2,Automotive,EMEA,9100,Income Tax,Tax,-3.817,SAP-ECC
2023-06,FY2023,Q2,Automotive,Americas,4000,Product Revenue,Revenue,44.002,SAP-ECC
2023-06,FY2023,Q2,Automotive,Americas,4100,Service Revenue,Revenue,21.16,SAP-ECC
2023-06,FY2023,Q2,Automotive,Americas,5000,Cost of Goods Sold,COGS,-37.254,SAP-ECC
2023-06,FY2023,Q2,Automotive,Americas,6100,Salaries & Wages,Opex,-5.68,SAP-ECC
2023-06,FY2023,Q2,Automotive,Americas,6200,Marketing,Opex,-2.105,SAP-ECC
2023-06,FY2023,Q2,Automotive,Americas,6300,R&D,Opex,-2.785,SAP-ECC
2023-06,FY2023,Q2,Automotive,Americas,6400,Travel,Opex,-0.678,SAP-ECC
2023-06,FY2023,Q2,Automotive,Americas,6500,IT & Infrastructure,Opex,-1.714,SAP-ECC
2023-06,FY2023,Q2,Automotive,Americas,6600,General & Admin,Opex,-1.007,SAP-ECC
2023-06,FY2023,Q2,Automotive,Americas,7100,Depreciation,D&A,-3.225,SAP-ECC
2023-06,FY2023,Q2,Automotive,Americas,8100,Interest Expense,Finance,-2.106,SAP-ECC
2023-06,FY2023,Q2,Automotive,Americas,9100,Income Tax,Tax,-4.095,SAP-ECC
2023-06,FY2023,Q2,Healthcare,APAC,4000,Product Revenue,Revenue,18.075,SAP-ECC
2023-06,FY2023,Q2,Healthcare,APAC,4100,Service Revenue,Revenue,7.599,SAP-ECC
2023-06,FY2023,Q2,Healthcare,APAC,5000,Cost of Goods Sold,COGS,-14.076,SAP-ECC
2023-06,FY2023,Q2,Healthcare,APAC,6100,Salaries & Wages,Opex,-2.009,SAP-ECC
2023-06,FY2023,Q2,Healthcare,APAC,6200,Marketing,Opex,-0.797,SAP-ECC
2023-06,FY2023,Q2,Healthcare,APAC,6300,R&D,Opex,-0.987,SAP-ECC
2023-06,FY2023,Q2,Healthcare,APAC,6400,Travel,Opex,-0.264,SAP-ECC
2023-06,FY2023,Q2,Healthcare,APAC,6500,IT & Infrastructure,Opex,-0.586,SAP-ECC
2023-06,FY2023,Q2,Healthcare,APAC,6600,General & Admin,Opex,-0.389,SAP-ECC
2023-06,FY2023,Q2,Healthcare,APAC,7100,Depreciation,D&A,-1.187,SAP-ECC
2023-06,FY2023,Q2,Healthcare,APAC,8100,Interest Expense,Finance,-0.722,SAP-ECC
2023-06,FY2023,Q2,Healthcare,APAC,9100,Income Tax,Tax,-1.483,SAP-ECC
2023-06,FY2023,Q2,Healthcare,EMEA,4000,Product Revenue,Revenue,19.923,SAP-ECC
2023-06,FY2023,Q2,Healthcare,EMEA,4100,Service Revenue,Revenue,8.88,SAP-ECC
2023-06,FY2023,Q2,Healthcare,EMEA,5000,Cost of Goods Sold,COGS,-14.681,SAP-ECC
2023-06,FY2023,Q2,Healthcare,EMEA,6100,Salaries & Wages,Opex,-2.148,SAP-ECC
2023-06,FY2023,Q2,Healthcare,EMEA,6200,Marketing,Opex,-0.846,SAP-ECC
2023-06,FY2023,Q2,Healthcare,EMEA,6300,R&D,Opex,-1.176,SAP-ECC
2023-06,FY2023,Q2,Healthcare,EMEA,6400,Travel,Opex,-0.307,SAP-ECC
2023-06,FY2023,Q2,Healthcare,EMEA,6500,IT & Infrastructure,Opex,-0.682,SAP-ECC
2023-06,FY2023,Q2,Healthcare,EMEA,6600,General & Admin,Opex,-0.435,SAP-ECC
2023-06,FY2023,Q2,Healthcare,EMEA,7100,Depreciation,D&A,-1.313,SAP-ECC
2023-06,FY2023,Q2,Healthcare,EMEA,8100,Interest Expense,Finance,-0.802,SAP-ECC
2023-06,FY2023,Q2,Healthcare,EMEA,9100,Income Tax,Tax,-1.682,SAP-ECC
2023-06,FY2023,Q2,Healthcare,Americas,4000,Product Revenue,Revenue,22.398,SAP-ECC
2023-06,FY2023,Q2,Healthcare,Americas,4100,Service Revenue,Revenue,9.299,SAP-ECC
2023-06,FY2023,Q2,Healthcare,Americas,5000,Cost of Goods Sold,COGS,-18.778,SAP-ECC
2023-06,FY2023,Q2,Healthcare,Americas,6100,Salaries & Wages,Opex,-2.606,SAP-ECC
2023-06,FY2023,Q2,Healthcare,Americas,6200,Marketing,Opex,-1.104,SAP-ECC
2023-06,FY2023,Q2,Healthcare,Americas,6300,R&D,Opex,-1.37,SAP-ECC
2023-06,FY2023,Q2,Healthcare,Americas,6400,Travel,Opex,-0.351,SAP-ECC
2023-06,FY2023,Q2,Healthcare,Americas,6500,IT & Infrastructure,Opex,-0.76,SAP-ECC
2023-06,FY2023,Q2,Healthcare,Americas,6600,General & Admin,Opex,-0.579,SAP-ECC
2023-06,FY2023,Q2,Healthcare,Americas,7100,Depreciation,D&A,-1.694,SAP-ECC
2023-06,FY2023,Q2,Healthcare,Americas,8100,Interest Expense,Finance,-1.086,SAP-ECC
2023-06,FY2023,Q2,Healthcare,Americas,9100,Income Tax,Tax,-2.149,SAP-ECC
2023-07,FY2023,Q3,Electronics,APAC,4000,Product Revenue,Revenue,25.651,SAP-ECC
2023-07,FY2023,Q3,Electronics,APAC,4100,Service Revenue,Revenue,10.936,SAP-ECC
2023-07,FY2023,Q3,Electronics,APAC,5000,Cost of Goods Sold,COGS,-19.125,SAP-ECC
2023-07,FY2023,Q3,Electronics,APAC,6100,Salaries & Wages,Opex,-2.712,SAP-ECC
2023-07,FY2023,Q3,Electronics,APAC,6200,Marketing,Opex,-1.192,SAP-ECC
2023-07,FY2023,Q3,Electronics,APAC,6300,R&D,Opex,-1.468,SAP-ECC
2023-07,FY2023,Q3,Electronics,APAC,6400,Travel,Opex,-0.39,SAP-ECC
2023-07,FY2023,Q3,Electronics,APAC,6500,IT & Infrastructure,Opex,-0.869,SAP-ECC
2023-07,FY2023,Q3,Electronics,APAC,6600,General & Admin,Opex,-0.545,SAP-ECC
2023-07,FY2023,Q3,Electronics,APAC,7100,Depreciation,D&A,-1.885,SAP-ECC
2023-07,FY2023,Q3,Electronics,APAC,8100,Interest Expense,Finance,-1.017,SAP-ECC
2023-07,FY2023,Q3,Electronics,APAC,9100,Income Tax,Tax,-2.159,SAP-ECC
2023-07,FY2023,Q3,Electronics,EMEA,4000,Product Revenue,Revenue,28.978,SAP-ECC
2023-07,FY2023,Q3,Electronics,EMEA,4100,Service Revenue,Revenue,11.852,SAP-ECC
2023-07,FY2023,Q3,Electronics,EMEA,5000,Cost of Goods Sold,COGS,-24.498,SAP-ECC
2023-07,FY2023,Q3,Electronics,EMEA,6100,Salaries & Wages,Opex,-3.052,SAP-ECC
2023-07,FY2023,Q3,Electronics,EMEA,6200,Marketing,Opex,-1.286,SAP-ECC
2023-07,FY2023,Q3,Electronics,EMEA,6300,R&D,Opex,-1.669,SAP-ECC
2023-07,FY2023,Q3,Electronics,EMEA,6400,Travel,Opex,-0.431,SAP-ECC
2023-07,FY2023,Q3,Electronics,EMEA,6500,IT & Infrastructure,Opex,-0.934,SAP-ECC
2023-07,FY2023,Q3,Electronics,EMEA,6600,General & Admin,Opex,-0.658,SAP-ECC
2023-07,FY2023,Q3,Electronics,EMEA,7100,Depreciation,D&A,-2.029,SAP-ECC
2023-07,FY2023,Q3,Electronics,EMEA,8100,Interest Expense,Finance,-1.216,SAP-ECC
2023-07,FY2023,Q3,Electronics,EMEA,9100,Income Tax,Tax,-2.723,SAP-ECC
2023-07,FY2023,Q3,Electronics,Americas,4000,Product Revenue,Revenue,37.392,SAP-ECC
2023-07,FY2023,Q3,Electronics,Americas,4100,Service Revenue,Revenue,14.227,SAP-ECC
2023-07,FY2023,Q3,Electronics,Americas,5000,Cost of Goods Sold,COGS,-27.602,SAP-ECC
2023-07,FY2023,Q3,Electronics,Americas,6100,Salaries & Wages,Opex,-4.007,SAP-ECC
2023-07,FY2023,Q3,Electronics,Americas,6200,Marketing,Opex,-1.537,SAP-ECC
2023-07,FY2023,Q3,Electronics,Americas,6300,R&D,Opex,-2.122,SAP-ECC
2023-07,FY2023,Q3,Electronics,Americas,6400,Travel,Opex,-0.466,SAP-ECC
2023-07,FY2023,Q3,Electronics,Americas,6500,IT & Infrastructure,Opex,-1.118,SAP-ECC
2023-07,FY2023,Q3,Electronics,Americas,6600,General & Admin,Opex,-0.808,SAP-ECC
2023-07,FY2023,Q3,Electronics,Americas,7100,Depreciation,D&A,-2.306,SAP-ECC
2023-07,FY2023,Q3,Electronics,Americas,8100,Interest Expense,Finance,-1.388,SAP-ECC
2023-07,FY2023,Q3,Electronics,Americas,9100,Income Tax,Tax,-2.838,SAP-ECC
2023-07,FY2023,Q3,Automotive,APAC,4000,Product Revenue,Revenue,32.908,SAP-ECC
2023-07,FY2023,Q3,Automotive,APAC,4100,Service Revenue,Revenue,15.338,SAP-ECC
2023-07,FY2023,Q3,Automotive,APAC,5000,Cost of Goods Sold,COGS,-28.845,SAP-ECC
2023-07,FY2023,Q3,Automotive,APAC,6100,Salaries & Wages,Opex,-3.973,SAP-ECC
2023-07,FY2023,Q3,Automotive,APAC,6200,Marketing,Opex,-1.473,SAP-ECC
2023-07,FY2023,Q3,Automotive,APAC,6300,R&D,Opex,-2.139,SAP-ECC
2023-07,FY2023,Q3,Automotive,APAC,6400,Travel,Opex,-0.534,SAP-ECC
2023-07,FY2023,Q3,Automotive,APAC,6500,IT & Infrastructure,Opex,-1.228,SAP-ECC
2023-07,FY2023,Q3,Automotive,APAC,6600,General & Admin,Opex,-0.853,SAP-ECC
2023-07,FY2023,Q3,Automotive,APAC,7100,Depreciation,D&A,-2.774,SAP-ECC
2023-07,FY2023,Q3,Automotive,APAC,8100,Interest Expense,Finance,-1.627,SAP-ECC
2023-07,FY2023,Q3,Automotive,APAC,9100,Income Tax,Tax,-3.296,SAP-ECC
2023-07,FY2023,Q3,Automotive,EMEA,4000,Product Revenue,Revenue,41.272,SAP-ECC
2023-07,FY2023,Q3,Automotive,EMEA,4100,Service Revenue,Revenue,18.523,SAP-ECC
2023-07,FY2023,Q3,Automotive,EMEA,5000,Cost of Goods Sold,COGS,-31.102,SAP-ECC
2023-07,FY2023,Q3,Automotive,EMEA,6100,Salaries & Wages,Opex,-4.622,SAP-ECC
2023-07,FY2023,Q3,Automotive,EMEA,6200,Marketing,Opex,-1.765,SAP-ECC
2023-07,FY2023,Q3,Automotive,EMEA,6300,R&D,Opex,-2.459,SAP-ECC
2023-07,FY2023,Q3,Automotive,EMEA,6400,Travel,Opex,-0.607,SAP-ECC
2023-07,FY2023,Q3,Automotive,EMEA,6500,IT & Infrastructure,Opex,-1.27,SAP-ECC
2023-07,FY2023,Q3,Automotive,EMEA,6600,General & Admin,Opex,-0.862,SAP-ECC
2023-07,FY2023,Q3,Automotive,EMEA,7100,Depreciation,D&A,-2.767,SAP-ECC
2023-07,FY2023,Q3,Automotive,EMEA,8100,Interest Expense,Finance,-1.796,SAP-ECC
2023-07,FY2023,Q3,Automotive,EMEA,9100,Income Tax,Tax,-3.626,SAP-ECC
2023-07,FY2023,Q3,Automotive,Americas,4000,Product Revenue,Revenue,46.33,SAP-ECC
2023-07,FY2023,Q3,Automotive,Americas,4100,Service Revenue,Revenue,19.252,SAP-ECC
2023-07,FY2023,Q3,Automotive,Americas,5000,Cost of Goods Sold,COGS,-39.099,SAP-ECC
2023-07,FY2023,Q3,Automotive,Americas,6100,Salaries & Wages,Opex,-5.698,SAP-ECC
2023-07,FY2023,Q3,Automotive,Americas,6200,Marketing,Opex,-2.226,SAP-ECC
2023-07,FY2023,Q3,Automotive,Americas,6300,R&D,Opex,-2.751,SAP-ECC
2023-07,FY2023,Q3,Automotive,Americas,6400,Travel,Opex,-0.687,SAP-ECC
2023-07,FY2023,Q3,Automotive,Americas,6500,IT & Infrastructure,Opex,-1.527,SAP-ECC
2023-07,FY2023,Q3,Automotive,Americas,6600,General & Admin,Opex,-1.01,SAP-ECC
2023-07,FY2023,Q3,Automotive,Americas,7100,Depreciation,D&A,-3.397,SAP-ECC
2023-07,FY2023,Q3,Automotive,Americas,8100,Interest Expense,Finance,-1.998,SAP-ECC
2023-07,FY2023,Q3,Automotive,Americas,9100,Income Tax,Tax,-4.107,SAP-ECC
2023-07,FY2023,Q3,Healthcare,APAC,4000,Product Revenue,Revenue,16.739,SAP-ECC
2023-07,FY2023,Q3,Healthcare,APAC,4100,Service Revenue,Revenue,8.374,SAP-ECC
2023-07,FY2023,Q3,Healthcare,APAC,5000,Cost of Goods Sold,COGS,-15.035,SAP-ECC
2023-07,FY2023,Q3,Healthcare,APAC,6100,Salaries & Wages,Opex,-2.091,SAP-ECC
2023-07,FY2023,Q3,Healthcare,APAC,6200,Marketing,Opex,-0.836,SAP-ECC
2023-07,FY2023,Q3,Healthcare,APAC,6300,R&D,Opex,-1.124,SAP-ECC
2023-07,FY2023,Q3,Healthcare,APAC,6400,Travel,Opex,-0.266,SAP-ECC
2023-07,FY2023,Q3,Healthcare,APAC,6500,IT & Infrastructure,Opex,-0.594,SAP-ECC
2023-07,FY2023,Q3,Healthcare,APAC,6600,General & Admin,Opex,-0.379,SAP-ECC
2023-07,FY2023,Q3,Healthcare,APAC,7100,Depreciation,D&A,-1.348,SAP-ECC
2023-07,FY2023,Q3,Healthcare,APAC,8100,Interest Expense,Finance,-0.77,SAP-ECC
2023-07,FY2023,Q3,Healthcare,APAC,9100,Income Tax,Tax,-1.655,SAP-ECC
2023-07,FY2023,Q3,Healthcare,EMEA,4000,Product Revenue,Revenue,21.547,SAP-ECC
2023-07,FY2023,Q3,Healthcare,EMEA,4100,Service Revenue,Revenue,8.109,SAP-ECC
2023-07,FY2023,Q3,Healthcare,EMEA,5000,Cost of Goods Sold,COGS,-16.001,SAP-ECC
2023-07,FY2023,Q3,Healthcare,EMEA,6100,Salaries & Wages,Opex,-2.348,SAP-ECC
2023-07,FY2023,Q3,Healthcare,EMEA,6200,Marketing,Opex,-0.858,SAP-ECC
2023-07,FY2023,Q3,Healthcare,EMEA,6300,R&D,Opex,-1.063,SAP-ECC
2023-07,FY2023,Q3,Healthcare,EMEA,6400,Travel,Opex,-0.279,SAP-ECC
2023-07,FY2023,Q3,Healthcare,EMEA,6500,IT & Infrastructure,Opex,-0.667,SAP-ECC
2023-07,FY2023,Q3,Healthcare,EMEA,6600,General & Admin,Opex,-0.472,SAP-ECC
2023-07,FY2023,Q3,Healthcare,EMEA,7100,Depreciation,D&A,-1.524,SAP-ECC
2023-07,FY2023,Q3,Healthcare,EMEA,8100,Interest Expense,Finance,-0.834,SAP-ECC
2023-07,FY2023,Q3,Healthcare,EMEA,9100,Income Tax,Tax,-1.853,SAP-ECC
2023-07,FY2023,Q3,Healthcare,Americas,4000,Product Revenue,Revenue,23.163,SAP-ECC
2023-07,FY2023,Q3,Healthcare,Americas,4100,Service Revenue,Revenue,11.135,SAP-ECC
2023-07,FY2023,Q3,Healthcare,Americas,5000,Cost of Goods Sold,COGS,-19.971,SAP-ECC
2023-07,FY2023,Q3,Healthcare,Americas,6100,Salaries & Wages,Opex,-2.776,SAP-ECC
2023-07,FY2023,Q3,Healthcare,Americas,6200,Marketing,Opex,-1.023,SAP-ECC
2023-07,FY2023,Q3,Healthcare,Americas,6300,R&D,Opex,-1.33,SAP-ECC
2023-07,FY2023,Q3,Healthcare,Americas,6400,Travel,Opex,-0.333,SAP-ECC
2023-07,FY2023,Q3,Healthcare,Americas,6500,IT & Infrastructure,Opex,-0.894,SAP-ECC
2023-07,FY2023,Q3,Healthcare,Americas,6600,General & Admin,Opex,-0.541,SAP-ECC
2023-07,FY2023,Q3,Healthcare,Americas,7100,Depreciation,D&A,-1.724,SAP-ECC
2023-07,FY2023,Q3,Healthcare,Americas,8100,Interest Expense,Finance,-1.121,SAP-ECC
2023-07,FY2023,Q3,Healthcare,Americas,9100,Income Tax,Tax,-2.21,SAP-ECC
2023-08,FY2023,Q3,Electronics,APAC,4000,Product Revenue,Revenue,26.329,SAP-ECC
2023-08,FY2023,Q3,Electronics,APAC,4100,Service Revenue,Revenue,11.026,SAP-ECC
2023-08,FY2023,Q3,Electronics,APAC,5000,Cost of Goods Sold,COGS,-19.388,SAP-ECC
2023-08,FY2023,Q3,Electronics,APAC,6100,Salaries & Wages,Opex,-2.913,SAP-ECC
2023-08,FY2023,Q3,Electronics,APAC,6200,Marketing,Opex,-1.171,SAP-ECC
2023-08,FY2023,Q3,Electronics,APAC,6300,R&D,Opex,-1.527,SAP-ECC
2023-08,FY2023,Q3,Electronics,APAC,6400,Travel,Opex,-0.391,SAP-ECC
2023-08,FY2023,Q3,Electronics,APAC,6500,IT & Infrastructure,Opex,-0.849,SAP-ECC
2023-08,FY2023,Q3,Electronics,APAC,6600,General & Admin,Opex,-0.603,SAP-ECC
2023-08,FY2023,Q3,Electronics,APAC,7100,Depreciation,D&A,-2.009,SAP-ECC
2023-08,FY2023,Q3,Electronics,APAC,8100,Interest Expense,Finance,-1.108,SAP-ECC
2023-08,FY2023,Q3,Electronics,APAC,9100,Income Tax,Tax,-2.416,SAP-ECC
2023-08,FY2023,Q3,Electronics,EMEA,4000,Product Revenue,Revenue,27.075,SAP-ECC
2023-08,FY2023,Q3,Electronics,EMEA,4100,Service Revenue,Revenue,13.492,SAP-ECC
2023-08,FY2023,Q3,Electronics,EMEA,5000,Cost of Goods Sold,COGS,-23.255,SAP-ECC
2023-08,FY2023,Q3,Electronics,EMEA,6100,Salaries & Wages,Opex,-3.164,SAP-ECC
2023-08,FY2023,Q3,Electronics,EMEA,6200,Marketing,Opex,-1.169,SAP-ECC
2023-08,FY2023,Q3,Electronics,EMEA,6300,R&D,Opex,-1.674,SAP-ECC
2023-08,FY2023,Q3,Electronics,EMEA,6400,Travel,Opex,-0.419,SAP-ECC
2023-08,FY2023,Q3,Electronics,EMEA,6500,IT & Infrastructure,Opex,-0.923,SAP-ECC
2023-08,FY2023,Q3,Electronics,EMEA,6600,General & Admin,Opex,-0.722,SAP-ECC
2023-08,FY2023,Q3,Electronics,EMEA,7100,Depreciation,D&A,-2.226,SAP-ECC
2023-08,FY2023,Q3,Electronics,EMEA,8100,Interest Expense,Finance,-1.236,SAP-ECC
2023-08,FY2023,Q3,Electronics,EMEA,9100,Income Tax,Tax,-2.416,SAP-ECC
2023-08,FY2023,Q3,Electronics,Americas,4000,Product Revenue,Revenue,36.903,SAP-ECC
2023-08,FY2023,Q3,Electronics,Americas,4100,Service Revenue,Revenue,14.928,SAP-ECC
2023-08,FY2023,Q3,Electronics,Americas,5000,Cost of Goods Sold,COGS,-28.432,SAP-ECC
2023-08,FY2023,Q3,Electronics,Americas,6100,Salaries & Wages,Opex,-3.988,SAP-ECC
2023-08,FY2023,Q3,Electronics,Americas,6200,Marketing,Opex,-1.433,SAP-ECC
2023-08,FY2023,Q3,Electronics,Americas,6300,R&D,Opex,-2.11,SAP-ECC
2023-08,FY2023,Q3,Electronics,Americas,6400,Travel,Opex,-0.54,SAP-ECC
2023-08,FY2023,Q3,Electronics,Americas,6500,IT & Infrastructure,Opex,-1.14,SAP-ECC
2023-08,FY2023,Q3,Electronics,Americas,6600,General & Admin,Opex,-0.804,SAP-ECC
2023-08,FY2023,Q3,Electronics,Americas,7100,Depreciation,D&A,-2.437,SAP-ECC
2023-08,FY2023,Q3,Electronics,Americas,8100,Interest Expense,Finance,-1.605,SAP-ECC
2023-08,FY2023,Q3,Electronics,Americas,9100,Income Tax,Tax,-3.115,SAP-ECC
2023-08,FY2023,Q3,Automotive,APAC,4000,Product Revenue,Revenue,39.056,SAP-ECC
2023-08,FY2023,Q3,Automotive,APAC,4100,Service Revenue,Revenue,16.696,SAP-ECC
2023-08,FY2023,Q3,Automotive,APAC,5000,Cost of Goods Sold,COGS,-27.598,SAP-ECC
2023-08,FY2023,Q3,Automotive,APAC,6100,Salaries & Wages,Opex,-4.397,SAP-ECC
2023-08,FY2023,Q3,Automotive,APAC,6200,Marketing,Opex,-1.544,SAP-ECC
2023-08,FY2023,Q3,Automotive,APAC,6300,R&D,Opex,-2.252,SAP-ECC
2023-08,FY2023,Q3,Automotive,APAC,6400,Travel,Opex,-0.523,SAP-ECC
2023-08,FY2023,Q3,Automotive,APAC,6500,IT & Infrastructure,Opex,-1.326,SAP-ECC
2023-08,FY2023,Q3,Automotive,APAC,6600,General & Admin,Opex,-0.804,SAP-ECC
2023-08,FY2023,Q3,Automotive,APAC,7100,Depreciation,D&A,-2.519,SAP-ECC
2023-08,FY2023,Q3,Automotive,APAC,8100,Interest Expense,Finance,-1.592,SAP-ECC
2023-08,FY2023,Q3,Automotive,APAC,9100,Income Tax,Tax,-3.557,SAP-ECC
2023-08,FY2023,Q3,Automotive,EMEA,4000,Product Revenue,Revenue,40.573,SAP-ECC
2023-08,FY2023,Q3,Automotive,EMEA,4100,Service Revenue,Revenue,16.329,SAP-ECC
2023-08,FY2023,Q3,Automotive,EMEA,5000,Cost of Goods Sold,COGS,-32.157,SAP-ECC
2023-08,FY2023,Q3,Automotive,EMEA,6100,Salaries & Wages,Opex,-4.517,SAP-ECC
2023-08,FY2023,Q3,Automotive,EMEA,6200,Marketing,Opex,-1.758,SAP-ECC
2023-08,FY2023,Q3,Automotive,EMEA,6300,R&D,Opex,-2.341,SAP-ECC
2023-08,FY2023,Q3,Automotive,EMEA,6400,Travel,Opex,-0.576,SAP-ECC
2023-08,FY2023,Q3,Automotive,EMEA,6500,IT & Infrastructure,Opex,-1.349,SAP-ECC
2023-08,FY2023,Q3,Automotive,EMEA,6600,General & Admin,Opex,-0.878,SAP-ECC
2023-08,FY2023,Q3,Automotive,EMEA,7100,Depreciation,D&A,-3.006,SAP-ECC
2023-08,FY2023,Q3,Automotive,EMEA,8100,Interest Expense,Finance,-1.764,SAP-ECC
2023-08,FY2023,Q3,Automotive,EMEA,9100,Income Tax,Tax,-3.457,SAP-ECC
2023-08,FY2023,Q3,Automotive,Americas,4000,Product Revenue,Revenue,51.173,SAP-ECC
2023-08,FY2023,Q3,Automotive,Americas,4100,Service Revenue,Revenue,19.204,SAP-ECC
2023-08,FY2023,Q3,Automotive,Americas,5000,Cost of Goods Sold,COGS,-39.996,SAP-ECC
2023-08,FY2023,Q3,Automotive,Americas,6100,Salaries & Wages,Opex,-5.778,SAP-ECC
2023-08,FY2023,Q3,Automotive,Americas,6200,Marketing,Opex,-2.206,SAP-ECC
2023-08,FY2023,Q3,Automotive,Americas,6300,R&D,Opex,-2.731,SAP-ECC
2023-08,FY2023,Q3,Automotive,Americas,6400,Travel,Opex,-0.717,SAP-ECC
2023-08,FY2023,Q3,Automotive,Americas,6500,IT & Infrastructure,Opex,-1.768,SAP-ECC
2023-08,FY2023,Q3,Automotive,Americas,6600,General & Admin,Opex,-1.21,SAP-ECC
2023-08,FY2023,Q3,Automotive,Americas,7100,Depreciation,D&A,-3.481,SAP-ECC
2023-08,FY2023,Q3,Automotive,Americas,8100,Interest Expense,Finance,-1.918,SAP-ECC
2023-08,FY2023,Q3,Automotive,Americas,9100,Income Tax,Tax,-4.357,SAP-ECC
2023-08,FY2023,Q3,Healthcare,APAC,4000,Product Revenue,Revenue,18.585,SAP-ECC
2023-08,FY2023,Q3,Healthcare,APAC,4100,Service Revenue,Revenue,8.356,SAP-ECC
2023-08,FY2023,Q3,Healthcare,APAC,5000,Cost of Goods Sold,COGS,-15.33,SAP-ECC
2023-08,FY2023,Q3,Healthcare,APAC,6100,Salaries & Wages,Opex,-2.068,SAP-ECC
2023-08,FY2023,Q3,Healthcare,APAC,6200,Marketing,Opex,-0.788,SAP-ECC
2023-08,FY2023,Q3,Healthcare,APAC,6300,R&D,Opex,-1.037,SAP-ECC
2023-08,FY2023,Q3,Healthcare,APAC,6400,Travel,Opex,-0.272,SAP-ECC
2023-08,FY2023,Q3,Healthcare,APAC,6500,IT & Infrastructure,Opex,-0.617,SAP-ECC
2023-08,FY2023,Q3,Healthcare,APAC,6600,General & Admin,Opex,-0.43,SAP-ECC
2023-08,FY2023,Q3,Healthcare,APAC,7100,Depreciation,D&A,-1.226,SAP-ECC
2023-08,FY2023,Q3,Healthcare,APAC,8100,Interest Expense,Finance,-0.78,SAP-ECC
2023-08,FY2023,Q3,Healthcare,APAC,9100,Income Tax,Tax,-1.77,SAP-ECC
2023-08,FY2023,Q3,Healthcare,EMEA,4000,Product Revenue,Revenue,19.739,SAP-ECC
2023-08,FY2023,Q3,Healthcare,EMEA,4100,Service Revenue,Revenue,9.009,SAP-ECC
2023-08,FY2023,Q3,Healthcare,EMEA,5000,Cost of Goods Sold,COGS,-16.395,SAP-ECC
2023-08,FY2023,Q3,Healthcare,EMEA,6100,Salaries & Wages,Opex,-2.468,SAP-ECC
2023-08,FY2023,Q3,Healthcare,EMEA,6200,Marketing,Opex,-0.926,SAP-ECC
2023-08,FY2023,Q3,Healthcare,EMEA,6300,R&D,Opex,-1.236,SAP-ECC
2023-08,FY2023,Q3,Healthcare,EMEA,6400,Travel,Opex,-0.284,SAP-ECC
2023-08,FY2023,Q3,Healthcare,EMEA,6500,IT & Infrastructure,Opex,-0.674,SAP-ECC
2023-08,FY2023,Q3,Healthcare,EMEA,6600,General & Admin,Opex,-0.483,SAP-ECC
2023-08,FY2023,Q3,Healthcare,EMEA,7100,Depreciation,D&A,-1.519,SAP-ECC
2023-08,FY2023,Q3,Healthcare,EMEA,8100,Interest Expense,Finance,-0.929,SAP-ECC
2023-08,FY2023,Q3,Healthcare,EMEA,9100,Income Tax,Tax,-1.665,SAP-ECC
2023-08,FY2023,Q3,Healthcare,Americas,4000,Product Revenue,Revenue,22.513,SAP-ECC
2023-08,FY2023,Q3,Healthcare,Americas,4100,Service Revenue,Revenue,10.697,SAP-ECC
2023-08,FY2023,Q3,Healthcare,Americas,5000,Cost of Goods Sold,COGS,-20.6,SAP-ECC
2023-08,FY2023,Q3,Healthcare,Americas,6100,Salaries & Wages,Opex,-3.034,SAP-ECC
2023-08,FY2023,Q3,Healthcare,Americas,6200,Marketing,Opex,-1.091,SAP-ECC
2023-08,FY2023,Q3,Healthcare,Americas,6300,R&D,Opex,-1.377,SAP-ECC
2023-08,FY2023,Q3,Healthcare,Americas,6400,Travel,Opex,-0.323,SAP-ECC
2023-08,FY2023,Q3,Healthcare,Americas,6500,IT & Infrastructure,Opex,-0.856,SAP-ECC
2023-08,FY2023,Q3,Healthcare,Americas,6600,General & Admin,Opex,-0.594,SAP-ECC
2023-08,FY2023,Q3,Healthcare,Americas,7100,Depreciation,D&A,-1.725,SAP-ECC
2023-08,FY2023,Q3,Healthcare,Americas,8100,Interest Expense,Finance,-1.081,SAP-ECC
2023-08,FY2023,Q3,Healthcare,Americas,9100,Income Tax,Tax,-2.334,SAP-ECC
2023-09,FY2023,Q3,Electronics,APAC,4000,Product Revenue,Revenue,24.328,SAP-ECC
2023-09,FY2023,Q3,Electronics,APAC,4100,Service Revenue,Revenue,11.943,SAP-ECC
2023-09,FY2023,Q3,Electronics,APAC,5000,Cost of Goods Sold,COGS,-20.032,SAP-ECC
2023-09,FY2023,Q3,Electronics,APAC,6100,Salaries & Wages,Opex,-2.958,SAP-ECC
2023-09,FY2023,Q3,Electronics,APAC,6200,Marketing,Opex,-1.063,SAP-ECC
2023-09,FY2023,Q3,Electronics,APAC,6300,R&D,Opex,-1.521,SAP-ECC
2023-09,FY2023,Q3,Electronics,APAC,6400,Travel,Opex,-0.383,SAP-ECC
2023-09,FY2023,Q3,Electronics,APAC,6500,IT & Infrastructure,Opex,-0.955,SAP-ECC
2023-09,FY2023,Q3,Electronics,APAC,6600,General & Admin,Opex,-0.569,SAP-ECC
2023-09,FY2023,Q3,Electronics,APAC,7100,Depreciation,D&A,-1.749,SAP-ECC
2023-09,FY2023,Q3,Electronics,APAC,8100,Interest Expense,Finance,-1.209,SAP-ECC
2023-09,FY2023,Q3,Electronics,APAC,9100,Income Tax,Tax,-2.414,SAP-ECC
2023-09,FY2023,Q3,Electronics,EMEA,4000,Product Revenue,Revenue,28.053,SAP-ECC
2023-09,FY2023,Q3,Electronics,EMEA,4100,Service Revenue,Revenue,13.532,SAP-ECC
2023-09,FY2023,Q3,Electronics,EMEA,5000,Cost of Goods Sold,COGS,-21.639,SAP-ECC
2023-09,FY2023,Q3,Electronics,EMEA,6100,Salaries & Wages,Opex,-3.338,SAP-ECC
2023-09,FY2023,Q3,Electronics,EMEA,6200,Marketing,Opex,-1.205,SAP-ECC
2023-09,FY2023,Q3,Electronics,EMEA,6300,R&D,Opex,-1.607,SAP-ECC
2023-09,FY2023,Q3,Electronics,EMEA,6400,Travel,Opex,-0.383,SAP-ECC
2023-09,FY2023,Q3,Electronics,EMEA,6500,IT & Infrastructure,Opex,-1.063,SAP-ECC
2023-09,FY2023,Q3,Electronics,EMEA,6600,General & Admin,Opex,-0.72,SAP-ECC
2023-09,FY2023,Q3,Electronics,EMEA,7100,Depreciation,D&A,-2.167,SAP-ECC
2023-09,FY2023,Q3,Electronics,EMEA,8100,Interest Expense,Finance,-1.184,SAP-ECC
2023-09,FY2023,Q3,Electronics,EMEA,9100,Income Tax,Tax,-2.599,SAP-ECC
2023-09,FY2023,Q3,Electronics,Americas,4000,Product Revenue,Revenue,34.322,SAP-ECC
2023-09,FY2023,Q3,Electronics,Americas,4100,Service Revenue,Revenue,15.362,SAP-ECC
2023-09,FY2023,Q3,Electronics,Americas,5000,Cost of Goods Sold,COGS,-28.417,SAP-ECC
2023-09,FY2023,Q3,Electronics,Americas,6100,Salaries & Wages,Opex,-3.979,SAP-ECC
2023-09,FY2023,Q3,Electronics,Americas,6200,Marketing,Opex,-1.445,SAP-ECC
2023-09,FY2023,Q3,Electronics,Americas,6300,R&D,Opex,-2.141,SAP-ECC
2023-09,FY2023,Q3,Electronics,Americas,6400,Travel,Opex,-0.477,SAP-ECC
2023-09,FY2023,Q3,Electronics,Americas,6500,IT & Infrastructure,Opex,-1.185,SAP-ECC
2023-09,FY2023,Q3,Electronics,Americas,6600,General & Admin,Opex,-0.804,SAP-ECC
2023-09,FY2023,Q3,Electronics,Americas,7100,Depreciation,D&A,-2.403,SAP-ECC
2023-09,FY2023,Q3,Electronics,Americas,8100,Interest Expense,Finance,-1.532,SAP-ECC
2023-09,FY2023,Q3,Electronics,Americas,9100,Income Tax,Tax,-3.193,SAP-ECC
2023-09,FY2023,Q3,Automotive,APAC,4000,Product Revenue,Revenue,40.312,SAP-ECC
2023-09,FY2023,Q3,Automotive,APAC,4100,Service Revenue,Revenue,15.302,SAP-ECC
2023-09,FY2023,Q3,Automotive,APAC,5000,Cost of Goods Sold,COGS,-31.597,SAP-ECC
2023-09,FY2023,Q3,Automotive,APAC,6100,Salaries & Wages,Opex,-4.355,SAP-ECC
2023-09,FY2023,Q3,Automotive,APAC,6200,Marketing,Opex,-1.524,SAP-ECC
2023-09,FY2023,Q3,Automotive,APAC,6300,R&D,Opex,-2.142,SAP-ECC
2023-09,FY2023,Q3,Automotive,APAC,6400,Travel,Opex,-0.547,SAP-ECC
2023-09,FY2023,Q3,Automotive,APAC,6500,IT & Infrastructure,Opex,-1.326,SAP-ECC
2023-09,FY2023,Q3,Automotive,APAC,6600,General & Admin,Opex,-0.779,SAP-ECC
2023-09,FY2023,Q3,Automotive,APAC,7100,Depreciation,D&A,-2.697,SAP-ECC
2023-09,FY2023,Q3,Automotive,APAC,8100,Interest Expense,Finance,-1.587,SAP-ECC
2023-09,FY2023,Q3,Automotive,APAC,9100,Income Tax,Tax,-3.547,SAP-ECC
2023-09,FY2023,Q3,Automotive,EMEA,4000,Product Revenue,Revenue,39.607,SAP-ECC
2023-09,FY2023,Q3,Automotive,EMEA,4100,Service Revenue,Revenue,18.587,SAP-ECC
2023-09,FY2023,Q3,Automotive,EMEA,5000,Cost of Goods Sold,COGS,-32.97,SAP-ECC
2023-09,FY2023,Q3,Automotive,EMEA,6100,Salaries & Wages,Opex,-4.582,SAP-ECC
2023-09,FY2023,Q3,Automotive,EMEA,6200,Marketing,Opex,-1.808,SAP-ECC
2023-09,FY2023,Q3,Automotive,EMEA,6300,R&D,Opex,-2.404,SAP-ECC
2023-09,FY2023,Q3,Automotive,EMEA,6400,Travel,Opex,-0.607,SAP-ECC
2023-09,FY2023,Q3,Automotive,EMEA,6500,IT & Infrastructure,Opex,-1.467,SAP-ECC
2023-09,FY2023,Q3,Automotive,EMEA,6600,General & Admin,Opex,-0.968,SAP-ECC
2023-09,FY2023,Q3,Automotive,EMEA,7100,Depreciation,D&A,-3.118,SAP-ECC
2023-09,FY2023,Q3,Automotive,EMEA,8100,Interest Expense,Finance,-1.805,SAP-ECC
2023-09,FY2023,Q3,Automotive,EMEA,9100,Income Tax,Tax,-3.941,SAP-ECC
2023-09,FY2023,Q3,Automotive,Americas,4000,Product Revenue,Revenue,50.699,SAP-ECC
2023-09,FY2023,Q3,Automotive,Americas,4100,Service Revenue,Revenue,20.455,SAP-ECC
2023-09,FY2023,Q3,Automotive,Americas,5000,Cost of Goods Sold,COGS,-38.413,SAP-ECC
2023-09,FY2023,Q3,Automotive,Americas,6100,Salaries & Wages,Opex,-5.727,SAP-ECC
2023-09,FY2023,Q3,Automotive,Americas,6200,Marketing,Opex,-2.205,SAP-ECC
2023-09,FY2023,Q3,Automotive,Americas,6300,R&D,Opex,-2.617,SAP-ECC
2023-09,FY2023,Q3,Automotive,Americas,6400,Travel,Opex,-0.68,SAP-ECC
2023-09,FY2023,Q3,Automotive,Americas,6500,IT & Infrastructure,Opex,-1.769,SAP-ECC
2023-09,FY2023,Q3,Automotive,Americas,6600,General & Admin,Opex,-1.064,SAP-ECC
2023-09,FY2023,Q3,Automotive,Americas,7100,Depreciation,D&A,-3.298,SAP-ECC
2023-09,FY2023,Q3,Automotive,Americas,8100,Interest Expense,Finance,-2.132,SAP-ECC
2023-09,FY2023,Q3,Automotive,Americas,9100,Income Tax,Tax,-4.782,SAP-ECC
2023-09,FY2023,Q3,Healthcare,APAC,4000,Product Revenue,Revenue,18.631,SAP-ECC
2023-09,FY2023,Q3,Healthcare,APAC,4100,Service Revenue,Revenue,8.526,SAP-ECC
2023-09,FY2023,Q3,Healthcare,APAC,5000,Cost of Goods Sold,COGS,-15.416,SAP-ECC
2023-09,FY2023,Q3,Healthcare,APAC,6100,Salaries & Wages,Opex,-2.026,SAP-ECC
2023-09,FY2023,Q3,Healthcare,APAC,6200,Marketing,Opex,-0.84,SAP-ECC
2023-09,FY2023,Q3,Healthcare,APAC,6300,R&D,Opex,-1.055,SAP-ECC
2023-09,FY2023,Q3,Healthcare,APAC,6400,Travel,Opex,-0.279,SAP-ECC
2023-09,FY2023,Q3,Healthcare,APAC,6500,IT & Infrastructure,Opex,-0.663,SAP-ECC
2023-09,FY2023,Q3,Healthcare,APAC,6600,General & Admin,Opex,-0.411,SAP-ECC
2023-09,FY2023,Q3,Healthcare,APAC,7100,Depreciation,D&A,-1.233,SAP-ECC
2023-09,FY2023,Q3,Healthcare,APAC,8100,Interest Expense,Finance,-0.86,SAP-ECC
2023-09,FY2023,Q3,Healthcare,APAC,9100,Income Tax,Tax,-1.548,SAP-ECC
2023-09,FY2023,Q3,Healthcare,EMEA,4000,Product Revenue,Revenue,22.299,SAP-ECC
2023-09,FY2023,Q3,Healthcare,EMEA,4100,Service Revenue,Revenue,9.39,SAP-ECC
2023-09,FY2023,Q3,Healthcare,EMEA,5000,Cost of Goods Sold,COGS,-16.823,SAP-ECC
2023-09,FY2023,Q3,Healthcare,EMEA,6100,Salaries & Wages,Opex,-2.554,SAP-ECC
2023-09,FY2023,Q3,Healthcare,EMEA,6200,Marketing,Opex,-0.956,SAP-ECC
2023-09,FY2023,Q3,Healthcare,EMEA,6300,R&D,Opex,-1.24,SAP-ECC
2023-09,FY2023,Q3,Healthcare,EMEA,6400,Travel,Opex,-0.287,SAP-ECC
2023-09,FY2023,Q3,Healthcare,EMEA,6500,IT & Infrastructure,Opex,-0.742,SAP-ECC
2023-09,FY2023,Q3,Healthcare,EMEA,6600,General & Admin,Opex,-0.43,SAP-ECC
2023-09,FY2023,Q3,Healthcare,EMEA,7100,Depreciation,D&A,-1.48,SAP-ECC
2023-09,FY2023,Q3,Healthcare,EMEA,8100,Interest Expense,Finance,-0.875,SAP-ECC
2023-09,FY2023,Q3,Healthcare,EMEA,9100,Income Tax,Tax,-1.895,SAP-ECC
2023-09,FY2023,Q3,Healthcare,Americas,4000,Product Revenue,Revenue,25.464,SAP-ECC
2023-09,FY2023,Q3,Healthcare,Americas,4100,Service Revenue,Revenue,10.748,SAP-ECC
2023-09,FY2023,Q3,Healthcare,Americas,5000,Cost of Goods Sold,COGS,-20.527,SAP-ECC
2023-09,FY2023,Q3,Healthcare,Americas,6100,Salaries & Wages,Opex,-3.045,SAP-ECC
2023-09,FY2023,Q3,Healthcare,Americas,6200,Marketing,Opex,-0.985,SAP-ECC
2023-09,FY2023,Q3,Healthcare,Americas,6300,R&D,Opex,-1.345,SAP-ECC
2023-09,FY2023,Q3,Healthcare,Americas,6400,Travel,Opex,-0.323,SAP-ECC
2023-09,FY2023,Q3,Healthcare,Americas,6500,IT & Infrastructure,Opex,-0.905,SAP-ECC
2023-09,FY2023,Q3,Healthcare,Americas,6600,General & Admin,Opex,-0.571,SAP-ECC
2023-09,FY2023,Q3,Healthcare,Americas,7100,Depreciation,D&A,-1.895,SAP-ECC
2023-09,FY2023,Q3,Healthcare,Americas,8100,Interest Expense,Finance,-1.006,SAP-ECC
2023-09,FY2023,Q3,Healthcare,Americas,9100,Income Tax,Tax,-2.034,SAP-ECC
2023-10,FY2023,Q4,Electronics,APAC,4000,Product Revenue,Revenue,28.357,SAP-ECC
2023-10,FY2023,Q4,Electronics,APAC,4100,Service Revenue,Revenue,12.328,SAP-ECC
2023-10,FY2023,Q4,Electronics,APAC,5000,Cost of Goods Sold,COGS,-20.322,SAP-ECC
2023-10,FY2023,Q4,Electronics,APAC,6100,Salaries & Wages,Opex,-3.014,SAP-ECC
2023-10,FY2023,Q4,Electronics,APAC,6200,Marketing,Opex,-1.075,SAP-ECC
2023-10,FY2023,Q4,Electronics,APAC,6300,R&D,Opex,-1.654,SAP-ECC
2023-10,FY2023,Q4,Electronics,APAC,6400,Travel,Opex,-0.37,SAP-ECC
2023-10,FY2023,Q4,Electronics,APAC,6500,IT & Infrastructure,Opex,-0.918,SAP-ECC
2023-10,FY2023,Q4,Electronics,APAC,6600,General & Admin,Opex,-0.569,SAP-ECC
2023-10,FY2023,Q4,Electronics,APAC,7100,Depreciation,D&A,-2.047,SAP-ECC
2023-10,FY2023,Q4,Electronics,APAC,8100,Interest Expense,Finance,-1.074,SAP-ECC
2023-10,FY2023,Q4,Electronics,APAC,9100,Income Tax,Tax,-2.374,SAP-ECC
2023-10,FY2023,Q4,Electronics,EMEA,4000,Product Revenue,Revenue,30.693,SAP-ECC
2023-10,FY2023,Q4,Electronics,EMEA,4100,Service Revenue,Revenue,13.32,SAP-ECC
2023-10,FY2023,Q4,Electronics,EMEA,5000,Cost of Goods Sold,COGS,-25.265,SAP-ECC
2023-10,FY2023,Q4,Electronics,EMEA,6100,Salaries & Wages,Opex,-3.355,SAP-ECC
2023-10,FY2023,Q4,Electronics,EMEA,6200,Marketing,Opex,-1.332,SAP-ECC
2023-10,FY2023,Q4,Electronics,EMEA,6300,R&D,Opex,-1.597,SAP-ECC
2023-10,FY2023,Q4,Electronics,EMEA,6400,Travel,Opex,-0.419,SAP-ECC
2023-10,FY2023,Q4,Electronics,EMEA,6500,IT & Infrastructure,Opex,-0.948,SAP-ECC
2023-10,FY2023,Q4,Electronics,EMEA,6600,General & Admin,Opex,-0.68,SAP-ECC
2023-10,FY2023,Q4,Electronics,EMEA,7100,Depreciation,D&A,-2.093,SAP-ECC
2023-10,FY2023,Q4,Electronics,EMEA,8100,Interest Expense,Finance,-1.379,SAP-ECC
2023-10,FY2023,Q4,Electronics,EMEA,9100,Income Tax,Tax,-2.438,SAP-ECC
2023-10,FY2023,Q4,Electronics,Americas,4000,Product Revenue,Revenue,34.921,SAP-ECC
2023-10,FY2023,Q4,Electronics,Americas,4100,Service Revenue,Revenue,15.165,SAP-ECC
2023-10,FY2023,Q4,Electronics,Americas,5000,Cost of Goods Sold,COGS,-30.341,SAP-ECC
2023-10,FY2023,Q4,Electronics,Americas,6100,Salaries & Wages,Opex,-4.344,SAP-ECC
2023-10,FY2023,Q4,Electronics,Americas,6200,Marketing,Opex,-1.423,SAP-ECC
2023-10,FY2023,Q4,Electronics,Americas,6300,R&D,Opex,-2.11,SAP-ECC
2023-10,FY2023,Q4,Electronics,Americas,6400,Travel,Opex,-0.515,SAP-ECC
2023-10,FY2023,Q4,Electronics,Americas,6500,IT & Infrastructure,Opex,-1.33,SAP-ECC
2023-10,FY2023,Q4,Electronics,Americas,6600,General & Admin,Opex,-0.796,SAP-ECC
2023-10,FY2023,Q4,Electronics,Americas,7100,Depreciation,D&A,-2.507,SAP-ECC
2023-10,FY2023,Q4,Electronics,Americas,8100,Interest Expense,Finance,-1.447,SAP-ECC
2023-10,FY2023,Q4,Electronics,Americas,9100,Income Tax,Tax,-2.977,SAP-ECC
2023-10,FY2023,Q4,Automotive,APAC,4000,Product Revenue,Revenue,39.861,SAP-ECC
2023-10,FY2023,Q4,Automotive,APAC,4100,Service Revenue,Revenue,15.956,SAP-ECC
2023-10,FY2023,Q4,Automotive,APAC,5000,Cost of Goods Sold,COGS,-30.346,SAP-ECC
2023-10,FY2023,Q4,Automotive,APAC,6100,Salaries & Wages,Opex,-4.398,SAP-ECC
2023-10,FY2023,Q4,Automotive,APAC,6200,Marketing,Opex,-1.636,SAP-ECC
2023-10,FY2023,Q4,Automotive,APAC,6300,R&D,Opex,-1.962,SAP-ECC
2023-10,FY2023,Q4,Automotive,APAC,6400,Travel,Opex,-0.564,SAP-ECC
2023-10,FY2023,Q4,Automotive,APAC,6500,IT & Infrastructure,Opex,-1.228,SAP-ECC
2023-10,FY2023,Q4,Automotive,APAC,6600,General & Admin,Opex,-0.801,SAP-ECC
2023-10,FY2023,Q4,Automotive,APAC,7100,Depreciation,D&A,-2.712,SAP-ECC
2023-10,FY2023,Q4,Automotive,APAC,8100,Interest Expense,Finance,-1.485,SAP-ECC
2023-10,FY2023,Q4,Automotive,APAC,9100,Income Tax,Tax,-3.51,SAP-ECC
2023-10,FY2023,Q4,Automotive,EMEA,4000,Product Revenue,Revenue,39.527,SAP-ECC
2023-10,FY2023,Q4,Automotive,EMEA,4100,Service Revenue,Revenue,16.968,SAP-ECC
2023-10,FY2023,Q4,Automotive,EMEA,5000,Cost of Goods Sold,COGS,-34.926,SAP-ECC
2023-10,FY2023,Q4,Automotive,EMEA,6100,Salaries & Wages,Opex,-4.62,SAP-ECC
2023-10,FY2023,Q4,Automotive,EMEA,6200,Marketing,Opex,-1.675,SAP-ECC
2023-10,FY2023,Q4,Automotive,EMEA,6300,R&D,Opex,-2.553,SAP-ECC
2023-10,FY2023,Q4,Automotive,EMEA,6400,Travel,Opex,-0.543,SAP-ECC
2023-10,FY2023,Q4,Automotive,EMEA,6500,IT & Infrastructure,Opex,-1.521,SAP-ECC
2023-10,FY2023,Q4,Automotive,EMEA,6600,General & Admin,Opex,-0.893,SAP-ECC
2023-10,FY2023,Q4,Automotive,EMEA,7100,Depreciation,D&A,-2.782,SAP-ECC
2023-10,FY2023,Q4,Automotive,EMEA,8100,Interest Expense,Finance,-1.708,SAP-ECC
2023-10,FY2023,Q4,Automotive,EMEA,9100,Income Tax,Tax,-3.508,SAP-ECC
2023-10,FY2023,Q4,Automotive,Americas,4000,Product Revenue,Revenue,51.481,SAP-ECC
2023-10,FY2023,Q4,Automotive,Americas,4100,Service Revenue,Revenue,19.635,SAP-ECC
2023-10,FY2023,Q4,Automotive,Americas,5000,Cost of Goods Sold,COGS,-35.921,SAP-ECC
2023-10,FY2023,Q4,Automotive,Americas,6100,Salaries & Wages,Opex,-6.015,SAP-ECC
2023-10,FY2023,Q4,Automotive,Americas,6200,Marketing,Opex,-2.045,SAP-ECC
2023-10,FY2023,Q4,Automotive,Americas,6300,R&D,Opex,-2.77,SAP-ECC
2023-10,FY2023,Q4,Automotive,Americas,6400,Travel,Opex,-0.673,SAP-ECC
2023-10,FY2023,Q4,Automotive,Americas,6500,IT & Infrastructure,Opex,-1.579,SAP-ECC
2023-10,FY2023,Q4,Automotive,Americas,6600,General & Admin,Opex,-1.193,SAP-ECC
2023-10,FY2023,Q4,Automotive,Americas,7100,Depreciation,D&A,-3.591,SAP-ECC
2023-10,FY2023,Q4,Automotive,Americas,8100,Interest Expense,Finance,-2.239,SAP-ECC
2023-10,FY2023,Q4,Automotive,Americas,9100,Income Tax,Tax,-4.449,SAP-ECC
2023-10,FY2023,Q4,Healthcare,APAC,4000,Product Revenue,Revenue,19.696,SAP-ECC
2023-10,FY2023,Q4,Healthcare,APAC,4100,Service Revenue,Revenue,8.062,SAP-ECC
2023-10,FY2023,Q4,Healthcare,APAC,5000,Cost of Goods Sold,COGS,-13.718,SAP-ECC
2023-10,FY2023,Q4,Healthcare,APAC,6100,Salaries & Wages,Opex,-2.146,SAP-ECC
2023-10,FY2023,Q4,Healthcare,APAC,6200,Marketing,Opex,-0.868,SAP-ECC
2023-10,FY2023,Q4,Healthcare,APAC,6300,R&D,Opex,-0.985,SAP-ECC
2023-10,FY2023,Q4,Healthcare,APAC,6400,Travel,Opex,-0.282,SAP-ECC
2023-10,FY2023,Q4,Healthcare,APAC,6500,IT & Infrastructure,Opex,-0.686,SAP-ECC
2023-10,FY2023,Q4,Healthcare,APAC,6600,General & Admin,Opex,-0.431,SAP-ECC
2023-10,FY2023,Q4,Healthcare,APAC,7100,Depreciation,D&A,-1.33,SAP-ECC
2023-10,FY2023,Q4,Healthcare,APAC,8100,Interest Expense,Finance,-0.871,SAP-ECC
2023-10,FY2023,Q4,Healthcare,APAC,9100,Income Tax,Tax,-1.544,SAP-ECC
2023-10,FY2023,Q4,Healthcare,EMEA,4000,Product Revenue,Revenue,20.774,SAP-ECC
2023-10,FY2023,Q4,Healthcare,EMEA,4100,Service Revenue,Revenue,8.78,SAP-ECC
2023-10,FY2023,Q4,Healthcare,EMEA,5000,Cost of Goods Sold,COGS,-16.927,SAP-ECC
2023-10,FY2023,Q4,Healthcare,EMEA,6100,Salaries & Wages,Opex,-2.379,SAP-ECC
2023-10,FY2023,Q4,Healthcare,EMEA,6200,Marketing,Opex,-0.959,SAP-ECC
2023-10,FY2023,Q4,Healthcare,EMEA,6300,R&D,Opex,-1.101,SAP-ECC
2023-10,FY2023,Q4,Healthcare,EMEA,6400,Travel,Opex,-0.276,SAP-ECC
2023-10,FY2023,Q4,Healthcare,EMEA,6500,IT & Infrastructure,Opex,-0.729,SAP-ECC
2023-10,FY2023,Q4,Healthcare,EMEA,6600,General & Admin,Opex,-0.44,SAP-ECC
2023-10,FY2023,Q4,Healthcare,EMEA,7100,Depreciation,D&A,-1.43,SAP-ECC
2023-10,FY2023,Q4,Healthcare,EMEA,8100,Interest Expense,Finance,-0.915,SAP-ECC
2023-10,FY2023,Q4,Healthcare,EMEA,9100,Income Tax,Tax,-1.878,SAP-ECC
2023-10,FY2023,Q4,Healthcare,Americas,4000,Product Revenue,Revenue,24.243,SAP-ECC
2023-10,FY2023,Q4,Healthcare,Americas,4100,Service Revenue,Revenue,11.669,SAP-ECC
2023-10,FY2023,Q4,Healthcare,Americas,5000,Cost of Goods Sold,COGS,-19.767,SAP-ECC
2023-10,FY2023,Q4,Healthcare,Americas,6100,Salaries & Wages,Opex,-2.836,SAP-ECC
2023-10,FY2023,Q4,Healthcare,Americas,6200,Marketing,Opex,-1.093,SAP-ECC
2023-10,FY2023,Q4,Healthcare,Americas,6300,R&D,Opex,-1.328,SAP-ECC
2023-10,FY2023,Q4,Healthcare,Americas,6400,Travel,Opex,-0.37,SAP-ECC
2023-10,FY2023,Q4,Healthcare,Americas,6500,IT & Infrastructure,Opex,-0.912,SAP-ECC
2023-10,FY2023,Q4,Healthcare,Americas,6600,General & Admin,Opex,-0.587,SAP-ECC
2023-10,FY2023,Q4,Healthcare,Americas,7100,Depreciation,D&A,-1.873,SAP-ECC
2023-10,FY2023,Q4,Healthcare,Americas,8100,Interest Expense,Finance,-1.115,SAP-ECC
2023-10,FY2023,Q4,Healthcare,Americas,9100,Income Tax,Tax,-2.121,SAP-ECC
2023-11,FY2023,Q4,Electronics,APAC,4000,Product Revenue,Revenue,26.914,SAP-ECC
2023-11,FY2023,Q4,Electronics,APAC,4100,Service Revenue,Revenue,11.072,SAP-ECC
2023-11,FY2023,Q4,Electronics,APAC,5000,Cost of Goods Sold,COGS,-20.719,SAP-ECC
2023-11,FY2023,Q4,Electronics,APAC,6100,Salaries & Wages,Opex,-3.077,SAP-ECC
2023-11,FY2023,Q4,Electronics,APAC,6200,Marketing,Opex,-1.146,SAP-ECC
2023-11,FY2023,Q4,Electronics,APAC,6300,R&D,Opex,-1.439,SAP-ECC
2023-11,FY2023,Q4,Electronics,APAC,6400,Travel,Opex,-0.383,SAP-ECC
2023-11,FY2023,Q4,Electronics,APAC,6500,IT & Infrastructure,Opex,-0.958,SAP-ECC
2023-11,FY2023,Q4,Electronics,APAC,6600,General & Admin,Opex,-0.607,SAP-ECC
2023-11,FY2023,Q4,Electronics,APAC,7100,Depreciation,D&A,-1.819,SAP-ECC
2023-11,FY2023,Q4,Electronics,APAC,8100,Interest Expense,Finance,-1.251,SAP-ECC
2023-11,FY2023,Q4,Electronics,APAC,9100,Income Tax,Tax,-2.237,SAP-ECC
2023-11,FY2023,Q4,Electronics,EMEA,4000,Product Revenue,Revenue,31.949,SAP-ECC
2023-11,FY2023,Q4,Electronics,EMEA,4100,Service Revenue,Revenue,11.991,SAP-ECC
2023-11,FY2023,Q4,Electronics,EMEA,5000,Cost of Goods Sold,COGS,-21.997,SAP-ECC
2023-11,FY2023,Q4,Electronics,EMEA,6100,Salaries & Wages,Opex,-3.594,SAP-ECC
2023-11,FY2023,Q4,Electronics,EMEA,6200,Marketing,Opex,-1.365,SAP-ECC
2023-11,FY2023,Q4,Electronics,EMEA,6300,R&D,Opex,-1.741,SAP-ECC
2023-11,FY2023,Q4,Electronics,EMEA,6400,Travel,Opex,-0.438,SAP-ECC
2023-11,FY2023,Q4,Electronics,EMEA,6500,IT & Infrastructure,Opex,-1.046,SAP-ECC
2023-11,FY2023,Q4,Electronics,EMEA,6600,General & Admin,Opex,-0.669,SAP-ECC
2023-11,FY2023,Q4,Electronics,EMEA,7100,Depreciation,D&A,-2.01,SAP-ECC
2023-11,FY2023,Q4,Electronics,EMEA,8100,Interest Expense,Finance,-1.259,SAP-ECC
2023-11,FY2023,Q4,Electronics,EMEA,9100,Income Tax,Tax,-2.773,SAP-ECC
2023-11,FY2023,Q4,Electronics,Americas,4000,Product Revenue,Revenue,37.813,SAP-ECC
2023-11,FY2023,Q4,Electronics,Americas,4100,Service Revenue,Revenue,16.531,SAP-ECC
2023-11,FY2023,Q4,Electronics,Americas,5000,Cost of Goods Sold,COGS,-29.562,SAP-ECC
2023-11,FY2023,Q4,Electronics,Americas,6100,Salaries & Wages,Opex,-4.482,SAP-ECC
2023-11,FY2023,Q4,Electronics,Americas,6200,Marketing,Opex,-1.579,SAP-ECC
2023-11,FY2023,Q4,Electronics,Americas,6300,R&D,Opex,-2.014,SAP-ECC
2023-11,FY2023,Q4,Electronics,Americas,6400,Travel,Opex,-0.524,SAP-ECC
2023-11,FY2023,Q4,Electronics,Americas,6500,IT & Infrastructure,Opex,-1.178,SAP-ECC
2023-11,FY2023,Q4,Electronics,Americas,6600,General & Admin,Opex,-0.851,SAP-ECC
2023-11,FY2023,Q4,Electronics,Americas,7100,Depreciation,D&A,-2.459,SAP-ECC
2023-11,FY2023,Q4,Electronics,Americas,8100,Interest Expense,Finance,-1.443,SAP-ECC
2023-11,FY2023,Q4,Electronics,Americas,9100,Income Tax,Tax,-3.431,SAP-ECC
2023-11,FY2023,Q4,Automotive,APAC,4000,Product Revenue,Revenue,37.111,SAP-ECC
2023-11,FY2023,Q4,Automotive,APAC,4100,Service Revenue,Revenue,17.052,SAP-ECC
2023-11,FY2023,Q4,Automotive,APAC,5000,Cost of Goods Sold,COGS,-30.258,SAP-ECC
2023-11,FY2023,Q4,Automotive,APAC,6100,Salaries & Wages,Opex,-4.582,SAP-ECC
2023-11,FY2023,Q4,Automotive,APAC,6200,Marketing,Opex,-1.729,SAP-ECC
2023-11,FY2023,Q4,Automotive,APAC,6300,R&D,Opex,-2.356,SAP-ECC
2023-11,FY2023,Q4,Automotive,APAC,6400,Travel,Opex,-0.574,SAP-ECC
2023-11,FY2023,Q4,Automotive,APAC,6500,IT & Infrastructure,Opex,-1.33,SAP-ECC
2023-11,FY2023,Q4,Automotive,APAC,6600,General & Admin,Opex,-0.891,SAP-ECC
2023-11,FY2023,Q4,Automotive,APAC,7100,Depreciation,D&A,-2.486,SAP-ECC
2023-11,FY2023,Q4,Automotive,APAC,8100,Interest Expense,Finance,-1.753,SAP-ECC
2023-11,FY2023,Q4,Automotive,APAC,9100,Income Tax,Tax,-3.593,SAP-ECC
2023-11,FY2023,Q4,Automotive,EMEA,4000,Product Revenue,Revenue,40.481,SAP-ECC
2023-11,FY2023,Q4,Automotive,EMEA,4100,Service Revenue,Revenue,17.068,SAP-ECC
2023-11,FY2023,Q4,Automotive,EMEA,5000,Cost of Goods Sold,COGS,-34.381,SAP-ECC
2023-11,FY2023,Q4,Automotive,EMEA,6100,Salaries & Wages,Opex,-4.662,SAP-ECC
2023-11,FY2023,Q4,Automotive,EMEA,6200,Marketing,Opex,-1.758,SAP-ECC
2023-11,FY2023,Q4,Automotive,EMEA,6300,R&D,Opex,-2.201,SAP-ECC
2023-11,FY2023,Q4,Automotive,EMEA,6400,Travel,Opex,-0.643,SAP-ECC
2023-11,FY2023,Q4,Automotive,EMEA,6500,IT & Infrastructure,Opex,-1.465,SAP-ECC
2023-11,FY2023,Q4,Automotive,EMEA,6600,General & Admin,Opex,-0.948,SAP-ECC
2023-11,FY2023,Q4,Automotive,EMEA,7100,Depreciation,D&A,-2.824,SAP-ECC
2023-11,FY2023,Q4,Automotive,EMEA,8100,Interest Expense,Finance,-1.853,SAP-ECC
2023-11,FY2023,Q4,Automotive,EMEA,9100,Income Tax,Tax,-3.455,SAP-ECC
2023-11,FY2023,Q4,Automotive,Americas,4000,Product Revenue,Revenue,52.901,SAP-ECC
2023-11,FY2023,Q4,Automotive,Americas,4100,Service Revenue,Revenue,20.616,SAP-ECC
2023-11,FY2023,Q4,Automotive,Americas,5000,Cost of Goods Sold,COGS,-39.249,SAP-ECC
2023-11,FY2023,Q4,Automotive,Americas,6100,Salaries & Wages,Opex,-5.628,SAP-ECC
2023-11,FY2023,Q4,Automotive,Americas,6200,Marketing,Opex,-2.122,SAP-ECC
2023-11,FY2023,Q4,Automotive,Americas,6300,R&D,Opex,-3.01,SAP-ECC
2023-11,FY2023,Q4,Automotive,Americas,6400,Travel,Opex,-0.76,SAP-ECC
2023-11,FY2023,Q4,Automotive,Americas,6500,IT & Infrastructure,Opex,-1.758,SAP-ECC
2023-11,FY2023,Q4,Automotive,Americas,6600,General & Admin,Opex,-1.073,SAP-ECC
2023-11,FY2023,Q4,Automotive,Americas,7100,Depreciation,D&A,-3.331,SAP-ECC
2023-11,FY2023,Q4,Automotive,Americas,8100,Interest Expense,Finance,-2.039,SAP-ECC
2023-11,FY2023,Q4,Automotive,Americas,9100,Income Tax,Tax,-4.62,SAP-ECC
2023-11,FY2023,Q4,Healthcare,APAC,4000,Product Revenue,Revenue,19.593,SAP-ECC
2023-11,FY2023,Q4,Healthcare,APAC,4100,Service Revenue,Revenue,7.814,SAP-ECC
2023-11,FY2023,Q4,Healthcare,APAC,5000,Cost of Goods Sold,COGS,-15.363,SAP-ECC
2023-11,FY2023,Q4,Healthcare,APAC,6100,Salaries & Wages,Opex,-2.166,SAP-ECC
2023-11,FY2023,Q4,Healthcare,APAC,6200,Marketing,Opex,-0.806,SAP-ECC
2023-11,FY2023,Q4,Healthcare,APAC,6300,R&D,Opex,-1.042,SAP-ECC
2023-11,FY2023,Q4,Healthcare,APAC,6400,Travel,Opex,-0.284,SAP-ECC
2023-11,FY2023,Q4,Healthcare,APAC,6500,IT & Infrastructure,Opex,-0.607,SAP-ECC
2023-11,FY2023,Q4,Healthcare,APAC,6600,General & Admin,Opex,-0.429,SAP-ECC
2023-11,FY2023,Q4,Healthcare,APAC,7100,Depreciation,D&A,-1.305,SAP-ECC
2023-11,FY2023,Q4,Healthcare,APAC,8100,Interest Expense,Finance,-0.84,SAP-ECC
2023-11,FY2023,Q4,Healthcare,APAC,9100,Income Tax,Tax,-1.693,SAP-ECC
2023-11,FY2023,Q4,Healthcare,EMEA,4000,Product Revenue,Revenue,21.745,SAP-ECC
2023-11,FY2023,Q4,Healthcare,EMEA,4100,Service Revenue,Revenue,8.316,SAP-ECC
2023-11,FY2023,Q4,Healthcare,EMEA,5000,Cost of Goods Sold,COGS,-16.281,SAP-ECC
2023-11,FY2023,Q4,Healthcare,EMEA,6100,Salaries & Wages,Opex,-2.456,SAP-ECC
2023-11,FY2023,Q4,Healthcare,EMEA,6200,Marketing,Opex,-0.826,SAP-ECC
2023-11,FY2023,Q4,Healthcare,EMEA,6300,R&D,Opex,-1.164,SAP-ECC
2023-11,FY2023,Q4,Healthcare,EMEA,6400,Travel,Opex,-0.286,SAP-ECC
2023-11,FY2023,Q4,Healthcare,EMEA,6500,IT & Infrastructure,Opex,-0.677,SAP-ECC
2023-11,FY2023,Q4,Healthcare,EMEA,6600,General & Admin,Opex,-0.462,SAP-ECC
2023-11,FY2023,Q4,Healthcare,EMEA,7100,Depreciation,D&A,-1.462,SAP-ECC
2023-11,FY2023,Q4,Healthcare,EMEA,8100,Interest Expense,Finance,-0.826,SAP-ECC
2023-11,FY2023,Q4,Healthcare,EMEA,9100,Income Tax,Tax,-1.968,SAP-ECC
2023-11,FY2023,Q4,Healthcare,Americas,4000,Product Revenue,Revenue,23.874,SAP-ECC
2023-11,FY2023,Q4,Healthcare,Americas,4100,Service Revenue,Revenue,10.628,SAP-ECC
2023-11,FY2023,Q4,Healthcare,Americas,5000,Cost of Goods Sold,COGS,-20.632,SAP-ECC
2023-11,FY2023,Q4,Healthcare,Americas,6100,Salaries & Wages,Opex,-2.896,SAP-ECC
2023-11,FY2023,Q4,Healthcare,Americas,6200,Marketing,Opex,-1.15,SAP-ECC
2023-11,FY2023,Q4,Healthcare,Americas,6300,R&D,Opex,-1.527,SAP-ECC
2023-11,FY2023,Q4,Healthcare,Americas,6400,Travel,Opex,-0.334,SAP-ECC
2023-11,FY2023,Q4,Healthcare,Americas,6500,IT & Infrastructure,Opex,-0.925,SAP-ECC
2023-11,FY2023,Q4,Healthcare,Americas,6600,General & Admin,Opex,-0.532,SAP-ECC
2023-11,FY2023,Q4,Healthcare,Americas,7100,Depreciation,D&A,-1.655,SAP-ECC
2023-11,FY2023,Q4,Healthcare,Americas,8100,Interest Expense,Finance,-1.167,SAP-ECC
2023-11,FY2023,Q4,Healthcare,Americas,9100,Income Tax,Tax,-2.408,SAP-ECC
2023-12,FY2023,Q4,Electronics,APAC,4000,Product Revenue,Revenue,27.859,SAP-ECC
2023-12,FY2023,Q4,Electronics,APAC,4100,Service Revenue,Revenue,11.935,SAP-ECC
2023-12,FY2023,Q4,Electronics,APAC,5000,Cost of Goods Sold,COGS,-22.404,SAP-ECC
2023-12,FY2023,Q4,Electronics,APAC,6100,Salaries & Wages,Opex,-3.095,SAP-ECC
2023-12,FY2023,Q4,Electronics,APAC,6200,Marketing,Opex,-1.097,SAP-ECC
2023-12,FY2023,Q4,Electronics,APAC,6300,R&D,Opex,-1.437,SAP-ECC
2023-12,FY2023,Q4,Electronics,APAC,6400,Travel,Opex,-0.38,SAP-ECC
2023-12,FY2023,Q4,Electronics,APAC,6500,IT & Infrastructure,Opex,-0.993,SAP-ECC
2023-12,FY2023,Q4,Electronics,APAC,6600,General & Admin,Opex,-0.642,SAP-ECC
2023-12,FY2023,Q4,Electronics,APAC,7100,Depreciation,D&A,-2.08,SAP-ECC
2023-12,FY2023,Q4,Electronics,APAC,8100,Interest Expense,Finance,-1.266,SAP-ECC
2023-12,FY2023,Q4,Electronics,APAC,9100,Income Tax,Tax,-2.274,SAP-ECC
2023-12,FY2023,Q4,Electronics,EMEA,4000,Product Revenue,Revenue,32.417,SAP-ECC
2023-12,FY2023,Q4,Electronics,EMEA,4100,Service Revenue,Revenue,12.491,SAP-ECC
2023-12,FY2023,Q4,Electronics,EMEA,5000,Cost of Goods Sold,COGS,-24.378,SAP-ECC
2023-12,FY2023,Q4,Electronics,EMEA,6100,Salaries & Wages,Opex,-3.505,SAP-ECC
2023-12,FY2023,Q4,Electronics,EMEA,6200,Marketing,Opex,-1.285,SAP-ECC
2023-12,FY2023,Q4,Electronics,EMEA,6300,R&D,Opex,-1.686,SAP-ECC
2023-12,FY2023,Q4,Electronics,EMEA,6400,Travel,Opex,-0.424,SAP-ECC
2023-12,FY2023,Q4,Electronics,EMEA,6500,IT & Infrastructure,Opex,-1.016,SAP-ECC
2023-12,FY2023,Q4,Electronics,EMEA,6600,General & Admin,Opex,-0.657,SAP-ECC
2023-12,FY2023,Q4,Electronics,EMEA,7100,Depreciation,D&A,-2.186,SAP-ECC
2023-12,FY2023,Q4,Electronics,EMEA,8100,Interest Expense,Finance,-1.219,SAP-ECC
2023-12,FY2023,Q4,Electronics,EMEA,9100,Income Tax,Tax,-2.732,SAP-ECC
2023-12,FY2023,Q4,Electronics,Americas,4000,Product Revenue,Revenue,39.302,SAP-ECC
2023-12,FY2023,Q4,Electronics,Americas,4100,Service Revenue,Revenue,15.286,SAP-ECC
2023-12,FY2023,Q4,Electronics,Americas,5000,Cost of Goods Sold,COGS,-29.964,SAP-ECC
2023-12,FY2023,Q4,Electronics,Americas,6100,Salaries & Wages,Opex,-4.427,SAP-ECC
2023-12,FY2023,Q4,Electronics,Americas,6200,Marketing,Opex,-1.659,SAP-ECC
2023-12,FY2023,Q4,Electronics,Americas,6300,R&D,Opex,-1.996,SAP-ECC
2023-12,FY2023,Q4,Electronics,Americas,6400,Travel,Opex,-0.491,SAP-ECC
2023-12,FY2023,Q4,Electronics,Americas,6500,IT & Infrastructure,Opex,-1.189,SAP-ECC
2023-12,FY2023,Q4,Electronics,Americas,6600,General & Admin,Opex,-0.853,SAP-ECC
2023-12,FY2023,Q4,Electronics,Americas,7100,Depreciation,D&A,-2.739,SAP-ECC
2023-12,FY2023,Q4,Electronics,Americas,8100,Interest Expense,Finance,-1.614,SAP-ECC
2023-12,FY2023,Q4,Electronics,Americas,9100,Income Tax,Tax,-3.084,SAP-ECC
2023-12,FY2023,Q4,Automotive,APAC,4000,Product Revenue,Revenue,40.355,SAP-ECC
2023-12,FY2023,Q4,Automotive,APAC,4100,Service Revenue,Revenue,16.476,SAP-ECC
2023-12,FY2023,Q4,Automotive,APAC,5000,Cost of Goods Sold,COGS,-31.608,SAP-ECC
2023-12,FY2023,Q4,Automotive,APAC,6100,Salaries & Wages,Opex,-4.602,SAP-ECC
2023-12,FY2023,Q4,Automotive,APAC,6200,Marketing,Opex,-1.634,SAP-ECC
2023-12,FY2023,Q4,Automotive,APAC,6300,R&D,Opex,-2.365,SAP-ECC
2023-12,FY2023,Q4,Automotive,APAC,6400,Travel,Opex,-0.556,SAP-ECC
2023-12,FY2023,Q4,Automotive,APAC,6500,IT & Infrastructure,Opex,-1.351,SAP-ECC
2023-12,FY2023,Q4,Automotive,APAC,6600,General & Admin,Opex,-0.899,SAP-ECC
2023-12,FY2023,Q4,Automotive,APAC,7100,Depreciation,D&A,-2.927,SAP-ECC
2023-12,FY2023,Q4,Automotive,APAC,8100,Interest Expense,Finance,-1.687,SAP-ECC
2023-12,FY2023,Q4,Automotive,APAC,9100,Income Tax,Tax,-3.222,SAP-ECC
2023-12,FY2023,Q4,Automotive,EMEA,4000,Product Revenue,Revenue,39.469,SAP-ECC
2023-12,FY2023,Q4,Automotive,EMEA,4100,Service Revenue,Revenue,18.137,SAP-ECC
2023-12,FY2023,Q4,Automotive,EMEA,5000,Cost of Goods Sold,COGS,-32.416,SAP-ECC
2023-12,FY2023,Q4,Automotive,EMEA,6100,Salaries & Wages,Opex,-4.691,SAP-ECC
2023-12,FY2023,Q4,Automotive,EMEA,6200,Marketing,Opex,-1.688,SAP-ECC
2023-12,FY2023,Q4,Automotive,EMEA,6300,R&D,Opex,-2.447,SAP-ECC
2023-12,FY2023,Q4,Automotive,EMEA,6400,Travel,Opex,-0.59,SAP-ECC
2023-12,FY2023,Q4,Automotive,EMEA,6500,IT & Infrastructure,Opex,-1.453,SAP-ECC
2023-12,FY2023,Q4,Automotive,EMEA,6600,General & Admin,Opex,-0.9,SAP-ECC
2023-12,FY2023,Q4,Automotive,EMEA,7100,Depreciation,D&A,-3.235,SAP-ECC
2023-12,FY2023,Q4,Automotive,EMEA,8100,Interest Expense,Finance,-1.694,SAP-ECC
2023-12,FY2023,Q4,Automotive,EMEA,9100,Income Tax,Tax,-4.066,SAP-ECC
2023-12,FY2023,Q4,Automotive,Americas,4000,Product Revenue,Revenue,54.56,SAP-ECC
2023-12,FY2023,Q4,Automotive,Americas,4100,Service Revenue,Revenue,22.441,SAP-ECC
2023-12,FY2023,Q4,Automotive,Americas,5000,Cost of Goods Sold,COGS,-40.367,SAP-ECC
2023-12,FY2023,Q4,Automotive,Americas,6100,Salaries & Wages,Opex,-5.825,SAP-ECC
2023-12,FY2023,Q4,Automotive,Americas,6200,Marketing,Opex,-2.22,SAP-ECC
2023-12,FY2023,Q4,Automotive,Americas,6300,R&D,Opex,-3.085,SAP-ECC
2023-12,FY2023,Q4,Automotive,Americas,6400,Travel,Opex,-0.785,SAP-ECC
2023-12,FY2023,Q4,Automotive,Americas,6500,IT & Infrastructure,Opex,-1.743,SAP-ECC
2023-12,FY2023,Q4,Automotive,Americas,6600,General & Admin,Opex,-1.238,SAP-ECC
2023-12,FY2023,Q4,Automotive,Americas,7100,Depreciation,D&A,-3.764,SAP-ECC
2023-12,FY2023,Q4,Automotive,Americas,8100,Interest Expense,Finance,-2.129,SAP-ECC
2023-12,FY2023,Q4,Automotive,Americas,9100,Income Tax,Tax,-4.561,SAP-ECC
2023-12,FY2023,Q4,Healthcare,APAC,4000,Product Revenue,Revenue,18.044,SAP-ECC
2023-12,FY2023,Q4,Healthcare,APAC,4100,Service Revenue,Revenue,7.603,SAP-ECC
2023-12,FY2023,Q4,Healthcare,APAC,5000,Cost of Goods Sold,COGS,-14.05,SAP-ECC
2023-12,FY2023,Q4,Healthcare,APAC,6100,Salaries & Wages,Opex,-2.355,SAP-ECC
2023-12,FY2023,Q4,Healthcare,APAC,6200,Marketing,Opex,-0.802,SAP-ECC
2023-12,FY2023,Q4,Healthcare,APAC,6300,R&D,Opex,-1.142,SAP-ECC
2023-12,FY2023,Q4,Healthcare,APAC,6400,Travel,Opex,-0.275,SAP-ECC
2023-12,FY2023,Q4,Healthcare,APAC,6500,IT & Infrastructure,Opex,-0.621,SAP-ECC
2023-12,FY2023,Q4,Healthcare,APAC,6600,General & Admin,Opex,-0.42,SAP-ECC
2023-12,FY2023,Q4,Healthcare,APAC,7100,Depreciation,D&A,-1.359,SAP-ECC
2023-12,FY2023,Q4,Healthcare,APAC,8100,Interest Expense,Finance,-0.816,SAP-ECC
2023-12,FY2023,Q4,Healthcare,APAC,9100,Income Tax,Tax,-1.725,SAP-ECC
2023-12,FY2023,Q4,Healthcare,EMEA,4000,Product Revenue,Revenue,20.079,SAP-ECC
2023-12,FY2023,Q4,Healthcare,EMEA,4100,Service Revenue,Revenue,8.955,SAP-ECC
2023-12,FY2023,Q4,Healthcare,EMEA,5000,Cost of Goods Sold,COGS,-16.148,SAP-ECC
2023-12,FY2023,Q4,Healthcare,EMEA,6100,Salaries & Wages,Opex,-2.404,SAP-ECC
2023-12,FY2023,Q4,Healthcare,EMEA,6200,Marketing,Opex,-0.89,SAP-ECC
2023-12,FY2023,Q4,Healthcare,EMEA,6300,R&D,Opex,-1.243,SAP-ECC
2023-12,FY2023,Q4,Healthcare,EMEA,6400,Travel,Opex,-0.321,SAP-ECC
2023-12,FY2023,Q4,Healthcare,EMEA,6500,IT & Infrastructure,Opex,-0.752,SAP-ECC
2023-12,FY2023,Q4,Healthcare,EMEA,6600,General & Admin,Opex,-0.451,SAP-ECC
2023-12,FY2023,Q4,Healthcare,EMEA,7100,Depreciation,D&A,-1.417,SAP-ECC
2023-12,FY2023,Q4,Healthcare,EMEA,8100,Interest Expense,Finance,-0.945,SAP-ECC
2023-12,FY2023,Q4,Healthcare,EMEA,9100,Income Tax,Tax,-1.835,SAP-ECC
2023-12,FY2023,Q4,Healthcare,Americas,4000,Product Revenue,Revenue,26.679,SAP-ECC
2023-12,FY2023,Q4,Healthcare,Americas,4100,Service Revenue,Revenue,11.302,SAP-ECC
2023-12,FY2023,Q4,Healthcare,Americas,5000,Cost of Goods Sold,COGS,-21.618,SAP-ECC
2023-12,FY2023,Q4,Healthcare,Americas,6100,Salaries & Wages,Opex,-3.127,SAP-ECC
2023-12,FY2023,Q4,Healthcare,Americas,6200,Marketing,Opex,-1.067,SAP-ECC
2023-12,FY2023,Q4,Healthcare,Americas,6300,R&D,Opex,-1.488,SAP-ECC
2023-12,FY2023,Q4,Healthcare,Americas,6400,Travel,Opex,-0.343,SAP-ECC
2023-12,FY2023,Q4,Healthcare,Americas,6500,IT & Infrastructure,Opex,-0.856,SAP-ECC
2023-12,FY2023,Q4,Healthcare,Americas,6600,General & Admin,Opex,-0.635,SAP-ECC
2023-12,FY2023,Q4,Healthcare,Americas,7100,Depreciation,D&A,-1.897,SAP-ECC
2023-12,FY2023,Q4,Healthcare,Americas,8100,Interest Expense,Finance,-1.078,SAP-ECC
2023-12,FY2023,Q4,Healthcare,Americas,9100,Income Tax,Tax,-2.329,SAP-ECC
2024-01,FY2024,Q1,Electronics,APAC,4000,Product Revenue,Revenue,27.146,SAP-ECC
2024-01,FY2024,Q1,Electronics,APAC,4100,Service Revenue,Revenue,10.425,SAP-ECC
2024-01,FY2024,Q1,Electronics,APAC,5000,Cost of Goods Sold,COGS,-19.35,SAP-ECC
2024-01,FY2024,Q1,Electronics,APAC,6100,Salaries & Wages,Opex,-3.027,SAP-ECC
2024-01,FY2024,Q1,Electronics,APAC,6200,Marketing,Opex,-1.139,SAP-ECC
2024-01,FY2024,Q1,Electronics,APAC,6300,R&D,Opex,-1.483,SAP-ECC
2024-01,FY2024,Q1,Electronics,APAC,6400,Travel,Opex,-0.381,SAP-ECC
2024-01,FY2024,Q1,Electronics,APAC,6500,IT & Infrastructure,Opex,-0.9,SAP-ECC
2024-01,FY2024,Q1,Electronics,APAC,6600,General & Admin,Opex,-0.595,SAP-ECC
2024-01,FY2024,Q1,Electronics,APAC,7100,Depreciation,D&A,-1.807,SAP-ECC
2024-01,FY2024,Q1,Electronics,APAC,8100,Interest Expense,Finance,-1.107,SAP-ECC
2024-01,FY2024,Q1,Electronics,APAC,9100,Income Tax,Tax,-2.218,SAP-ECC
2024-01,FY2024,Q1,Electronics,EMEA,4000,Product Revenue,Revenue,27.289,SAP-ECC
2024-01,FY2024,Q1,Electronics,EMEA,4100,Service Revenue,Revenue,11.697,SAP-ECC
2024-01,FY2024,Q1,Electronics,EMEA,5000,Cost of Goods Sold,COGS,-20.73,SAP-ECC
2024-01,FY2024,Q1,Electronics,EMEA,6100,Salaries & Wages,Opex,-3.035,SAP-ECC
2024-01,FY2024,Q1,Electronics,EMEA,6200,Marketing,Opex,-1.295,SAP-ECC
2024-01,FY2024,Q1,Electronics,EMEA,6300,R&D,Opex,-1.595,SAP-ECC
2024-01,FY2024,Q1,Electronics,EMEA,6400,Travel,Opex,-0.38,SAP-ECC
2024-01,FY2024,Q1,Electronics,EMEA,6500,IT & Infrastructure,Opex,-0.897,SAP-ECC
2024-01,FY2024,Q1,Electronics,EMEA,6600,General & Admin,Opex,-0.591,SAP-ECC
2024-01,FY2024,Q1,Electronics,EMEA,7100,Depreciation,D&A,-2.121,SAP-ECC
2024-01,FY2024,Q1,Electronics,EMEA,8100,Interest Expense,Finance,-1.114,SAP-ECC
2024-01,FY2024,Q1,Electronics,EMEA,9100,Income Tax,Tax,-2.619,SAP-ECC
2024-01,FY2024,Q1,Electronics,Americas,4000,Product Revenue,Revenue,35.579,SAP-ECC
2024-01,FY2024,Q1,Electronics,Americas,4100,Service Revenue,Revenue,15.373,SAP-ECC
2024-01,FY2024,Q1,Electronics,Americas,5000,Cost of Goods Sold,COGS,-24.206,SAP-ECC
2024-01,FY2024,Q1,Electronics,Americas,6100,Salaries & Wages,Opex,-3.725,SAP-ECC
2024-01,FY2024,Q1,Electronics,Americas,6200,Marketing,Opex,-1.507,SAP-ECC
2024-01,FY2024,Q1,Electronics,Americas,6300,R&D,Opex,-1.792,SAP-ECC
2024-01,FY2024,Q1,Electronics,Americas,6400,Travel,Opex,-0.469,SAP-ECC
2024-01,FY2024,Q1,Electronics,Americas,6500,IT & Infrastructure,Opex,-1.082,SAP-ECC
2024-01,FY2024,Q1,Electronics,Americas,6600,General & Admin,Opex,-0.813,SAP-ECC
2024-01,FY2024,Q1,Electronics,Americas,7100,Depreciation,D&A,-2.514,SAP-ECC
2024-01,FY2024,Q1,Electronics,Americas,8100,Interest Expense,Finance,-1.518,SAP-ECC
2024-01,FY2024,Q1,Electronics,Americas,9100,Income Tax,Tax,-2.819,SAP-ECC
2024-01,FY2024,Q1,Automotive,APAC,4000,Product Revenue,Revenue,34.861,SAP-ECC
2024-01,FY2024,Q1,Automotive,APAC,4100,Service Revenue,Revenue,14.868,SAP-ECC
2024-01,FY2024,Q1,Automotive,APAC,5000,Cost of Goods Sold,COGS,-28.569,SAP-ECC
2024-01,FY2024,Q1,Automotive,APAC,6100,Salaries & Wages,Opex,-3.84,SAP-ECC
2024-01,FY2024,Q1,Automotive,APAC,6200,Marketing,Opex,-1.496,SAP-ECC
2024-01,FY2024,Q1,Automotive,APAC,6300,R&D,Opex,-1.937,SAP-ECC
2024-01,FY2024,Q1,Automotive,APAC,6400,Travel,Opex,-0.526,SAP-ECC
2024-01,FY2024,Q1,Automotive,APAC,6500,IT & Infrastructure,Opex,-1.198,SAP-ECC
2024-01,FY2024,Q1,Automotive,APAC,6600,General & Admin,Opex,-0.811,SAP-ECC
2024-01,FY2024,Q1,Automotive,APAC,7100,Depreciation,D&A,-2.433,SAP-ECC
2024-01,FY2024,Q1,Automotive,APAC,8100,Interest Expense,Finance,-1.594,SAP-ECC
2024-01,FY2024,Q1,Automotive,APAC,9100,Income Tax,Tax,-3.13,SAP-ECC
2024-01,FY2024,Q1,Automotive,EMEA,4000,Product Revenue,Revenue,41.509,SAP-ECC
2024-01,FY2024,Q1,Automotive,EMEA,4100,Service Revenue,Revenue,16.392,SAP-ECC
2024-01,FY2024,Q1,Automotive,EMEA,5000,Cost of Goods Sold,COGS,-33.229,SAP-ECC
2024-01,FY2024,Q1,Automotive,EMEA,6100,Salaries & Wages,Opex,-4.863,SAP-ECC
2024-01,FY2024,Q1,Automotive,EMEA,6200,Marketing,Opex,-1.667,SAP-ECC
2024-01,FY2024,Q1,Automotive,EMEA,6300,R&D,Opex,-2.151,SAP-ECC
2024-01,FY2024,Q1,Automotive,EMEA,6400,Travel,Opex,-0.548,SAP-ECC
2024-01,FY2024,Q1,Automotive,EMEA,6500,IT & Infrastructure,Opex,-1.35,SAP-ECC
2024-01,FY2024,Q1,Automotive,EMEA,6600,General & Admin,Opex,-0.97,SAP-ECC
2024-01,FY2024,Q1,Automotive,EMEA,7100,Depreciation,D&A,-2.956,SAP-ECC
2024-01,FY2024,Q1,Automotive,EMEA,8100,Interest Expense,Finance,-1.769,SAP-ECC
2024-01,FY2024,Q1,Automotive,EMEA,9100,Income Tax,Tax,-3.272,SAP-ECC
2024-01,FY2024,Q1,Automotive,Americas,4000,Product Revenue,Revenue,44.909,SAP-ECC
2024-01,FY2024,Q1,Automotive,Americas,4100,Service Revenue,Revenue,20.651,SAP-ECC
2024-01,FY2024,Q1,Automotive,Americas,5000,Cost of Goods Sold,COGS,-39.394,SAP-ECC
2024-01,FY2024,Q1,Automotive,Americas,6100,Salaries & Wages,Opex,-5.424,SAP-ECC
2024-01,FY2024,Q1,Automotive,Americas,6200,Marketing,Opex,-1.872,SAP-ECC
2024-01,FY2024,Q1,Automotive,Americas,6300,R&D,Opex,-2.851,SAP-ECC
2024-01,FY2024,Q1,Automotive,Americas,6400,Travel,Opex,-0.714,SAP-ECC
2024-01,FY2024,Q1,Automotive,Americas,6500,IT & Infrastructure,Opex,-1.55,SAP-ECC
2024-01,FY2024,Q1,Automotive,Americas,6600,General & Admin,Opex,-1.125,SAP-ECC
2024-01,FY2024,Q1,Automotive,Americas,7100,Depreciation,D&A,-3.221,SAP-ECC
2024-01,FY2024,Q1,Automotive,Americas,8100,Interest Expense,Finance,-2.16,SAP-ECC
2024-01,FY2024,Q1,Automotive,Americas,9100,Income Tax,Tax,-3.933,SAP-ECC
2024-01,FY2024,Q1,Healthcare,APAC,4000,Product Revenue,Revenue,17.43,SAP-ECC
2024-01,FY2024,Q1,Healthcare,APAC,4100,Service Revenue,Revenue,8.155,SAP-ECC
2024-01,FY2024,Q1,Healthcare,APAC,5000,Cost of Goods Sold,COGS,-13.163,SAP-ECC
2024-01,FY2024,Q1,Healthcare,APAC,6100,Salaries & Wages,Opex,-1.997,SAP-ECC
2024-01,FY2024,Q1,Healthcare,APAC,6200,Marketing,Opex,-0.735,SAP-ECC
2024-01,FY2024,Q1,Healthcare,APAC,6300,R&D,Opex,-0.922,SAP-ECC
2024-01,FY2024,Q1,Healthcare,APAC,6400,Travel,Opex,-0.232,SAP-ECC
2024-01,FY2024,Q1,Healthcare,APAC,6500,IT & Infrastructure,Opex,-0.605,SAP-ECC
2024-01,FY2024,Q1,Healthcare,APAC,6600,General & Admin,Opex,-0.384,SAP-ECC
2024-01,FY2024,Q1,Healthcare,APAC,7100,Depreciation,D&A,-1.37,SAP-ECC
2024-01,FY2024,Q1,Healthcare,APAC,8100,Interest Expense,Finance,-0.739,SAP-ECC
2024-01,FY2024,Q1,Healthcare,APAC,9100,Income Tax,Tax,-1.441,SAP-ECC
2024-01,FY2024,Q1,Healthcare,EMEA,4000,Product Revenue,Revenue,21.089,SAP-ECC
2024-01,FY2024,Q1,Healthcare,EMEA,4100,Service Revenue,Revenue,8.901,SAP-ECC
2024-01,FY2024,Q1,Healthcare,EMEA,5000,Cost of Goods Sold,COGS,-15.799,SAP-ECC
2024-01,FY2024,Q1,Healthcare,EMEA,6100,Salaries & Wages,Opex,-2.354,SAP-ECC
2024-01,FY2024,Q1,Healthcare,EMEA,6200,Marketing,Opex,-0.785,SAP-ECC
2024-01,FY2024,Q1,Healthcare,EMEA,6300,R&D,Opex,-1.077,SAP-ECC
2024-01,FY2024,Q1,Healthcare,EMEA,6400,Travel,Opex,-0.296,SAP-ECC
2024-01,FY2024,Q1,Healthcare,EMEA,6500,IT & Infrastructure,Opex,-0.695,SAP-ECC
2024-01,FY2024,Q1,Healthcare,EMEA,6600,General & Admin,Opex,-0.419,SAP-ECC
2024-01,FY2024,Q1,Healthcare,EMEA,7100,Depreciation,D&A,-1.45,SAP-ECC
2024-01,FY2024,Q1,Healthcare,EMEA,8100,Interest Expense,Finance,-0.832,SAP-ECC
2024-01,FY2024,Q1,Healthcare,EMEA,9100,Income Tax,Tax,-1.594,SAP-ECC
2024-01,FY2024,Q1,Healthcare,Americas,4000,Product Revenue,Revenue,21.739,SAP-ECC
2024-01,FY2024,Q1,Healthcare,Americas,4100,Service Revenue,Revenue,9.634,SAP-ECC
2024-01,FY2024,Q1,Healthcare,Americas,5000,Cost of Goods Sold,COGS,-19.568,SAP-ECC
2024-01,FY2024,Q1,Healthcare,Americas,6100,Salaries & Wages,Opex,-2.709,SAP-ECC
2024-01,FY2024,Q1,Healthcare,Americas,6200,Marketing,Opex,-1.048,SAP-ECC
2024-01,FY2024,Q1,Healthcare,Americas,6300,R&D,Opex,-1.35,SAP-ECC
2024-01,FY2024,Q1,Healthcare,Americas,6400,Travel,Opex,-0.312,SAP-ECC
2024-01,FY2024,Q1,Healthcare,Americas,6500,IT & Infrastructure,Opex,-0.775,SAP-ECC
2024-01,FY2024,Q1,Healthcare,Americas,6600,General & Admin,Opex,-0.518,SAP-ECC
2024-01,FY2024,Q1,Healthcare,Americas,7100,Depreciation,D&A,-1.543,SAP-ECC
2024-01,FY2024,Q1,Healthcare,Americas,8100,Interest Expense,Finance,-0.993,SAP-ECC
2024-01,FY2024,Q1,Healthcare,Americas,9100,Income Tax,Tax,-2.208,SAP-ECC
2024-02,FY2024,Q1,Electronics,APAC,4000,Product Revenue,Revenue,25.345,SAP-ECC
2024-02,FY2024,Q1,Electronics,APAC,4100,Service Revenue,Revenue,10.187,SAP-ECC
2024-02,FY2024,Q1,Electronics,APAC,5000,Cost of Goods Sold,COGS,-21.516,SAP-ECC
2024-02,FY2024,Q1,Electronics,APAC,6100,Salaries & Wages,Opex,-2.969,SAP-ECC
2024-02,FY2024,Q1,Electronics,APAC,6200,Marketing,Opex,-1.0,SAP-ECC
2024-02,FY2024,Q1,Electronics,APAC,6300,R&D,Opex,-1.463,SAP-ECC
2024-02,FY2024,Q1,Electronics,APAC,6400,Travel,Opex,-0.348,SAP-ECC
2024-02,FY2024,Q1,Electronics,APAC,6500,IT & Infrastructure,Opex,-0.82,SAP-ECC
2024-02,FY2024,Q1,Electronics,APAC,6600,General & Admin,Opex,-0.576,SAP-ECC
2024-02,FY2024,Q1,Electronics,APAC,7100,Depreciation,D&A,-1.862,SAP-ECC
2024-02,FY2024,Q1,Electronics,APAC,8100,Interest Expense,Finance,-1.044,SAP-ECC
2024-02,FY2024,Q1,Electronics,APAC,9100,Income Tax,Tax,-2.246,SAP-ECC
2024-02,FY2024,Q1,Electronics,EMEA,4000,Product Revenue,Revenue,29.209,SAP-ECC
2024-02,FY2024,Q1,Electronics,EMEA,4100,Service Revenue,Revenue,11.264,SAP-ECC
2024-02,FY2024,Q1,Electronics,EMEA,5000,Cost of Goods Sold,COGS,-24.183,SAP-ECC
2024-02,FY2024,Q1,Electronics,EMEA,6100,Salaries & Wages,Opex,-2.993,SAP-ECC
2024-02,FY2024,Q1,Electronics,EMEA,6200,Marketing,Opex,-1.222,SAP-ECC
2024-02,FY2024,Q1,Electronics,EMEA,6300,R&D,Opex,-1.624,SAP-ECC
2024-02,FY2024,Q1,Electronics,EMEA,6400,Travel,Opex,-0.441,SAP-ECC
2024-02,FY2024,Q1,Electronics,EMEA,6500,IT & Infrastructure,Opex,-0.982,SAP-ECC
2024-02,FY2024,Q1,Electronics,EMEA,6600,General & Admin,Opex,-0.636,SAP-ECC
2024-02,FY2024,Q1,Electronics,EMEA,7100,Depreciation,D&A,-2.016,SAP-ECC
2024-02,FY2024,Q1,Electronics,EMEA,8100,Interest Expense,Finance,-1.246,SAP-ECC
2024-02,FY2024,Q1,Electronics,EMEA,9100,Income Tax,Tax,-2.751,SAP-ECC
2024-02,FY2024,Q1,Electronics,Americas,4000,Product Revenue,Revenue,32.559,SAP-ECC
2024-02,FY2024,Q1,Electronics,Americas,4100,Service Revenue,Revenue,13.336,SAP-ECC
2024-02,FY2024,Q1,Electronics,Americas,5000,Cost of Goods Sold,COGS,-28.132,SAP-ECC
2024-02,FY2024,Q1,Electronics,Americas,6100,Salaries & Wages,Opex,-3.784,SAP-ECC
2024-02,FY2024,Q1,Electronics,Americas,6200,Marketing,Opex,-1.52,SAP-ECC
2024-02,FY2024,Q1,Electronics,Americas,6300,R&D,Opex,-1.99,SAP-ECC
2024-02,FY2024,Q1,Electronics,Americas,6400,Travel,Opex,-0.51,SAP-ECC
2024-02,FY2024,Q1,Electronics,Americas,6500,IT & Infrastructure,Opex,-1.216,SAP-ECC
2024-02,FY2024,Q1,Electronics,Americas,6600,General & Admin,Opex,-0.755,SAP-ECC
2024-02,FY2024,Q1,Electronics,Americas,7100,Depreciation,D&A,-2.235,SAP-ECC
2024-02,FY2024,Q1,Electronics,Americas,8100,Interest Expense,Finance,-1.471,SAP-ECC
2024-02,FY2024,Q1,Electronics,Americas,9100,Income Tax,Tax,-3.21,SAP-ECC
2024-02,FY2024,Q1,Automotive,APAC,4000,Product Revenue,Revenue,33.686,SAP-ECC
2024-02,FY2024,Q1,Automotive,APAC,4100,Service Revenue,Revenue,16.086,SAP-ECC
2024-02,FY2024,Q1,Automotive,APAC,5000,Cost of Goods Sold,COGS,-27.917,SAP-ECC
2024-02,FY2024,Q1,Automotive,APAC,6100,Salaries & Wages,Opex,-4.229,SAP-ECC
2024-02,FY2024,Q1,Automotive,APAC,6200,Marketing,Opex,-1.568,SAP-ECC
2024-02,FY2024,Q1,Automotive,APAC,6300,R&D,Opex,-2.157,SAP-ECC
2024-02,FY2024,Q1,Automotive,APAC,6400,Travel,Opex,-0.471,SAP-ECC
2024-02,FY2024,Q1,Automotive,APAC,6500,IT & Infrastructure,Opex,-1.286,SAP-ECC
2024-02,FY2024,Q1,Automotive,APAC,6600,General & Admin,Opex,-0.811,SAP-ECC
2024-02,FY2024,Q1,Automotive,APAC,7100,Depreciation,D&A,-2.46,SAP-ECC
2024-02,FY2024,Q1,Automotive,APAC,8100,Interest Expense,Finance,-1.408,SAP-ECC
2024-02,FY2024,Q1,Automotive,APAC,9100,Income Tax,Tax,-3.022,SAP-ECC
2024-02,FY2024,Q1,Automotive,EMEA,4000,Product Revenue,Revenue,36.486,SAP-ECC
2024-02,FY2024,Q1,Automotive,EMEA,4100,Service Revenue,Revenue,18.342,SAP-ECC
2024-02,FY2024,Q1,Automotive,EMEA,5000,Cost of Goods Sold,COGS,-31.301,SAP-ECC
2024-02,FY2024,Q1,Automotive,EMEA,6100,Salaries & Wages,Opex,-4.936,SAP-ECC
2024-02,FY2024,Q1,Automotive,EMEA,6200,Marketing,Opex,-1.716,SAP-ECC
2024-02,FY2024,Q1,Automotive,EMEA,6300,R&D,Opex,-2.17,SAP-ECC
2024-02,FY2024,Q1,Automotive,EMEA,6400,Travel,Opex,-0.593,SAP-ECC
2024-02,FY2024,Q1,Automotive,EMEA,6500,IT & Infrastructure,Opex,-1.287,SAP-ECC
2024-02,FY2024,Q1,Automotive,EMEA,6600,General & Admin,Opex,-0.885,SAP-ECC
2024-02,FY2024,Q1,Automotive,EMEA,7100,Depreciation,D&A,-2.98,SAP-ECC
2024-02,FY2024,Q1,Automotive,EMEA,8100,Interest Expense,Finance,-1.814,SAP-ECC
2024-02,FY2024,Q1,Automotive,EMEA,9100,Income Tax,Tax,-3.441,SAP-ECC
2024-02,FY2024,Q1,Automotive,Americas,4000,Product Revenue,Revenue,44.484,SAP-ECC
2024-02,FY2024,Q1,Automotive,Americas,4100,Service Revenue,Revenue,19.952,SAP-ECC
2024-02,FY2024,Q1,Automotive,Americas,5000,Cost of Goods Sold,COGS,-40.059,SAP-ECC
2024-02,FY2024,Q1,Automotive,Americas,6100,Salaries & Wages,Opex,-5.685,SAP-ECC
2024-02,FY2024,Q1,Automotive,Americas,6200,Marketing,Opex,-2.187,SAP-ECC
2024-02,FY2024,Q1,Automotive,Americas,6300,R&D,Opex,-2.669,SAP-ECC
2024-02,FY2024,Q1,Automotive,Americas,6400,Travel,Opex,-0.739,SAP-ECC
2024-02,FY2024,Q1,Automotive,Americas,6500,IT & Infrastructure,Opex,-1.633,SAP-ECC
2024-02,FY2024,Q1,Automotive,Americas,6600,General & Admin,Opex,-1.089,SAP-ECC
2024-02,FY2024,Q1,Automotive,Americas,7100,Depreciation,D&A,-3.663,SAP-ECC
2024-02,FY2024,Q1,Automotive,Americas,8100,Interest Expense,Finance,-2.05,SAP-ECC
2024-02,FY2024,Q1,Automotive,Americas,9100,Income Tax,Tax,-4.485,SAP-ECC
2024-02,FY2024,Q1,Healthcare,APAC,4000,Product Revenue,Revenue,18.602,SAP-ECC
2024-02,FY2024,Q1,Healthcare,APAC,4100,Service Revenue,Revenue,7.087,SAP-ECC
2024-02,FY2024,Q1,Healthcare,APAC,5000,Cost of Goods Sold,COGS,-14.304,SAP-ECC
2024-02,FY2024,Q1,Healthcare,APAC,6100,Salaries & Wages,Opex,-2.161,SAP-ECC
2024-02,FY2024,Q1,Healthcare,APAC,6200,Marketing,Opex,-0.772,SAP-ECC
2024-02,FY2024,Q1,Healthcare,APAC,6300,R&D,Opex,-0.989,SAP-ECC
2024-02,FY2024,Q1,Healthcare,APAC,6400,Travel,Opex,-0.236,SAP-ECC
2024-02,FY2024,Q1,Healthcare,APAC,6500,IT & Infrastructure,Opex,-0.631,SAP-ECC
2024-02,FY2024,Q1,Healthcare,APAC,6600,General & Admin,Opex,-0.395,SAP-ECC
2024-02,FY2024,Q1,Healthcare,APAC,7100,Depreciation,D&A,-1.3,SAP-ECC
2024-02,FY2024,Q1,Healthcare,APAC,8100,Interest Expense,Finance,-0.756,SAP-ECC
2024-02,FY2024,Q1,Healthcare,APAC,9100,Income Tax,Tax,-1.65,SAP-ECC
2024-02,FY2024,Q1,Healthcare,EMEA,4000,Product Revenue,Revenue,19.339,SAP-ECC
2024-02,FY2024,Q1,Healthcare,EMEA,4100,Service Revenue,Revenue,7.819,SAP-ECC
2024-02,FY2024,Q1,Healthcare,EMEA,5000,Cost of Goods Sold,COGS,-16.637,SAP-ECC
2024-02,FY2024,Q1,Healthcare,EMEA,6100,Salaries & Wages,Opex,-2.211,SAP-ECC
2024-02,FY2024,Q1,Healthcare,EMEA,6200,Marketing,Opex,-0.927,SAP-ECC
2024-02,FY2024,Q1,Healthcare,EMEA,6300,R&D,Opex,-1.09,SAP-ECC
2024-02,FY2024,Q1,Healthcare,EMEA,6400,Travel,Opex,-0.308,SAP-ECC
2024-02,FY2024,Q1,Healthcare,EMEA,6500,IT & Infrastructure,Opex,-0.735,SAP-ECC
2024-02,FY2024,Q1,Healthcare,EMEA,6600,General & Admin,Opex,-0.42,SAP-ECC
2024-02,FY2024,Q1,Healthcare,EMEA,7100,Depreciation,D&A,-1.454,SAP-ECC
2024-02,FY2024,Q1,Healthcare,EMEA,8100,Interest Expense,Finance,-0.831,SAP-ECC
2024-02,FY2024,Q1,Healthcare,EMEA,9100,Income Tax,Tax,-1.869,SAP-ECC
2024-02,FY2024,Q1,Healthcare,Americas,4000,Product Revenue,Revenue,24.6,SAP-ECC
2024-02,FY2024,Q1,Healthcare,Americas,4100,Service Revenue,Revenue,11.04,SAP-ECC
2024-02,FY2024,Q1,Healthcare,Americas,5000,Cost of Goods Sold,COGS,-17.537,SAP-ECC
2024-02,FY2024,Q1,Healthcare,Americas,6100,Salaries & Wages,Opex,-2.777,SAP-ECC
2024-02,FY2024,Q1,Healthcare,Americas,6200,Marketing,Opex,-1.073,SAP-ECC
2024-02,FY2024,Q1,Healthcare,Americas,6300,R&D,Opex,-1.249,SAP-ECC
2024-02,FY2024,Q1,Healthcare,Americas,6400,Travel,Opex,-0.314,SAP-ECC
2024-02,FY2024,Q1,Healthcare,Americas,6500,IT & Infrastructure,Opex,-0.858,SAP-ECC
2024-02,FY2024,Q1,Healthcare,Americas,6600,General & Admin,Opex,-0.532,SAP-ECC
2024-02,FY2024,Q1,Healthcare,Americas,7100,Depreciation,D&A,-1.667,SAP-ECC
2024-02,FY2024,Q1,Healthcare,Americas,8100,Interest Expense,Finance,-1.034,SAP-ECC
2024-02,FY2024,Q1,Healthcare,Americas,9100,Income Tax,Tax,-2.168,SAP-ECC
2024-03,FY2024,Q1,Electronics,APAC,4000,Product Revenue,Revenue,26.726,SAP-ECC
2024-03,FY2024,Q1,Electronics,APAC,4100,Service Revenue,Revenue,11.988,SAP-ECC
2024-03,FY2024,Q1,Electronics,APAC,5000,Cost of Goods Sold,COGS,-19.886,SAP-ECC
2024-03,FY2024,Q1,Electronics,APAC,6100,Salaries & Wages,Opex,-3.099,SAP-ECC
2024-03,FY2024,Q1,Electronics,APAC,6200,Marketing,Opex,-1.125,SAP-ECC
2024-03,FY2024,Q1,Electronics,APAC,6300,R&D,Opex,-1.488,SAP-ECC
2024-03,FY2024,Q1,Electronics,APAC,6400,Travel,Opex,-0.363,SAP-ECC
2024-03,FY2024,Q1,Electronics,APAC,6500,IT & Infrastructure,Opex,-0.912,SAP-ECC
2024-03,FY2024,Q1,Electronics,APAC,6600,General & Admin,Opex,-0.566,SAP-ECC
2024-03,FY2024,Q1,Electronics,APAC,7100,Depreciation,D&A,-1.723,SAP-ECC
2024-03,FY2024,Q1,Electronics,APAC,8100,Interest Expense,Finance,-1.157,SAP-ECC
2024-03,FY2024,Q1,Electronics,APAC,9100,Income Tax,Tax,-2.312,SAP-ECC
2024-03,FY2024,Q1,Electronics,EMEA,4000,Product Revenue,Revenue,28.198,SAP-ECC
2024-03,FY2024,Q1,Electronics,EMEA,4100,Service Revenue,Revenue,12.469,SAP-ECC
2024-03,FY2024,Q1,Electronics,EMEA,5000,Cost of Goods Sold,COGS,-21.651,SAP-ECC
2024-03,FY2024,Q1,Electronics,EMEA,6100,Salaries & Wages,Opex,-3.148,SAP-ECC
2024-03,FY2024,Q1,Electronics,EMEA,6200,Marketing,Opex,-1.222,SAP-ECC
2024-03,FY2024,Q1,Electronics,EMEA,6300,R&D,Opex,-1.79,SAP-ECC
2024-03,FY2024,Q1,Electronics,EMEA,6400,Travel,Opex,-0.395,SAP-ECC
2024-03,FY2024,Q1,Electronics,EMEA,6500,IT & Infrastructure,Opex,-1.06,SAP-ECC
2024-03,FY2024,Q1,Electronics,EMEA,6600,General & Admin,Opex,-0.657,SAP-ECC
2024-03,FY2024,Q1,Electronics,EMEA,7100,Depreciation,D&A,-1.917,SAP-ECC
2024-03,FY2024,Q1,Electronics,EMEA,8100,Interest Expense,Finance,-1.311,SAP-ECC
2024-03,FY2024,Q1,Electronics,EMEA,9100,Income Tax,Tax,-2.547,SAP-ECC
2024-03,FY2024,Q1,Electronics,Americas,4000,Product Revenue,Revenue,36.987,SAP-ECC
2024-03,FY2024,Q1,Electronics,Americas,4100,Service Revenue,Revenue,14.655,SAP-ECC
2024-03,FY2024,Q1,Electronics,Americas,5000,Cost of Goods Sold,COGS,-25.14,SAP-ECC
2024-03,FY2024,Q1,Electronics,Americas,6100,Salaries & Wages,Opex,-4.075,SAP-ECC
2024-03,FY2024,Q1,Electronics,Americas,6200,Marketing,Opex,-1.571,SAP-ECC
2024-03,FY2024,Q1,Electronics,Americas,6300,R&D,Opex,-1.91,SAP-ECC
2024-03,FY2024,Q1,Electronics,Americas,6400,Travel,Opex,-0.48,SAP-ECC
2024-03,FY2024,Q1,Electronics,Americas,6500,IT & Infrastructure,Opex,-1.092,SAP-ECC
2024-03,FY2024,Q1,Electronics,Americas,6600,General & Admin,Opex,-0.795,SAP-ECC
2024-03,FY2024,Q1,Electronics,Americas,7100,Depreciation,D&A,-2.639,SAP-ECC
2024-03,FY2024,Q1,Electronics,Americas,8100,Interest Expense,Finance,-1.573,SAP-ECC
2024-03,FY2024,Q1,Electronics,Americas,9100,Income Tax,Tax,-3.2,SAP-ECC
2024-03,FY2024,Q1,Automotive,APAC,4000,Product Revenue,Revenue,39.021,SAP-ECC
2024-03,FY2024,Q1,Automotive,APAC,4100,Service Revenue,Revenue,15.921,SAP-ECC
2024-03,FY2024,Q1,Automotive,APAC,5000,Cost of Goods Sold,COGS,-29.981,SAP-ECC
2024-03,FY2024,Q1,Automotive,APAC,6100,Salaries & Wages,Opex,-4.15,SAP-ECC
2024-03,FY2024,Q1,Automotive,APAC,6200,Marketing,Opex,-1.449,SAP-ECC
2024-03,FY2024,Q1,Automotive,APAC,6300,R&D,Opex,-1.962,SAP-ECC
2024-03,FY2024,Q1,Automotive,APAC,6400,Travel,Opex,-0.485,SAP-ECC
2024-03,FY2024,Q1,Automotive,APAC,6500,IT & Infrastructure,Opex,-1.308,SAP-ECC
2024-03,FY2024,Q1,Automotive,APAC,6600,General & Admin,Opex,-0.759,SAP-ECC
2024-03,FY2024,Q1,Automotive,APAC,7100,Depreciation,D&A,-2.615,SAP-ECC
2024-03,FY2024,Q1,Automotive,APAC,8100,Interest Expense,Finance,-1.518,SAP-ECC
2024-03,FY2024,Q1,Automotive,APAC,9100,Income Tax,Tax,-3.413,SAP-ECC
2024-03,FY2024,Q1,Automotive,EMEA,4000,Product Revenue,Revenue,40.66,SAP-ECC
2024-03,FY2024,Q1,Automotive,EMEA,4100,Service Revenue,Revenue,17.611,SAP-ECC
2024-03,FY2024,Q1,Automotive,EMEA,5000,Cost of Goods Sold,COGS,-29.321,SAP-ECC
2024-03,FY2024,Q1,Automotive,EMEA,6100,Salaries & Wages,Opex,-4.448,SAP-ECC
2024-03,FY2024,Q1,Automotive,EMEA,6200,Marketing,Opex,-1.88,SAP-ECC
2024-03,FY2024,Q1,Automotive,EMEA,6300,R&D,Opex,-2.392,SAP-ECC
2024-03,FY2024,Q1,Automotive,EMEA,6400,Travel,Opex,-0.578,SAP-ECC
2024-03,FY2024,Q1,Automotive,EMEA,6500,IT & Infrastructure,Opex,-1.448,SAP-ECC
2024-03,FY2024,Q1,Automotive,EMEA,6600,General & Admin,Opex,-0.974,SAP-ECC
2024-03,FY2024,Q1,Automotive,EMEA,7100,Depreciation,D&A,-2.659,SAP-ECC
2024-03,FY2024,Q1,Automotive,EMEA,8100,Interest Expense,Finance,-1.872,SAP-ECC
2024-03,FY2024,Q1,Automotive,EMEA,9100,Income Tax,Tax,-3.688,SAP-ECC
2024-03,FY2024,Q1,Automotive,Americas,4000,Product Revenue,Revenue,47.916,SAP-ECC
2024-03,FY2024,Q1,Automotive,Americas,4100,Service Revenue,Revenue,21.385,SAP-ECC
2024-03,FY2024,Q1,Automotive,Americas,5000,Cost of Goods Sold,COGS,-36.934,SAP-ECC
2024-03,FY2024,Q1,Automotive,Americas,6100,Salaries & Wages,Opex,-5.898,SAP-ECC
2024-03,FY2024,Q1,Automotive,Americas,6200,Marketing,Opex,-2.175,SAP-ECC
2024-03,FY2024,Q1,Automotive,Americas,6300,R&D,Opex,-2.831,SAP-ECC
2024-03,FY2024,Q1,Automotive,Americas,6400,Travel,Opex,-0.652,SAP-ECC
2024-03,FY2024,Q1,Automotive,Americas,6500,IT & Infrastructure,Opex,-1.795,SAP-ECC
2024-03,FY2024,Q1,Automotive,Americas,6600,General & Admin,Opex,-1.092,SAP-ECC
2024-03,FY2024,Q1,Automotive,Americas,7100,Depreciation,D&A,-3.706,SAP-ECC
2024-03,FY2024,Q1,Automotive,Americas,8100,Interest Expense,Finance,-1.908,SAP-ECC
2024-03,FY2024,Q1,Automotive,Americas,9100,Income Tax,Tax,-4.028,SAP-ECC
2024-03,FY2024,Q1,Healthcare,APAC,4000,Product Revenue,Revenue,17.009,SAP-ECC
2024-03,FY2024,Q1,Healthcare,APAC,4100,Service Revenue,Revenue,7.306,SAP-ECC
2024-03,FY2024,Q1,Healthcare,APAC,5000,Cost of Goods Sold,COGS,-13.795,SAP-ECC
2024-03,FY2024,Q1,Healthcare,APAC,6100,Salaries & Wages,Opex,-2.149,SAP-ECC
2024-03,FY2024,Q1,Healthcare,APAC,6200,Marketing,Opex,-0.756,SAP-ECC
2024-03,FY2024,Q1,Healthcare,APAC,6300,R&D,Opex,-1.117,SAP-ECC
2024-03,FY2024,Q1,Healthcare,APAC,6400,Travel,Opex,-0.277,SAP-ECC
2024-03,FY2024,Q1,Healthcare,APAC,6500,IT & Infrastructure,Opex,-0.66,SAP-ECC
2024-03,FY2024,Q1,Healthcare,APAC,6600,General & Admin,Opex,-0.396,SAP-ECC
2024-03,FY2024,Q1,Healthcare,APAC,7100,Depreciation,D&A,-1.326,SAP-ECC
2024-03,FY2024,Q1,Healthcare,APAC,8100,Interest Expense,Finance,-0.784,SAP-ECC
2024-03,FY2024,Q1,Healthcare,APAC,9100,Income Tax,Tax,-1.511,SAP-ECC
2024-03,FY2024,Q1,Healthcare,EMEA,4000,Product Revenue,Revenue,19.437,SAP-ECC
2024-03,FY2024,Q1,Healthcare,EMEA,4100,Service Revenue,Revenue,8.685,SAP-ECC
2024-03,FY2024,Q1,Healthcare,EMEA,5000,Cost of Goods Sold,COGS,-15.835,SAP-ECC
2024-03,FY2024,Q1,Healthcare,EMEA,6100,Salaries & Wages,Opex,-2.166,SAP-ECC
2024-03,FY2024,Q1,Healthcare,EMEA,6200,Marketing,Opex,-0.931,SAP-ECC
2024-03,FY2024,Q1,Healthcare,EMEA,6300,R&D,Opex,-1.08,SAP-ECC
2024-03,FY2024,Q1,Healthcare,EMEA,6400,Travel,Opex,-0.296,SAP-ECC
2024-03,FY2024,Q1,Healthcare,EMEA,6500,IT & Infrastructure,Opex,-0.718,SAP-ECC
2024-03,FY2024,Q1,Healthcare,EMEA,6600,General & Admin,Opex,-0.469,SAP-ECC
2024-03,FY2024,Q1,Healthcare,EMEA,7100,Depreciation,D&A,-1.527,SAP-ECC
2024-03,FY2024,Q1,Healthcare,EMEA,8100,Interest Expense,Finance,-0.873,SAP-ECC
2024-03,FY2024,Q1,Healthcare,EMEA,9100,Income Tax,Tax,-1.903,SAP-ECC
2024-03,FY2024,Q1,Healthcare,Americas,4000,Product Revenue,Revenue,22.141,SAP-ECC
2024-03,FY2024,Q1,Healthcare,Americas,4100,Service Revenue,Revenue,9.521,SAP-ECC
2024-03,FY2024,Q1,Healthcare,Americas,5000,Cost of Goods Sold,COGS,-19.472,SAP-ECC
2024-03,FY2024,Q1,Healthcare,Americas,6100,Salaries & Wages,Opex,-2.8,SAP-ECC
2024-03,FY2024,Q1,Healthcare,Americas,6200,Marketing,Opex,-1.064,SAP-ECC
2024-03,FY2024,Q1,Healthcare,Americas,6300,R&D,Opex,-1.447,SAP-ECC
2024-03,FY2024,Q1,Healthcare,Americas,6400,Travel,Opex,-0.34,SAP-ECC
2024-03,FY2024,Q1,Healthcare,Americas,6500,IT & Infrastructure,Opex,-0.849,SAP-ECC
2024-03,FY2024,Q1,Healthcare,Americas,6600,General & Admin,Opex,-0.552,SAP-ECC
2024-03,FY2024,Q1,Healthcare,Americas,7100,Depreciation,D&A,-1.766,SAP-ECC
2024-03,FY2024,Q1,Healthcare,Americas,8100,Interest Expense,Finance,-0.997,SAP-ECC
2024-03,FY2024,Q1,Healthcare,Americas,9100,Income Tax,Tax,-2.334,SAP-ECC
2024-04,FY2024,Q2,Electronics,APAC,4000,Product Revenue,Revenue,26.18,SAP-ECC
2024-04,FY2024,Q2,Electronics,APAC,4100,Service Revenue,Revenue,11.865,SAP-ECC
2024-04,FY2024,Q2,Electronics,APAC,5000,Cost of Goods Sold,COGS,-21.313,SAP-ECC
2024-04,FY2024,Q2,Electronics,APAC,6100,Salaries & Wages,Opex,-2.893,SAP-ECC
2024-04,FY2024,Q2,Electronics,APAC,6200,Marketing,Opex,-1.04,SAP-ECC
2024-04,FY2024,Q2,Electronics,APAC,6300,R&D,Opex,-1.383,SAP-ECC
2024-04,FY2024,Q2,Electronics,APAC,6400,Travel,Opex,-0.371,SAP-ECC
2024-04,FY2024,Q2,Electronics,APAC,6500,IT & Infrastructure,Opex,-0.898,SAP-ECC
2024-04,FY2024,Q2,Electronics,APAC,6600,General & Admin,Opex,-0.569,SAP-ECC
2024-04,FY2024,Q2,Electronics,APAC,7100,Depreciation,D&A,-1.911,SAP-ECC
2024-04,FY2024,Q2,Electronics,APAC,8100,Interest Expense,Finance,-1.088,SAP-ECC
2024-04,FY2024,Q2,Electronics,APAC,9100,Income Tax,Tax,-2.436,SAP-ECC
2024-04,FY2024,Q2,Electronics,EMEA,4000,Product Revenue,Revenue,30.395,SAP-ECC
2024-04,FY2024,Q2,Electronics,EMEA,4100,Service Revenue,Revenue,13.309,SAP-ECC
2024-04,FY2024,Q2,Electronics,EMEA,5000,Cost of Goods Sold,COGS,-24.867,SAP-ECC
2024-04,FY2024,Q2,Electronics,EMEA,6100,Salaries & Wages,Opex,-3.115,SAP-ECC
2024-04,FY2024,Q2,Electronics,EMEA,6200,Marketing,Opex,-1.222,SAP-ECC
2024-04,FY2024,Q2,Electronics,EMEA,6300,R&D,Opex,-1.686,SAP-ECC
2024-04,FY2024,Q2,Electronics,EMEA,6400,Travel,Opex,-0.403,SAP-ECC
2024-04,FY2024,Q2,Electronics,EMEA,6500,IT & Infrastructure,Opex,-0.994,SAP-ECC
2024-04,FY2024,Q2,Electronics,EMEA,6600,General & Admin,Opex,-0.639,SAP-ECC
2024-04,FY2024,Q2,Electronics,EMEA,7100,Depreciation,D&A,-1.99,SAP-ECC
2024-04,FY2024,Q2,Electronics,EMEA,8100,Interest Expense,Finance,-1.161,SAP-ECC
2024-04,FY2024,Q2,Electronics,EMEA,9100,Income Tax,Tax,-2.508,SAP-ECC
2024-04,FY2024,Q2,Electronics,Americas,4000,Product Revenue,Revenue,34.29,SAP-ECC
2024-04,FY2024,Q2,Electronics,Americas,4100,Service Revenue,Revenue,15.314,SAP-ECC
2024-04,FY2024,Q2,Electronics,Americas,5000,Cost of Goods Sold,COGS,-26.276,SAP-ECC
2024-04,FY2024,Q2,Electronics,Americas,6100,Salaries & Wages,Opex,-4.262,SAP-ECC
2024-04,FY2024,Q2,Electronics,Americas,6200,Marketing,Opex,-1.41,SAP-ECC
2024-04,FY2024,Q2,Electronics,Americas,6300,R&D,Opex,-1.939,SAP-ECC
2024-04,FY2024,Q2,Electronics,Americas,6400,Travel,Opex,-0.507,SAP-ECC
2024-04,FY2024,Q2,Electronics,Americas,6500,IT & Infrastructure,Opex,-1.16,SAP-ECC
2024-04,FY2024,Q2,Electronics,Americas,6600,General & Admin,Opex,-0.838,SAP-ECC
2024-04,FY2024,Q2,Electronics,Americas,7100,Depreciation,D&A,-2.5,SAP-ECC
2024-04,FY2024,Q2,Electronics,Americas,8100,Interest Expense,Finance,-1.504,SAP-ECC
2024-04,FY2024,Q2,Electronics,Americas,9100,Income Tax,Tax,-3.125,SAP-ECC
2024-04,FY2024,Q2,Automotive,APAC,4000,Product Revenue,Revenue,35.509,SAP-ECC
2024-04,FY2024,Q2,Automotive,APAC,4100,Service Revenue,Revenue,14.417,SAP-ECC
2024-04,FY2024,Q2,Automotive,APAC,5000,Cost of Goods Sold,COGS,-31.178,SAP-ECC
2024-04,FY2024,Q2,Automotive,APAC,6100,Salaries & Wages,Opex,-4.206,SAP-ECC
2024-04,FY2024,Q2,Automotive,APAC,6200,Marketing,Opex,-1.707,SAP-ECC
2024-04,FY2024,Q2,Automotive,APAC,6300,R&D,Opex,-1.994,SAP-ECC
2024-04,FY2024,Q2,Automotive,APAC,6400,Travel,Opex,-0.511,SAP-ECC
2024-04,FY2024,Q2,Automotive,APAC,6500,IT & Infrastructure,Opex,-1.159,SAP-ECC
2024-04,FY2024,Q2,Automotive,APAC,6600,General & Admin,Opex,-0.84,SAP-ECC
2024-04,FY2024,Q2,Automotive,APAC,7100,Depreciation,D&A,-2.805,SAP-ECC
2024-04,FY2024,Q2,Automotive,APAC,8100,Interest Expense,Finance,-1.619,SAP-ECC
2024-04,FY2024,Q2,Automotive,APAC,9100,Income Tax,Tax,-3.265,SAP-ECC
2024-04,FY2024,Q2,Automotive,EMEA,4000,Product Revenue,Revenue,41.115,SAP-ECC
2024-04,FY2024,Q2,Automotive,EMEA,4100,Service Revenue,Revenue,18.59,SAP-ECC
2024-04,FY2024,Q2,Automotive,EMEA,5000,Cost of Goods Sold,COGS,-31.7,SAP-ECC
2024-04,FY2024,Q2,Automotive,EMEA,6100,Salaries & Wages,Opex,-4.987,SAP-ECC
2024-04,FY2024,Q2,Automotive,EMEA,6200,Marketing,Opex,-1.822,SAP-ECC
2024-04,FY2024,Q2,Automotive,EMEA,6300,R&D,Opex,-2.444,SAP-ECC
2024-04,FY2024,Q2,Automotive,EMEA,6400,Travel,Opex,-0.57,SAP-ECC
2024-04,FY2024,Q2,Automotive,EMEA,6500,IT & Infrastructure,Opex,-1.376,SAP-ECC
2024-04,FY2024,Q2,Automotive,EMEA,6600,General & Admin,Opex,-0.945,SAP-ECC
2024-04,FY2024,Q2,Automotive,EMEA,7100,Depreciation,D&A,-2.759,SAP-ECC
2024-04,FY2024,Q2,Automotive,EMEA,8100,Interest Expense,Finance,-1.767,SAP-ECC
2024-04,FY2024,Q2,Automotive,EMEA,9100,Income Tax,Tax,-3.37,SAP-ECC
2024-04,FY2024,Q2,Automotive,Americas,4000,Product Revenue,Revenue,49.055,SAP-ECC
2024-04,FY2024,Q2,Automotive,Americas,4100,Service Revenue,Revenue,21.998,SAP-ECC
2024-04,FY2024,Q2,Automotive,Americas,5000,Cost of Goods Sold,COGS,-37.002,SAP-ECC
2024-04,FY2024,Q2,Automotive,Americas,6100,Salaries & Wages,Opex,-6.09,SAP-ECC
2024-04,FY2024,Q2,Automotive,Americas,6200,Marketing,Opex,-2.168,SAP-ECC
2024-04,FY2024,Q2,Automotive,Americas,6300,R&D,Opex,-2.611,SAP-ECC
2024-04,FY2024,Q2,Automotive,Americas,6400,Travel,Opex,-0.76,SAP-ECC
2024-04,FY2024,Q2,Automotive,Americas,6500,IT & Infrastructure,Opex,-1.649,SAP-ECC
2024-04,FY2024,Q2,Automotive,Americas,6600,General & Admin,Opex,-1.179,SAP-ECC
2024-04,FY2024,Q2,Automotive,Americas,7100,Depreciation,D&A,-3.401,SAP-ECC
2024-04,FY2024,Q2,Automotive,Americas,8100,Interest Expense,Finance,-2.265,SAP-ECC
2024-04,FY2024,Q2,Automotive,Americas,9100,Income Tax,Tax,-4.575,SAP-ECC
2024-04,FY2024,Q2,Healthcare,APAC,4000,Product Revenue,Revenue,17.396,SAP-ECC
2024-04,FY2024,Q2,Healthcare,APAC,4100,Service Revenue,Revenue,7.891,SAP-ECC
2024-04,FY2024,Q2,Healthcare,APAC,5000,Cost of Goods Sold,COGS,-14.443,SAP-ECC
2024-04,FY2024,Q2,Healthcare,APAC,6100,Salaries & Wages,Opex,-1.931,SAP-ECC
2024-04,FY2024,Q2,Healthcare,APAC,6200,Marketing,Opex,-0.737,SAP-ECC
2024-04,FY2024,Q2,Healthcare,APAC,6300,R&D,Opex,-1.019,SAP-ECC
2024-04,FY2024,Q2,Healthcare,APAC,6400,Travel,Opex,-0.261,SAP-ECC
2024-04,FY2024,Q2,Healthcare,APAC,6500,IT & Infrastructure,Opex,-0.625,SAP-ECC
2024-04,FY2024,Q2,Healthcare,APAC,6600,General & Admin,Opex,-0.428,SAP-ECC
2024-04,FY2024,Q2,Healthcare,APAC,7100,Depreciation,D&A,-1.317,SAP-ECC
2024-04,FY2024,Q2,Healthcare,APAC,8100,Interest Expense,Finance,-0.764,SAP-ECC
2024-04,FY2024,Q2,Healthcare,APAC,9100,Income Tax,Tax,-1.674,SAP-ECC
2024-04,FY2024,Q2,Healthcare,EMEA,4000,Product Revenue,Revenue,19.196,SAP-ECC
2024-04,FY2024,Q2,Healthcare,EMEA,4100,Service Revenue,Revenue,9.519,SAP-ECC
2024-04,FY2024,Q2,Healthcare,EMEA,5000,Cost of Goods Sold,COGS,-16.732,SAP-ECC
2024-04,FY2024,Q2,Healthcare,EMEA,6100,Salaries & Wages,Opex,-2.251,SAP-ECC
2024-04,FY2024,Q2,Healthcare,EMEA,6200,Marketing,Opex,-0.85,SAP-ECC
2024-04,FY2024,Q2,Healthcare,EMEA,6300,R&D,Opex,-1.235,SAP-ECC
2024-04,FY2024,Q2,Healthcare,EMEA,6400,Travel,Opex,-0.293,SAP-ECC
2024-04,FY2024,Q2,Healthcare,EMEA,6500,IT & Infrastructure,Opex,-0.726,SAP-ECC
2024-04,FY2024,Q2,Healthcare,EMEA,6600,General & Admin,Opex,-0.45,SAP-ECC
2024-04,FY2024,Q2,Healthcare,EMEA,7100,Depreciation,D&A,-1.541,SAP-ECC
2024-04,FY2024,Q2,Healthcare,EMEA,8100,Interest Expense,Finance,-0.855,SAP-ECC
2024-04,FY2024,Q2,Healthcare,EMEA,9100,Income Tax,Tax,-1.88,SAP-ECC
2024-04,FY2024,Q2,Healthcare,Americas,4000,Product Revenue,Revenue,26.605,SAP-ECC
2024-04,FY2024,Q2,Healthcare,Americas,4100,Service Revenue,Revenue,10.661,SAP-ECC
2024-04,FY2024,Q2,Healthcare,Americas,5000,Cost of Goods Sold,COGS,-20.276,SAP-ECC
2024-04,FY2024,Q2,Healthcare,Americas,6100,Salaries & Wages,Opex,-2.914,SAP-ECC
2024-04,FY2024,Q2,Healthcare,Americas,6200,Marketing,Opex,-1.086,SAP-ECC
2024-04,FY2024,Q2,Healthcare,Americas,6300,R&D,Opex,-1.282,SAP-ECC
2024-04,FY2024,Q2,Healthcare,Americas,6400,Travel,Opex,-0.349,SAP-ECC
2024-04,FY2024,Q2,Healthcare,Americas,6500,IT & Infrastructure,Opex,-0.91,SAP-ECC
2024-04,FY2024,Q2,Healthcare,Americas,6600,General & Admin,Opex,-0.588,SAP-ECC
2024-04,FY2024,Q2,Healthcare,Americas,7100,Depreciation,D&A,-1.837,SAP-ECC
2024-04,FY2024,Q2,Healthcare,Americas,8100,Interest Expense,Finance,-1.065,SAP-ECC
2024-04,FY2024,Q2,Healthcare,Americas,9100,Income Tax,Tax,-2.275,SAP-ECC
2024-05,FY2024,Q2,Electronics,APAC,4000,Product Revenue,Revenue,27.016,SAP-ECC
2024-05,FY2024,Q2,Electronics,APAC,4100,Service Revenue,Revenue,10.738,SAP-ECC
2024-05,FY2024,Q2,Electronics,APAC,5000,Cost of Goods Sold,COGS,-21.396,SAP-ECC
2024-05,FY2024,Q2,Electronics,APAC,6100,Salaries & Wages,Opex,-3.107,SAP-ECC
2024-05,FY2024,Q2,Electronics,APAC,6200,Marketing,Opex,-1.21,SAP-ECC
2024-05,FY2024,Q2,Electronics,APAC,6300,R&D,Opex,-1.426,SAP-ECC
2024-05,FY2024,Q2,Electronics,APAC,6400,Travel,Opex,-0.393,SAP-ECC
2024-05,FY2024,Q2,Electronics,APAC,6500,IT & Infrastructure,Opex,-0.836,SAP-ECC
2024-05,FY2024,Q2,Electronics,APAC,6600,General & Admin,Opex,-0.657,SAP-ECC
2024-05,FY2024,Q2,Electronics,APAC,7100,Depreciation,D&A,-1.769,SAP-ECC
2024-05,FY2024,Q2,Electronics,APAC,8100,Interest Expense,Finance,-1.043,SAP-ECC
2024-05,FY2024,Q2,Electronics,APAC,9100,Income Tax,Tax,-2.298,SAP-ECC
2024-05,FY2024,Q2,Electronics,EMEA,4000,Product Revenue,Revenue,27.74,SAP-ECC
2024-05,FY2024,Q2,Electronics,EMEA,4100,Service Revenue,Revenue,13.106,SAP-ECC
2024-05,FY2024,Q2,Electronics,EMEA,5000,Cost of Goods Sold,COGS,-22.868,SAP-ECC
2024-05,FY2024,Q2,Electronics,EMEA,6100,Salaries & Wages,Opex,-3.546,SAP-ECC
2024-05,FY2024,Q2,Electronics,EMEA,6200,Marketing,Opex,-1.363,SAP-ECC
2024-05,FY2024,Q2,Electronics,EMEA,6300,R&D,Opex,-1.802,SAP-ECC
2024-05,FY2024,Q2,Electronics,EMEA,6400,Travel,Opex,-0.44,SAP-ECC
2024-05,FY2024,Q2,Electronics,EMEA,6500,IT & Infrastructure,Opex,-0.935,SAP-ECC
2024-05,FY2024,Q2,Electronics,EMEA,6600,General & Admin,Opex,-0.632,SAP-ECC
2024-05,FY2024,Q2,Electronics,EMEA,7100,Depreciation,D&A,-2.002,SAP-ECC
2024-05,FY2024,Q2,Electronics,EMEA,8100,Interest Expense,Finance,-1.228,SAP-ECC
2024-05,FY2024,Q2,Electronics,EMEA,9100,Income Tax,Tax,-2.717,SAP-ECC
2024-05,FY2024,Q2,Electronics,Americas,4000,Product Revenue,Revenue,35.654,SAP-ECC
2024-05,FY2024,Q2,Electronics,Americas,4100,Service Revenue,Revenue,14.706,SAP-ECC
2024-05,FY2024,Q2,Electronics,Americas,5000,Cost of Goods Sold,COGS,-26.263,SAP-ECC
2024-05,FY2024,Q2,Electronics,Americas,6100,Salaries & Wages,Opex,-4.354,SAP-ECC
2024-05,FY2024,Q2,Electronics,Americas,6200,Marketing,Opex,-1.478,SAP-ECC
2024-05,FY2024,Q2,Electronics,Americas,6300,R&D,Opex,-1.975,SAP-ECC
2024-05,FY2024,Q2,Electronics,Americas,6400,Travel,Opex,-0.532,SAP-ECC
2024-05,FY2024,Q2,Electronics,Americas,6500,IT & Infrastructure,Opex,-1.265,SAP-ECC
2024-05,FY2024,Q2,Electronics,Americas,6600,General & Admin,Opex,-0.832,SAP-ECC
2024-05,FY2024,Q2,Electronics,Americas,7100,Depreciation,D&A,-2.623,SAP-ECC
2024-05,FY2024,Q2,Electronics,Americas,8100,Interest Expense,Finance,-1.551,SAP-ECC
2024-05,FY2024,Q2,Electronics,Americas,9100,Income Tax,Tax,-2.995,SAP-ECC
2024-05,FY2024,Q2,Automotive,APAC,4000,Product Revenue,Revenue,35.584,SAP-ECC
2024-05,FY2024,Q2,Automotive,APAC,4100,Service Revenue,Revenue,16.137,SAP-ECC
2024-05,FY2024,Q2,Automotive,APAC,5000,Cost of Goods Sold,COGS,-27.846,SAP-ECC
2024-05,FY2024,Q2,Automotive,APAC,6100,Salaries & Wages,Opex,-4.618,SAP-ECC
2024-05,FY2024,Q2,Automotive,APAC,6200,Marketing,Opex,-1.54,SAP-ECC
2024-05,FY2024,Q2,Automotive,APAC,6300,R&D,Opex,-2.049,SAP-ECC
2024-05,FY2024,Q2,Automotive,APAC,6400,Travel,Opex,-0.505,SAP-ECC
2024-05,FY2024,Q2,Automotive,APAC,6500,IT & Infrastructure,Opex,-1.324,SAP-ECC
2024-05,FY2024,Q2,Automotive,APAC,6600,General & Admin,Opex,-0.824,SAP-ECC
2024-05,FY2024,Q2,Automotive,APAC,7100,Depreciation,D&A,-2.59,SAP-ECC
2024-05,FY2024,Q2,Automotive,APAC,8100,Interest Expense,Finance,-1.721,SAP-ECC
2024-05,FY2024,Q2,Automotive,APAC,9100,Income Tax,Tax,-3.503,SAP-ECC
2024-05,FY2024,Q2,Automotive,EMEA,4000,Product Revenue,Revenue,39.736,SAP-ECC
2024-05,FY2024,Q2,Automotive,EMEA,4100,Service Revenue,Revenue,16.55,SAP-ECC
2024-05,FY2024,Q2,Automotive,EMEA,5000,Cost of Goods Sold,COGS,-33.559,SAP-ECC
2024-05,FY2024,Q2,Automotive,EMEA,6100,Salaries & Wages,Opex,-4.631,SAP-ECC
2024-05,FY2024,Q2,Automotive,EMEA,6200,Marketing,Opex,-1.926,SAP-ECC
2024-05,FY2024,Q2,Automotive,EMEA,6300,R&D,Opex,-2.5,SAP-ECC
2024-05,FY2024,Q2,Automotive,EMEA,6400,Travel,Opex,-0.639,SAP-ECC
2024-05,FY2024,Q2,Automotive,EMEA,6500,IT & Infrastructure,Opex,-1.497,SAP-ECC
2024-05,FY2024,Q2,Automotive,EMEA,6600,General & Admin,Opex,-0.911,SAP-ECC
2024-05,FY2024,Q2,Automotive,EMEA,7100,Depreciation,D&A,-2.846,SAP-ECC
2024-05,FY2024,Q2,Automotive,EMEA,8100,Interest Expense,Finance,-1.842,SAP-ECC
2024-05,FY2024,Q2,Automotive,EMEA,9100,Income Tax,Tax,-3.596,SAP-ECC
2024-05,FY2024,Q2,Automotive,Americas,4000,Product Revenue,Revenue,49.179,SAP-ECC
2024-05,FY2024,Q2,Automotive,Americas,4100,Service Revenue,Revenue,20.371,SAP-ECC
2024-05,FY2024,Q2,Automotive,Americas,5000,Cost of Goods Sold,COGS,-38.896,SAP-ECC
2024-05,FY2024,Q2,Automotive,Americas,6100,Salaries & Wages,Opex,-5.377,SAP-ECC
2024-05,FY2024,Q2,Automotive,Americas,6200,Marketing,Opex,-2.144,SAP-ECC
2024-05,FY2024,Q2,Automotive,Americas,6300,R&D,Opex,-3.059,SAP-ECC
2024-05,FY2024,Q2,Automotive,Americas,6400,Travel,Opex,-0.735,SAP-ECC
2024-05,FY2024,Q2,Automotive,Americas,6500,IT & Infrastructure,Opex,-1.594,SAP-ECC
2024-05,FY2024,Q2,Automotive,Americas,6600,General & Admin,Opex,-1.159,SAP-ECC
2024-05,FY2024,Q2,Automotive,Americas,7100,Depreciation,D&A,-3.604,SAP-ECC
2024-05,FY2024,Q2,Automotive,Americas,8100,Interest Expense,Finance,-2.032,SAP-ECC
2024-05,FY2024,Q2,Automotive,Americas,9100,Income Tax,Tax,-4.571,SAP-ECC
2024-05,FY2024,Q2,Healthcare,APAC,4000,Product Revenue,Revenue,18.737,SAP-ECC
2024-05,FY2024,Q2,Healthcare,APAC,4100,Service Revenue,Revenue,8.182,SAP-ECC
2024-05,FY2024,Q2,Healthcare,APAC,5000,Cost of Goods Sold,COGS,-13.473,SAP-ECC
2024-05,FY2024,Q2,Healthcare,APAC,6100,Salaries & Wages,Opex,-2.097,SAP-ECC
2024-05,FY2024,Q2,Healthcare,APAC,6200,Marketing,Opex,-0.83,SAP-ECC
2024-05,FY2024,Q2,Healthcare,APAC,6300,R&D,Opex,-0.989,SAP-ECC
2024-05,FY2024,Q2,Healthcare,APAC,6400,Travel,Opex,-0.279,SAP-ECC
2024-05,FY2024,Q2,Healthcare,APAC,6500,IT & Infrastructure,Opex,-0.583,SAP-ECC
2024-05,FY2024,Q2,Healthcare,APAC,6600,General & Admin,Opex,-0.43,SAP-ECC
2024-05,FY2024,Q2,Healthcare,APAC,7100,Depreciation,D&A,-1.433,SAP-ECC
2024-05,FY2024,Q2,Healthcare,APAC,8100,Interest Expense,Finance,-0.785,SAP-ECC
2024-05,FY2024,Q2,Healthcare,APAC,9100,Income Tax,Tax,-1.793,SAP-ECC
2024-05,FY2024,Q2,Healthcare,EMEA,4000,Product Revenue,Revenue,22.1,SAP-ECC
2024-05,FY2024,Q2,Healthcare,EMEA,4100,Service Revenue,Revenue,8.837,SAP-ECC
2024-05,FY2024,Q2,Healthcare,EMEA,5000,Cost of Goods Sold,COGS,-15.396,SAP-ECC
2024-05,FY2024,Q2,Healthcare,EMEA,6100,Salaries & Wages,Opex,-2.562,SAP-ECC
2024-05,FY2024,Q2,Healthcare,EMEA,6200,Marketing,Opex,-0.859,SAP-ECC
2024-05,FY2024,Q2,Healthcare,EMEA,6300,R&D,Opex,-1.214,SAP-ECC
2024-05,FY2024,Q2,Healthcare,EMEA,6400,Travel,Opex,-0.317,SAP-ECC
2024-05,FY2024,Q2,Healthcare,EMEA,6500,IT & Infrastructure,Opex,-0.658,SAP-ECC
2024-05,FY2024,Q2,Healthcare,EMEA,6600,General & Admin,Opex,-0.479,SAP-ECC
2024-05,FY2024,Q2,Healthcare,EMEA,7100,Depreciation,D&A,-1.488,SAP-ECC
2024-05,FY2024,Q2,Healthcare,EMEA,8100,Interest Expense,Finance,-0.923,SAP-ECC
2024-05,FY2024,Q2,Healthcare,EMEA,9100,Income Tax,Tax,-1.992,SAP-ECC
2024-05,FY2024,Q2,Healthcare,Americas,4000,Product Revenue,Revenue,26.674,SAP-ECC
2024-05,FY2024,Q2,Healthcare,Americas,4100,Service Revenue,Revenue,10.031,SAP-ECC
2024-05,FY2024,Q2,Healthcare,Americas,5000,Cost of Goods Sold,COGS,-20.851,SAP-ECC
2024-05,FY2024,Q2,Healthcare,Americas,6100,Salaries & Wages,Opex,-2.675,SAP-ECC
2024-05,FY2024,Q2,Healthcare,Americas,6200,Marketing,Opex,-1.144,SAP-ECC
2024-05,FY2024,Q2,Healthcare,Americas,6300,R&D,Opex,-1.545,SAP-ECC
2024-05,FY2024,Q2,Healthcare,Americas,6400,Travel,Opex,-0.348,SAP-ECC
2024-05,FY2024,Q2,Healthcare,Americas,6500,IT & Infrastructure,Opex,-0.851,SAP-ECC
2024-05,FY2024,Q2,Healthcare,Americas,6600,General & Admin,Opex,-0.612,SAP-ECC
2024-05,FY2024,Q2,Healthcare,Americas,7100,Depreciation,D&A,-1.921,SAP-ECC
2024-05,FY2024,Q2,Healthcare,Americas,8100,Interest Expense,Finance,-1.146,SAP-ECC
2024-05,FY2024,Q2,Healthcare,Americas,9100,Income Tax,Tax,-2.367,SAP-ECC
2024-06,FY2024,Q2,Electronics,APAC,4000,Product Revenue,Revenue,24.62,SAP-ECC
2024-06,FY2024,Q2,Electronics,APAC,4100,Service Revenue,Revenue,11.703,SAP-ECC
2024-06,FY2024,Q2,Electronics,APAC,5000,Cost of Goods Sold,COGS,-19.714,SAP-ECC
2024-06,FY2024,Q2,Electronics,APAC,6100,Salaries & Wages,Opex,-3.349,SAP-ECC
2024-06,FY2024,Q2,Electronics,APAC,6200,Marketing,Opex,-1.112,SAP-ECC
2024-06,FY2024,Q2,Electronics,APAC,6300,R&D,Opex,-1.676,SAP-ECC
2024-06,FY2024,Q2,Electronics,APAC,6400,Travel,Opex,-0.388,SAP-ECC
2024-06,FY2024,Q2,Electronics,APAC,6500,IT & Infrastructure,Opex,-0.924,SAP-ECC
2024-06,FY2024,Q2,Electronics,APAC,6600,General & Admin,Opex,-0.665,SAP-ECC
2024-06,FY2024,Q2,Electronics,APAC,7100,Depreciation,D&A,-2.048,SAP-ECC
2024-06,FY2024,Q2,Electronics,APAC,8100,Interest Expense,Finance,-1.15,SAP-ECC
2024-06,FY2024,Q2,Electronics,APAC,9100,Income Tax,Tax,-2.277,SAP-ECC
2024-06,FY2024,Q2,Electronics,EMEA,4000,Product Revenue,Revenue,27.907,SAP-ECC
2024-06,FY2024,Q2,Electronics,EMEA,4100,Service Revenue,Revenue,12.074,SAP-ECC
2024-06,FY2024,Q2,Electronics,EMEA,5000,Cost of Goods Sold,COGS,-23.381,SAP-ECC
2024-06,FY2024,Q2,Electronics,EMEA,6100,Salaries & Wages,Opex,-3.278,SAP-ECC
2024-06,FY2024,Q2,Electronics,EMEA,6200,Marketing,Opex,-1.213,SAP-ECC
2024-06,FY2024,Q2,Electronics,EMEA,6300,R&D,Opex,-1.785,SAP-ECC
2024-06,FY2024,Q2,Electronics,EMEA,6400,Travel,Opex,-0.45,SAP-ECC
2024-06,FY2024,Q2,Electronics,EMEA,6500,IT & Infrastructure,Opex,-1.04,SAP-ECC
2024-06,FY2024,Q2,Electronics,EMEA,6600,General & Admin,Opex,-0.717,SAP-ECC
2024-06,FY2024,Q2,Electronics,EMEA,7100,Depreciation,D&A,-2.017,SAP-ECC
2024-06,FY2024,Q2,Electronics,EMEA,8100,Interest Expense,Finance,-1.366,SAP-ECC
2024-06,FY2024,Q2,Electronics,EMEA,9100,Income Tax,Tax,-2.866,SAP-ECC
2024-06,FY2024,Q2,Electronics,Americas,4000,Product Revenue,Revenue,38.068,SAP-ECC
2024-06,FY2024,Q2,Electronics,Americas,4100,Service Revenue,Revenue,15.459,SAP-ECC
2024-06,FY2024,Q2,Electronics,Americas,5000,Cost of Goods Sold,COGS,-26.182,SAP-ECC
2024-06,FY2024,Q2,Electronics,Americas,6100,Salaries & Wages,Opex,-4.235,SAP-ECC
2024-06,FY2024,Q2,Electronics,Americas,6200,Marketing,Opex,-1.455,SAP-ECC
2024-06,FY2024,Q2,Electronics,Americas,6300,R&D,Opex,-1.924,SAP-ECC
2024-06,FY2024,Q2,Electronics,Americas,6400,Travel,Opex,-0.498,SAP-ECC
2024-06,FY2024,Q2,Electronics,Americas,6500,IT & Infrastructure,Opex,-1.178,SAP-ECC
2024-06,FY2024,Q2,Electronics,Americas,6600,General & Admin,Opex,-0.787,SAP-ECC
2024-06,FY2024,Q2,Electronics,Americas,7100,Depreciation,D&A,-2.448,SAP-ECC
2024-06,FY2024,Q2,Electronics,Americas,8100,Interest Expense,Finance,-1.611,SAP-ECC
2024-06,FY2024,Q2,Electronics,Americas,9100,Income Tax,Tax,-3.472,SAP-ECC
2024-06,FY2024,Q2,Automotive,APAC,4000,Product Revenue,Revenue,36.438,SAP-ECC
2024-06,FY2024,Q2,Automotive,APAC,4100,Service Revenue,Revenue,16.83,SAP-ECC
2024-06,FY2024,Q2,Automotive,APAC,5000,Cost of Goods Sold,COGS,-27.093,SAP-ECC
2024-06,FY2024,Q2,Automotive,APAC,6100,Salaries & Wages,Opex,-4.435,SAP-ECC
2024-06,FY2024,Q2,Automotive,APAC,6200,Marketing,Opex,-1.674,SAP-ECC
2024-06,FY2024,Q2,Automotive,APAC,6300,R&D,Opex,-1.99,SAP-ECC
2024-06,FY2024,Q2,Automotive,APAC,6400,Travel,Opex,-0.503,SAP-ECC
2024-06,FY2024,Q2,Automotive,APAC,6500,IT & Infrastructure,Opex,-1.25,SAP-ECC
2024-06,FY2024,Q2,Automotive,APAC,6600,General & Admin,Opex,-0.849,SAP-ECC
2024-06,FY2024,Q2,Automotive,APAC,7100,Depreciation,D&A,-2.699,SAP-ECC
2024-06,FY2024,Q2,Automotive,APAC,8100,Interest Expense,Finance,-1.733,SAP-ECC
2024-06,FY2024,Q2,Automotive,APAC,9100,Income Tax,Tax,-3.495,SAP-ECC
2024-06,FY2024,Q2,Automotive,EMEA,4000,Product Revenue,Revenue,40.554,SAP-ECC
2024-06,FY2024,Q2,Automotive,EMEA,4100,Service Revenue,Revenue,16.76,SAP-ECC
2024-06,FY2024,Q2,Automotive,EMEA,5000,Cost of Goods Sold,COGS,-35.42,SAP-ECC
2024-06,FY2024,Q2,Automotive,EMEA,6100,Salaries & Wages,Opex,-4.621,SAP-ECC
2024-06,FY2024,Q2,Automotive,EMEA,6200,Marketing,Opex,-1.835,SAP-ECC
2024-06,FY2024,Q2,Automotive,EMEA,6300,R&D,Opex,-2.278,SAP-ECC
2024-06,FY2024,Q2,Automotive,EMEA,6400,Travel,Opex,-0.56,SAP-ECC
2024-06,FY2024,Q2,Automotive,EMEA,6500,IT & Infrastructure,Opex,-1.35,SAP-ECC
2024-06,FY2024,Q2,Automotive,EMEA,6600,General & Admin,Opex,-1.002,SAP-ECC
2024-06,FY2024,Q2,Automotive,EMEA,7100,Depreciation,D&A,-3.054,SAP-ECC
2024-06,FY2024,Q2,Automotive,EMEA,8100,Interest Expense,Finance,-1.772,SAP-ECC
2024-06,FY2024,Q2,Automotive,EMEA,9100,Income Tax,Tax,-3.78,SAP-ECC
2024-06,FY2024,Q2,Automotive,Americas,4000,Product Revenue,Revenue,50.099,SAP-ECC
2024-06,FY2024,Q2,Automotive,Americas,4100,Service Revenue,Revenue,21.728,SAP-ECC
2024-06,FY2024,Q2,Automotive,Americas,5000,Cost of Goods Sold,COGS,-40.727,SAP-ECC
2024-06,FY2024,Q2,Automotive,Americas,6100,Salaries & Wages,Opex,-5.467,SAP-ECC
2024-06,FY2024,Q2,Automotive,Americas,6200,Marketing,Opex,-2.061,SAP-ECC
2024-06,FY2024,Q2,Automotive,Americas,6300,R&D,Opex,-3.008,SAP-ECC
2024-06,FY2024,Q2,Automotive,Americas,6400,Travel,Opex,-0.767,SAP-ECC
2024-06,FY2024,Q2,Automotive,Americas,6500,IT & Infrastructure,Opex,-1.598,SAP-ECC
2024-06,FY2024,Q2,Automotive,Americas,6600,General & Admin,Opex,-1.14,SAP-ECC
2024-06,FY2024,Q2,Automotive,Americas,7100,Depreciation,D&A,-3.728,SAP-ECC
2024-06,FY2024,Q2,Automotive,Americas,8100,Interest Expense,Finance,-1.996,SAP-ECC
2024-06,FY2024,Q2,Automotive,Americas,9100,Income Tax,Tax,-4.548,SAP-ECC
2024-06,FY2024,Q2,Healthcare,APAC,4000,Product Revenue,Revenue,17.41,SAP-ECC
2024-06,FY2024,Q2,Healthcare,APAC,4100,Service Revenue,Revenue,8.162,SAP-ECC
2024-06,FY2024,Q2,Healthcare,APAC,5000,Cost of Goods Sold,COGS,-14.853,SAP-ECC
2024-06,FY2024,Q2,Healthcare,APAC,6100,Salaries & Wages,Opex,-2.186,SAP-ECC
2024-06,FY2024,Q2,Healthcare,APAC,6200,Marketing,Opex,-0.759,SAP-ECC
2024-06,FY2024,Q2,Healthcare,APAC,6300,R&D,Opex,-1.046,SAP-ECC
2024-06,FY2024,Q2,Healthcare,APAC,6400,Travel,Opex,-0.271,SAP-ECC
2024-06,FY2024,Q2,Healthcare,APAC,6500,IT & Infrastructure,Opex,-0.603,SAP-ECC
2024-06,FY2024,Q2,Healthcare,APAC,6600,General & Admin,Opex,-0.409,SAP-ECC
2024-06,FY2024,Q2,Healthcare,APAC,7100,Depreciation,D&A,-1.369,SAP-ECC
2024-06,FY2024,Q2,Healthcare,APAC,8100,Interest Expense,Finance,-0.75,SAP-ECC
2024-06,FY2024,Q2,Healthcare,APAC,9100,Income Tax,Tax,-1.689,SAP-ECC
2024-06,FY2024,Q2,Healthcare,EMEA,4000,Product Revenue,Revenue,22.138,SAP-ECC
2024-06,FY2024,Q2,Healthcare,EMEA,4100,Service Revenue,Revenue,8.918,SAP-ECC
2024-06,FY2024,Q2,Healthcare,EMEA,5000,Cost of Goods Sold,COGS,-16.526,SAP-ECC
2024-06,FY2024,Q2,Healthcare,EMEA,6100,Salaries & Wages,Opex,-2.38,SAP-ECC
2024-06,FY2024,Q2,Healthcare,EMEA,6200,Marketing,Opex,-0.828,SAP-ECC
2024-06,FY2024,Q2,Healthcare,EMEA,6300,R&D,Opex,-1.191,SAP-ECC
2024-06,FY2024,Q2,Healthcare,EMEA,6400,Travel,Opex,-0.316,SAP-ECC
2024-06,FY2024,Q2,Healthcare,EMEA,6500,IT & Infrastructure,Opex,-0.748,SAP-ECC
2024-06,FY2024,Q2,Healthcare,EMEA,6600,General & Admin,Opex,-0.471,SAP-ECC
2024-06,FY2024,Q2,Healthcare,EMEA,7100,Depreciation,D&A,-1.583,SAP-ECC
2024-06,FY2024,Q2,Healthcare,EMEA,8100,Interest Expense,Finance,-0.939,SAP-ECC
2024-06,FY2024,Q2,Healthcare,EMEA,9100,Income Tax,Tax,-1.9,SAP-ECC
2024-06,FY2024,Q2,Healthcare,Americas,4000,Product Revenue,Revenue,23.14,SAP-ECC
2024-06,FY2024,Q2,Healthcare,Americas,4100,Service Revenue,Revenue,10.493,SAP-ECC
2024-06,FY2024,Q2,Healthcare,Americas,5000,Cost of Goods Sold,COGS,-18.247,SAP-ECC
2024-06,FY2024,Q2,Healthcare,Americas,6100,Salaries & Wages,Opex,-3.131,SAP-ECC
2024-06,FY2024,Q2,Healthcare,Americas,6200,Marketing,Opex,-1.163,SAP-ECC
2024-06,FY2024,Q2,Healthcare,Americas,6300,R&D,Opex,-1.328,SAP-ECC
2024-06,FY2024,Q2,Healthcare,Americas,6400,Travel,Opex,-0.388,SAP-ECC
2024-06,FY2024,Q2,Healthcare,Americas,6500,IT & Infrastructure,Opex,-0.791,SAP-ECC
2024-06,FY2024,Q2,Healthcare,Americas,6600,General & Admin,Opex,-0.566,SAP-ECC
2024-06,FY2024,Q2,Healthcare,Americas,7100,Depreciation,D&A,-1.885,SAP-ECC
2024-06,FY2024,Q2,Healthcare,Americas,8100,Interest Expense,Finance,-1.13,SAP-ECC
2024-06,FY2024,Q2,Healthcare,Americas,9100,Income Tax,Tax,-2.44,SAP-ECC
2024-07,FY2024,Q3,Electronics,APAC,4000,Product Revenue,Revenue,28.05,SAP-ECC
2024-07,FY2024,Q3,Electronics,APAC,4100,Service Revenue,Revenue,11.55,SAP-ECC
2024-07,FY2024,Q3,Electronics,APAC,5000,Cost of Goods Sold,COGS,-23.367,SAP-ECC
2024-07,FY2024,Q3,Electronics,APAC,6100,Salaries & Wages,Opex,-3.059,SAP-ECC
2024-07,FY2024,Q3,Electronics,APAC,6200,Marketing,Opex,-1.249,SAP-ECC
2024-07,FY2024,Q3,Electronics,APAC,6300,R&D,Opex,-1.675,SAP-ECC
2024-07,FY2024,Q3,Electronics,APAC,6400,Travel,Opex,-0.382,SAP-ECC
2024-07,FY2024,Q3,Electronics,APAC,6500,IT & Infrastructure,Opex,-0.968,SAP-ECC
2024-07,FY2024,Q3,Electronics,APAC,6600,General & Admin,Opex,-0.643,SAP-ECC
2024-07,FY2024,Q3,Electronics,APAC,7100,Depreciation,D&A,-1.966,SAP-ECC
2024-07,FY2024,Q3,Electronics,APAC,8100,Interest Expense,Finance,-1.204,SAP-ECC
2024-07,FY2024,Q3,Electronics,APAC,9100,Income Tax,Tax,-2.375,SAP-ECC
2024-07,FY2024,Q3,Electronics,EMEA,4000,Product Revenue,Revenue,28.636,SAP-ECC
2024-07,FY2024,Q3,Electronics,EMEA,4100,Service Revenue,Revenue,13.105,SAP-ECC
2024-07,FY2024,Q3,Electronics,EMEA,5000,Cost of Goods Sold,COGS,-23.99,SAP-ECC
2024-07,FY2024,Q3,Electronics,EMEA,6100,Salaries & Wages,Opex,-3.613,SAP-ECC
2024-07,FY2024,Q3,Electronics,EMEA,6200,Marketing,Opex,-1.238,SAP-ECC
2024-07,FY2024,Q3,Electronics,EMEA,6300,R&D,Opex,-1.582,SAP-ECC
2024-07,FY2024,Q3,Electronics,EMEA,6400,Travel,Opex,-0.397,SAP-ECC
2024-07,FY2024,Q3,Electronics,EMEA,6500,IT & Infrastructure,Opex,-1.004,SAP-ECC
2024-07,FY2024,Q3,Electronics,EMEA,6600,General & Admin,Opex,-0.716,SAP-ECC
2024-07,FY2024,Q3,Electronics,EMEA,7100,Depreciation,D&A,-2.187,SAP-ECC
2024-07,FY2024,Q3,Electronics,EMEA,8100,Interest Expense,Finance,-1.309,SAP-ECC
2024-07,FY2024,Q3,Electronics,EMEA,9100,Income Tax,Tax,-2.868,SAP-ECC
2024-07,FY2024,Q3,Electronics,Americas,4000,Product Revenue,Revenue,34.812,SAP-ECC
2024-07,FY2024,Q3,Electronics,Americas,4100,Service Revenue,Revenue,15.194,SAP-ECC
2024-07,FY2024,Q3,Electronics,Americas,5000,Cost of Goods Sold,COGS,-27.496,SAP-ECC
2024-07,FY2024,Q3,Electronics,Americas,6100,Salaries & Wages,Opex,-4.491,SAP-ECC
2024-07,FY2024,Q3,Electronics,Americas,6200,Marketing,Opex,-1.625,SAP-ECC
2024-07,FY2024,Q3,Electronics,Americas,6300,R&D,Opex,-1.939,SAP-ECC
2024-07,FY2024,Q3,Electronics,Americas,6400,Travel,Opex,-0.549,SAP-ECC
2024-07,FY2024,Q3,Electronics,Americas,6500,IT & Infrastructure,Opex,-1.232,SAP-ECC
2024-07,FY2024,Q3,Electronics,Americas,6600,General & Admin,Opex,-0.873,SAP-ECC
2024-07,FY2024,Q3,Electronics,Americas,7100,Depreciation,D&A,-2.782,SAP-ECC
2024-07,FY2024,Q3,Electronics,Americas,8100,Interest Expense,Finance,-1.427,SAP-ECC
2024-07,FY2024,Q3,Electronics,Americas,9100,Income Tax,Tax,-3.084,SAP-ECC
2024-07,FY2024,Q3,Automotive,APAC,4000,Product Revenue,Revenue,35.552,SAP-ECC
2024-07,FY2024,Q3,Automotive,APAC,4100,Service Revenue,Revenue,15.04,SAP-ECC
2024-07,FY2024,Q3,Automotive,APAC,5000,Cost of Goods Sold,COGS,-30.597,SAP-ECC
2024-07,FY2024,Q3,Automotive,APAC,6100,Salaries & Wages,Opex,-4.533,SAP-ECC
2024-07,FY2024,Q3,Automotive,APAC,6200,Marketing,Opex,-1.508,SAP-ECC
2024-07,FY2024,Q3,Automotive,APAC,6300,R&D,Opex,-2.281,SAP-ECC
2024-07,FY2024,Q3,Automotive,APAC,6400,Travel,Opex,-0.537,SAP-ECC
2024-07,FY2024,Q3,Automotive,APAC,6500,IT & Infrastructure,Opex,-1.25,SAP-ECC
2024-07,FY2024,Q3,Automotive,APAC,6600,General & Admin,Opex,-0.831,SAP-ECC
2024-07,FY2024,Q3,Automotive,APAC,7100,Depreciation,D&A,-2.911,SAP-ECC
2024-07,FY2024,Q3,Automotive,APAC,8100,Interest Expense,Finance,-1.511,SAP-ECC
2024-07,FY2024,Q3,Automotive,APAC,9100,Income Tax,Tax,-3.42,SAP-ECC
2024-07,FY2024,Q3,Automotive,EMEA,4000,Product Revenue,Revenue,40.93,SAP-ECC
2024-07,FY2024,Q3,Automotive,EMEA,4100,Service Revenue,Revenue,19.252,SAP-ECC
2024-07,FY2024,Q3,Automotive,EMEA,5000,Cost of Goods Sold,COGS,-34.793,SAP-ECC
2024-07,FY2024,Q3,Automotive,EMEA,6100,Salaries & Wages,Opex,-4.703,SAP-ECC
2024-07,FY2024,Q3,Automotive,EMEA,6200,Marketing,Opex,-1.854,SAP-ECC
2024-07,FY2024,Q3,Automotive,EMEA,6300,R&D,Opex,-2.505,SAP-ECC
2024-07,FY2024,Q3,Automotive,EMEA,6400,Travel,Opex,-0.588,SAP-ECC
2024-07,FY2024,Q3,Automotive,EMEA,6500,IT & Infrastructure,Opex,-1.407,SAP-ECC
2024-07,FY2024,Q3,Automotive,EMEA,6600,General & Admin,Opex,-0.91,SAP-ECC
2024-07,FY2024,Q3,Automotive,EMEA,7100,Depreciation,D&A,-3.124,SAP-ECC
2024-07,FY2024,Q3,Automotive,EMEA,8100,Interest Expense,Finance,-1.732,SAP-ECC
2024-07,FY2024,Q3,Automotive,EMEA,9100,Income Tax,Tax,-3.662,SAP-ECC
2024-07,FY2024,Q3,Automotive,Americas,4000,Product Revenue,Revenue,47.039,SAP-ECC
2024-07,FY2024,Q3,Automotive,Americas,4100,Service Revenue,Revenue,23.619,SAP-ECC
2024-07,FY2024,Q3,Automotive,Americas,5000,Cost of Goods Sold,COGS,-42.81,SAP-ECC
2024-07,FY2024,Q3,Automotive,Americas,6100,Salaries & Wages,Opex,-6.26,SAP-ECC
2024-07,FY2024,Q3,Automotive,Americas,6200,Marketing,Opex,-2.236,SAP-ECC
2024-07,FY2024,Q3,Automotive,Americas,6300,R&D,Opex,-2.878,SAP-ECC
2024-07,FY2024,Q3,Automotive,Americas,6400,Travel,Opex,-0.728,SAP-ECC
2024-07,FY2024,Q3,Automotive,Americas,6500,IT & Infrastructure,Opex,-1.897,SAP-ECC
2024-07,FY2024,Q3,Automotive,Americas,6600,General & Admin,Opex,-1.258,SAP-ECC
2024-07,FY2024,Q3,Automotive,Americas,7100,Depreciation,D&A,-3.756,SAP-ECC
2024-07,FY2024,Q3,Automotive,Americas,8100,Interest Expense,Finance,-2.299,SAP-ECC
2024-07,FY2024,Q3,Automotive,Americas,9100,Income Tax,Tax,-4.409,SAP-ECC
2024-07,FY2024,Q3,Healthcare,APAC,4000,Product Revenue,Revenue,18.852,SAP-ECC
2024-07,FY2024,Q3,Healthcare,APAC,4100,Service Revenue,Revenue,7.689,SAP-ECC
2024-07,FY2024,Q3,Healthcare,APAC,5000,Cost of Goods Sold,COGS,-14.705,SAP-ECC
2024-07,FY2024,Q3,Healthcare,APAC,6100,Salaries & Wages,Opex,-2.286,SAP-ECC
2024-07,FY2024,Q3,Healthcare,APAC,6200,Marketing,Opex,-0.816,SAP-ECC
2024-07,FY2024,Q3,Healthcare,APAC,6300,R&D,Opex,-1.162,SAP-ECC
2024-07,FY2024,Q3,Healthcare,APAC,6400,Travel,Opex,-0.264,SAP-ECC
2024-07,FY2024,Q3,Healthcare,APAC,6500,IT & Infrastructure,Opex,-0.68,SAP-ECC
2024-07,FY2024,Q3,Healthcare,APAC,6600,General & Admin,Opex,-0.461,SAP-ECC
2024-07,FY2024,Q3,Healthcare,APAC,7100,Depreciation,D&A,-1.468,SAP-ECC
2024-07,FY2024,Q3,Healthcare,APAC,8100,Interest Expense,Finance,-0.829,SAP-ECC
2024-07,FY2024,Q3,Healthcare,APAC,9100,Income Tax,Tax,-1.851,SAP-ECC
2024-07,FY2024,Q3,Healthcare,EMEA,4000,Product Revenue,Revenue,21.481,SAP-ECC
2024-07,FY2024,Q3,Healthcare,EMEA,4100,Service Revenue,Revenue,8.519,SAP-ECC
2024-07,FY2024,Q3,Healthcare,EMEA,5000,Cost of Goods Sold,COGS,-15.941,SAP-ECC
2024-07,FY2024,Q3,Healthcare,EMEA,6100,Salaries & Wages,Opex,-2.302,SAP-ECC
2024-07,FY2024,Q3,Healthcare,EMEA,6200,Marketing,Opex,-0.935,SAP-ECC
2024-07,FY2024,Q3,Healthcare,EMEA,6300,R&D,Opex,-1.306,SAP-ECC
2024-07,FY2024,Q3,Healthcare,EMEA,6400,Travel,Opex,-0.323,SAP-ECC
2024-07,FY2024,Q3,Healthcare,EMEA,6500,IT & Infrastructure,Opex,-0.676,SAP-ECC
2024-07,FY2024,Q3,Healthcare,EMEA,6600,General & Admin,Opex,-0.505,SAP-ECC
2024-07,FY2024,Q3,Healthcare,EMEA,7100,Depreciation,D&A,-1.435,SAP-ECC
2024-07,FY2024,Q3,Healthcare,EMEA,8100,Interest Expense,Finance,-0.874,SAP-ECC
2024-07,FY2024,Q3,Healthcare,EMEA,9100,Income Tax,Tax,-1.957,SAP-ECC
2024-07,FY2024,Q3,Healthcare,Americas,4000,Product Revenue,Revenue,25.984,SAP-ECC
2024-07,FY2024,Q3,Healthcare,Americas,4100,Service Revenue,Revenue,11.664,SAP-ECC
2024-07,FY2024,Q3,Healthcare,Americas,5000,Cost of Goods Sold,COGS,-18.934,SAP-ECC
2024-07,FY2024,Q3,Healthcare,Americas,6100,Salaries & Wages,Opex,-3.052,SAP-ECC
2024-07,FY2024,Q3,Healthcare,Americas,6200,Marketing,Opex,-1.137,SAP-ECC
2024-07,FY2024,Q3,Healthcare,Americas,6300,R&D,Opex,-1.473,SAP-ECC
2024-07,FY2024,Q3,Healthcare,Americas,6400,Travel,Opex,-0.363,SAP-ECC
2024-07,FY2024,Q3,Healthcare,Americas,6500,IT & Infrastructure,Opex,-0.932,SAP-ECC
2024-07,FY2024,Q3,Healthcare,Americas,6600,General & Admin,Opex,-0.566,SAP-ECC
2024-07,FY2024,Q3,Healthcare,Americas,7100,Depreciation,D&A,-1.971,SAP-ECC
2024-07,FY2024,Q3,Healthcare,Americas,8100,Interest Expense,Finance,-0.999,SAP-ECC
2024-07,FY2024,Q3,Healthcare,Americas,9100,Income Tax,Tax,-2.456,SAP-ECC
2024-08,FY2024,Q3,Electronics,APAC,4000,Product Revenue,Revenue,29.98,SAP-ECC
2024-08,FY2024,Q3,Electronics,APAC,4100,Service Revenue,Revenue,11.061,SAP-ECC
2024-08,FY2024,Q3,Electronics,APAC,5000,Cost of Goods Sold,COGS,-23.701,SAP-ECC
2024-08,FY2024,Q3,Electronics,APAC,6100,Salaries & Wages,Opex,-3.154,SAP-ECC
2024-08,FY2024,Q3,Electronics,APAC,6200,Marketing,Opex,-1.133,SAP-ECC
2024-08,FY2024,Q3,Electronics,APAC,6300,R&D,Opex,-1.612,SAP-ECC
2024-08,FY2024,Q3,Electronics,APAC,6400,Travel,Opex,-0.375,SAP-ECC
2024-08,FY2024,Q3,Electronics,APAC,6500,IT & Infrastructure,Opex,-1.02,SAP-ECC
2024-08,FY2024,Q3,Electronics,APAC,6600,General & Admin,Opex,-0.639,SAP-ECC
2024-08,FY2024,Q3,Electronics,APAC,7100,Depreciation,D&A,-2.076,SAP-ECC
2024-08,FY2024,Q3,Electronics,APAC,8100,Interest Expense,Finance,-1.162,SAP-ECC
2024-08,FY2024,Q3,Electronics,APAC,9100,Income Tax,Tax,-2.488,SAP-ECC
2024-08,FY2024,Q3,Electronics,EMEA,4000,Product Revenue,Revenue,30.004,SAP-ECC
2024-08,FY2024,Q3,Electronics,EMEA,4100,Service Revenue,Revenue,12.629,SAP-ECC
2024-08,FY2024,Q3,Electronics,EMEA,5000,Cost of Goods Sold,COGS,-24.237,SAP-ECC
2024-08,FY2024,Q3,Electronics,EMEA,6100,Salaries & Wages,Opex,-3.516,SAP-ECC
2024-08,FY2024,Q3,Electronics,EMEA,6200,Marketing,Opex,-1.225,SAP-ECC
2024-08,FY2024,Q3,Electronics,EMEA,6300,R&D,Opex,-1.909,SAP-ECC
2024-08,FY2024,Q3,Electronics,EMEA,6400,Travel,Opex,-0.437,SAP-ECC
2024-08,FY2024,Q3,Electronics,EMEA,6500,IT & Infrastructure,Opex,-1.119,SAP-ECC
2024-08,FY2024,Q3,Electronics,EMEA,6600,General & Admin,Opex,-0.755,SAP-ECC
2024-08,FY2024,Q3,Electronics,EMEA,7100,Depreciation,D&A,-2.148,SAP-ECC
2024-08,FY2024,Q3,Electronics,EMEA,8100,Interest Expense,Finance,-1.299,SAP-ECC
2024-08,FY2024,Q3,Electronics,EMEA,9100,Income Tax,Tax,-2.778,SAP-ECC
2024-08,FY2024,Q3,Electronics,Americas,4000,Product Revenue,Revenue,35.097,SAP-ECC
2024-08,FY2024,Q3,Electronics,Americas,4100,Service Revenue,Revenue,14.829,SAP-ECC
2024-08,FY2024,Q3,Electronics,Americas,5000,Cost of Goods Sold,COGS,-27.78,SAP-ECC
2024-08,FY2024,Q3,Electronics,Americas,6100,Salaries & Wages,Opex,-4.548,SAP-ECC
2024-08,FY2024,Q3,Electronics,Americas,6200,Marketing,Opex,-1.605,SAP-ECC
2024-08,FY2024,Q3,Electronics,Americas,6300,R&D,Opex,-2.079,SAP-ECC
2024-08,FY2024,Q3,Electronics,Americas,6400,Travel,Opex,-0.495,SAP-ECC
2024-08,FY2024,Q3,Electronics,Americas,6500,IT & Infrastructure,Opex,-1.228,SAP-ECC
2024-08,FY2024,Q3,Electronics,Americas,6600,General & Admin,Opex,-0.826,SAP-ECC
2024-08,FY2024,Q3,Electronics,Americas,7100,Depreciation,D&A,-2.795,SAP-ECC
2024-08,FY2024,Q3,Electronics,Americas,8100,Interest Expense,Finance,-1.583,SAP-ECC
2024-08,FY2024,Q3,Electronics,Americas,9100,Income Tax,Tax,-3.388,SAP-ECC
2024-08,FY2024,Q3,Automotive,APAC,4000,Product Revenue,Revenue,40.055,SAP-ECC
2024-08,FY2024,Q3,Automotive,APAC,4100,Service Revenue,Revenue,15.9,SAP-ECC
2024-08,FY2024,Q3,Automotive,APAC,5000,Cost of Goods Sold,COGS,-32.215,SAP-ECC
2024-08,FY2024,Q3,Automotive,APAC,6100,Salaries & Wages,Opex,-4.8,SAP-ECC
2024-08,FY2024,Q3,Automotive,APAC,6200,Marketing,Opex,-1.704,SAP-ECC
2024-08,FY2024,Q3,Automotive,APAC,6300,R&D,Opex,-2.212,SAP-ECC
2024-08,FY2024,Q3,Automotive,APAC,6400,Travel,Opex,-0.521,SAP-ECC
2024-08,FY2024,Q3,Automotive,APAC,6500,IT & Infrastructure,Opex,-1.399,SAP-ECC
2024-08,FY2024,Q3,Automotive,APAC,6600,General & Admin,Opex,-0.834,SAP-ECC
2024-08,FY2024,Q3,Automotive,APAC,7100,Depreciation,D&A,-2.879,SAP-ECC
2024-08,FY2024,Q3,Automotive,APAC,8100,Interest Expense,Finance,-1.658,SAP-ECC
2024-08,FY2024,Q3,Automotive,APAC,9100,Income Tax,Tax,-3.72,SAP-ECC
2024-08,FY2024,Q3,Automotive,EMEA,4000,Product Revenue,Revenue,43.41,SAP-ECC
2024-08,FY2024,Q3,Automotive,EMEA,4100,Service Revenue,Revenue,18.932,SAP-ECC
2024-08,FY2024,Q3,Automotive,EMEA,5000,Cost of Goods Sold,COGS,-31.191,SAP-ECC
2024-08,FY2024,Q3,Automotive,EMEA,6100,Salaries & Wages,Opex,-4.515,SAP-ECC
2024-08,FY2024,Q3,Automotive,EMEA,6200,Marketing,Opex,-1.961,SAP-ECC
2024-08,FY2024,Q3,Automotive,EMEA,6300,R&D,Opex,-2.657,SAP-ECC
2024-08,FY2024,Q3,Automotive,EMEA,6400,Travel,Opex,-0.634,SAP-ECC
2024-08,FY2024,Q3,Automotive,EMEA,6500,IT & Infrastructure,Opex,-1.547,SAP-ECC
2024-08,FY2024,Q3,Automotive,EMEA,6600,General & Admin,Opex,-0.969,SAP-ECC
2024-08,FY2024,Q3,Automotive,EMEA,7100,Depreciation,D&A,-3.265,SAP-ECC
2024-08,FY2024,Q3,Automotive,EMEA,8100,Interest Expense,Finance,-1.758,SAP-ECC
2024-08,FY2024,Q3,Automotive,EMEA,9100,Income Tax,Tax,-3.989,SAP-ECC
2024-08,FY2024,Q3,Automotive,Americas,4000,Product Revenue,Revenue,47.181,SAP-ECC
2024-08,FY2024,Q3,Automotive,Americas,4100,Service Revenue,Revenue,22.181,SAP-ECC
2024-08,FY2024,Q3,Automotive,Americas,5000,Cost of Goods Sold,COGS,-39.707,SAP-ECC
2024-08,FY2024,Q3,Automotive,Americas,6100,Salaries & Wages,Opex,-6.033,SAP-ECC
2024-08,FY2024,Q3,Automotive,Americas,6200,Marketing,Opex,-2.282,SAP-ECC
2024-08,FY2024,Q3,Automotive,Americas,6300,R&D,Opex,-3.016,SAP-ECC
2024-08,FY2024,Q3,Automotive,Americas,6400,Travel,Opex,-0.736,SAP-ECC
2024-08,FY2024,Q3,Automotive,Americas,6500,IT & Infrastructure,Opex,-1.769,SAP-ECC
2024-08,FY2024,Q3,Automotive,Americas,6600,General & Admin,Opex,-1.078,SAP-ECC
2024-08,FY2024,Q3,Automotive,Americas,7100,Depreciation,D&A,-3.727,SAP-ECC
2024-08,FY2024,Q3,Automotive,Americas,8100,Interest Expense,Finance,-2.023,SAP-ECC
2024-08,FY2024,Q3,Automotive,Americas,9100,Income Tax,Tax,-4.641,SAP-ECC
2024-08,FY2024,Q3,Healthcare,APAC,4000,Product Revenue,Revenue,18.611,SAP-ECC
2024-08,FY2024,Q3,Healthcare,APAC,4100,Service Revenue,Revenue,9.017,SAP-ECC
2024-08,FY2024,Q3,Healthcare,APAC,5000,Cost of Goods Sold,COGS,-13.923,SAP-ECC
2024-08,FY2024,Q3,Healthcare,APAC,6100,Salaries & Wages,Opex,-2.34,SAP-ECC
2024-08,FY2024,Q3,Healthcare,APAC,6200,Marketing,Opex,-0.857,SAP-ECC
2024-08,FY2024,Q3,Healthcare,APAC,6300,R&D,Opex,-1.168,SAP-ECC
2024-08,FY2024,Q3,Healthcare,APAC,6400,Travel,Opex,-0.297,SAP-ECC
2024-08,FY2024,Q3,Healthcare,APAC,6500,IT & Infrastructure,Opex,-0.618,SAP-ECC
2024-08,FY2024,Q3,Healthcare,APAC,6600,General & Admin,Opex,-0.411,SAP-ECC
2024-08,FY2024,Q3,Healthcare,APAC,7100,Depreciation,D&A,-1.298,SAP-ECC
2024-08,FY2024,Q3,Healthcare,APAC,8100,Interest Expense,Finance,-0.785,SAP-ECC
2024-08,FY2024,Q3,Healthcare,APAC,9100,Income Tax,Tax,-1.739,SAP-ECC
2024-08,FY2024,Q3,Healthcare,EMEA,4000,Product Revenue,Revenue,22.754,SAP-ECC
2024-08,FY2024,Q3,Healthcare,EMEA,4100,Service Revenue,Revenue,8.85,SAP-ECC
2024-08,FY2024,Q3,Healthcare,EMEA,5000,Cost of Goods Sold,COGS,-16.616,SAP-ECC
2024-08,FY2024,Q3,Healthcare,EMEA,6100,Salaries & Wages,Opex,-2.406,SAP-ECC
2024-08,FY2024,Q3,Healthcare,EMEA,6200,Marketing,Opex,-0.908,SAP-ECC
2024-08,FY2024,Q3,Healthcare,EMEA,6300,R&D,Opex,-1.245,SAP-ECC
2024-08,FY2024,Q3,Healthcare,EMEA,6400,Travel,Opex,-0.335,SAP-ECC
2024-08,FY2024,Q3,Healthcare,EMEA,6500,IT & Infrastructure,Opex,-0.703,SAP-ECC
2024-08,FY2024,Q3,Healthcare,EMEA,6600,General & Admin,Opex,-0.509,SAP-ECC
2024-08,FY2024,Q3,Healthcare,EMEA,7100,Depreciation,D&A,-1.634,SAP-ECC
2024-08,FY2024,Q3,Healthcare,EMEA,8100,Interest Expense,Finance,-0.949,SAP-ECC
2024-08,FY2024,Q3,Healthcare,EMEA,9100,Income Tax,Tax,-2.046,SAP-ECC
2024-08,FY2024,Q3,Healthcare,Americas,4000,Product Revenue,Revenue,27.048,SAP-ECC
2024-08,FY2024,Q3,Healthcare,Americas,4100,Service Revenue,Revenue,10.277,SAP-ECC
2024-08,FY2024,Q3,Healthcare,Americas,5000,Cost of Goods Sold,COGS,-19.875,SAP-ECC
2024-08,FY2024,Q3,Healthcare,Americas,6100,Salaries & Wages,Opex,-2.982,SAP-ECC
2024-08,FY2024,Q3,Healthcare,Americas,6200,Marketing,Opex,-1.02,SAP-ECC
2024-08,FY2024,Q3,Healthcare,Americas,6300,R&D,Opex,-1.348,SAP-ECC
2024-08,FY2024,Q3,Healthcare,Americas,6400,Travel,Opex,-0.348,SAP-ECC
2024-08,FY2024,Q3,Healthcare,Americas,6500,IT & Infrastructure,Opex,-0.886,SAP-ECC
2024-08,FY2024,Q3,Healthcare,Americas,6600,General & Admin,Opex,-0.584,SAP-ECC
2024-08,FY2024,Q3,Healthcare,Americas,7100,Depreciation,D&A,-1.94,SAP-ECC
2024-08,FY2024,Q3,Healthcare,Americas,8100,Interest Expense,Finance,-1.121,SAP-ECC
2024-08,FY2024,Q3,Healthcare,Americas,9100,Income Tax,Tax,-2.455,SAP-ECC
2024-09,FY2024,Q3,Electronics,APAC,4000,Product Revenue,Revenue,26.035,SAP-ECC
2024-09,FY2024,Q3,Electronics,APAC,4100,Service Revenue,Revenue,12.085,SAP-ECC
2024-09,FY2024,Q3,Electronics,APAC,5000,Cost of Goods Sold,COGS,-20.249,SAP-ECC
2024-09,FY2024,Q3,Electronics,APAC,6100,Salaries & Wages,Opex,-3.042,SAP-ECC
2024-09,FY2024,Q3,Electronics,APAC,6200,Marketing,Opex,-1.281,SAP-ECC
2024-09,FY2024,Q3,Electronics,APAC,6300,R&D,Opex,-1.714,SAP-ECC
2024-09,FY2024,Q3,Electronics,APAC,6400,Travel,Opex,-0.399,SAP-ECC
2024-09,FY2024,Q3,Electronics,APAC,6500,IT & Infrastructure,Opex,-0.884,SAP-ECC
2024-09,FY2024,Q3,Electronics,APAC,6600,General & Admin,Opex,-0.593,SAP-ECC
2024-09,FY2024,Q3,Electronics,APAC,7100,Depreciation,D&A,-2.156,SAP-ECC
2024-09,FY2024,Q3,Electronics,APAC,8100,Interest Expense,Finance,-1.288,SAP-ECC
2024-09,FY2024,Q3,Electronics,APAC,9100,Income Tax,Tax,-2.534,SAP-ECC
2024-09,FY2024,Q3,Electronics,EMEA,4000,Product Revenue,Revenue,28.581,SAP-ECC
2024-09,FY2024,Q3,Electronics,EMEA,4100,Service Revenue,Revenue,14.382,SAP-ECC
2024-09,FY2024,Q3,Electronics,EMEA,5000,Cost of Goods Sold,COGS,-23.685,SAP-ECC
2024-09,FY2024,Q3,Electronics,EMEA,6100,Salaries & Wages,Opex,-3.856,SAP-ECC
2024-09,FY2024,Q3,Electronics,EMEA,6200,Marketing,Opex,-1.357,SAP-ECC
2024-09,FY2024,Q3,Electronics,EMEA,6300,R&D,Opex,-1.862,SAP-ECC
2024-09,FY2024,Q3,Electronics,EMEA,6400,Travel,Opex,-0.462,SAP-ECC
2024-09,FY2024,Q3,Electronics,EMEA,6500,IT & Infrastructure,Opex,-1.05,SAP-ECC
2024-09,FY2024,Q3,Electronics,EMEA,6600,General & Admin,Opex,-0.659,SAP-ECC
2024-09,FY2024,Q3,Electronics,EMEA,7100,Depreciation,D&A,-2.093,SAP-ECC
2024-09,FY2024,Q3,Electronics,EMEA,8100,Interest Expense,Finance,-1.274,SAP-ECC
2024-09,FY2024,Q3,Electronics,EMEA,9100,Income Tax,Tax,-2.95,SAP-ECC
2024-09,FY2024,Q3,Electronics,Americas,4000,Product Revenue,Revenue,36.672,SAP-ECC
2024-09,FY2024,Q3,Electronics,Americas,4100,Service Revenue,Revenue,17.166,SAP-ECC
2024-09,FY2024,Q3,Electronics,Americas,5000,Cost of Goods Sold,COGS,-28.513,SAP-ECC
2024-09,FY2024,Q3,Electronics,Americas,6100,Salaries & Wages,Opex,-4.47,SAP-ECC
2024-09,FY2024,Q3,Electronics,Americas,6200,Marketing,Opex,-1.5,SAP-ECC
2024-09,FY2024,Q3,Electronics,Americas,6300,R&D,Opex,-2.324,SAP-ECC
2024-09,FY2024,Q3,Electronics,Americas,6400,Travel,Opex,-0.556,SAP-ECC
2024-09,FY2024,Q3,Electronics,Americas,6500,IT & Infrastructure,Opex,-1.283,SAP-ECC
2024-09,FY2024,Q3,Electronics,Americas,6600,General & Admin,Opex,-0.927,SAP-ECC
2024-09,FY2024,Q3,Electronics,Americas,7100,Depreciation,D&A,-2.46,SAP-ECC
2024-09,FY2024,Q3,Electronics,Americas,8100,Interest Expense,Finance,-1.585,SAP-ECC
2024-09,FY2024,Q3,Electronics,Americas,9100,Income Tax,Tax,-3.542,SAP-ECC
2024-09,FY2024,Q3,Automotive,APAC,4000,Product Revenue,Revenue,38.166,SAP-ECC
2024-09,FY2024,Q3,Automotive,APAC,4100,Service Revenue,Revenue,17.642,SAP-ECC
2024-09,FY2024,Q3,Automotive,APAC,5000,Cost of Goods Sold,COGS,-33.366,SAP-ECC
2024-09,FY2024,Q3,Automotive,APAC,6100,Salaries & Wages,Opex,-4.407,SAP-ECC
2024-09,FY2024,Q3,Automotive,APAC,6200,Marketing,Opex,-1.766,SAP-ECC
2024-09,FY2024,Q3,Automotive,APAC,6300,R&D,Opex,-2.056,SAP-ECC
2024-09,FY2024,Q3,Automotive,APAC,6400,Travel,Opex,-0.538,SAP-ECC
2024-09,FY2024,Q3,Automotive,APAC,6500,IT & Infrastructure,Opex,-1.465,SAP-ECC
2024-09,FY2024,Q3,Automotive,APAC,6600,General & Admin,Opex,-0.896,SAP-ECC
2024-09,FY2024,Q3,Automotive,APAC,7100,Depreciation,D&A,-2.734,SAP-ECC
2024-09,FY2024,Q3,Automotive,APAC,8100,Interest Expense,Finance,-1.816,SAP-ECC
2024-09,FY2024,Q3,Automotive,APAC,9100,Income Tax,Tax,-3.465,SAP-ECC
2024-09,FY2024,Q3,Automotive,EMEA,4000,Product Revenue,Revenue,45.044,SAP-ECC
2024-09,FY2024,Q3,Automotive,EMEA,4100,Service Revenue,Revenue,19.241,SAP-ECC
2024-09,FY2024,Q3,Automotive,EMEA,5000,Cost of Goods Sold,COGS,-31.761,SAP-ECC
2024-09,FY2024,Q3,Automotive,EMEA,6100,Salaries & Wages,Opex,-5.094,SAP-ECC
2024-09,FY2024,Q3,Automotive,EMEA,6200,Marketing,Opex,-1.97,SAP-ECC
2024-09,FY2024,Q3,Automotive,EMEA,6300,R&D,Opex,-2.589,SAP-ECC
2024-09,FY2024,Q3,Automotive,EMEA,6400,Travel,Opex,-0.577,SAP-ECC
2024-09,FY2024,Q3,Automotive,EMEA,6500,IT & Infrastructure,Opex,-1.404,SAP-ECC
2024-09,FY2024,Q3,Automotive,EMEA,6600,General & Admin,Opex,-1.035,SAP-ECC
2024-09,FY2024,Q3,Automotive,EMEA,7100,Depreciation,D&A,-3.192,SAP-ECC
2024-09,FY2024,Q3,Automotive,EMEA,8100,Interest Expense,Finance,-1.95,SAP-ECC
2024-09,FY2024,Q3,Automotive,EMEA,9100,Income Tax,Tax,-3.77,SAP-ECC
2024-09,FY2024,Q3,Automotive,Americas,4000,Product Revenue,Revenue,48.703,SAP-ECC
2024-09,FY2024,Q3,Automotive,Americas,4100,Service Revenue,Revenue,20.467,SAP-ECC
2024-09,FY2024,Q3,Automotive,Americas,5000,Cost of Goods Sold,COGS,-39.746,SAP-ECC
2024-09,FY2024,Q3,Automotive,Americas,6100,Salaries & Wages,Opex,-5.836,SAP-ECC
2024-09,FY2024,Q3,Automotive,Americas,6200,Marketing,Opex,-2.153,SAP-ECC
2024-09,FY2024,Q3,Automotive,Americas,6300,R&D,Opex,-2.797,SAP-ECC
2024-09,FY2024,Q3,Automotive,Americas,6400,Travel,Opex,-0.707,SAP-ECC
2024-09,FY2024,Q3,Automotive,Americas,6500,IT & Infrastructure,Opex,-1.779,SAP-ECC
2024-09,FY2024,Q3,Automotive,Americas,6600,General & Admin,Opex,-1.209,SAP-ECC
2024-09,FY2024,Q3,Automotive,Americas,7100,Depreciation,D&A,-3.68,SAP-ECC
2024-09,FY2024,Q3,Automotive,Americas,8100,Interest Expense,Finance,-2.055,SAP-ECC
2024-09,FY2024,Q3,Automotive,Americas,9100,Income Tax,Tax,-4.555,SAP-ECC
2024-09,FY2024,Q3,Healthcare,APAC,4000,Product Revenue,Revenue,18.216,SAP-ECC
2024-09,FY2024,Q3,Healthcare,APAC,4100,Service Revenue,Revenue,8.565,SAP-ECC
2024-09,FY2024,Q3,Healthcare,APAC,5000,Cost of Goods Sold,COGS,-14.949,SAP-ECC
2024-09,FY2024,Q3,Healthcare,APAC,6100,Salaries & Wages,Opex,-2.199,SAP-ECC
2024-09,FY2024,Q3,Healthcare,APAC,6200,Marketing,Opex,-0.811,SAP-ECC
2024-09,FY2024,Q3,Healthcare,APAC,6300,R&D,Opex,-1.1,SAP-ECC
2024-09,FY2024,Q3,Healthcare,APAC,6400,Travel,Opex,-0.26,SAP-ECC
2024-09,FY2024,Q3,Healthcare,APAC,6500,IT & Infrastructure,Opex,-0.722,SAP-ECC
2024-09,FY2024,Q3,Healthcare,APAC,6600,General & Admin,Opex,-0.481,SAP-ECC
2024-09,FY2024,Q3,Healthcare,APAC,7100,Depreciation,D&A,-1.522,SAP-ECC
2024-09,FY2024,Q3,Healthcare,APAC,8100,Interest Expense,Finance,-0.853,SAP-ECC
2024-09,FY2024,Q3,Healthcare,APAC,9100,Income Tax,Tax,-1.65,SAP-ECC
2024-09,FY2024,Q3,Healthcare,EMEA,4000,Product Revenue,Revenue,21.359,SAP-ECC
2024-09,FY2024,Q3,Healthcare,EMEA,4100,Service Revenue,Revenue,8.751,SAP-ECC
2024-09,FY2024,Q3,Healthcare,EMEA,5000,Cost of Goods Sold,COGS,-16.539,SAP-ECC
2024-09,FY2024,Q3,Healthcare,EMEA,6100,Salaries & Wages,Opex,-2.491,SAP-ECC
2024-09,FY2024,Q3,Healthcare,EMEA,6200,Marketing,Opex,-0.862,SAP-ECC
2024-09,FY2024,Q3,Healthcare,EMEA,6300,R&D,Opex,-1.233,SAP-ECC
2024-09,FY2024,Q3,Healthcare,EMEA,6400,Travel,Opex,-0.307,SAP-ECC
2024-09,FY2024,Q3,Healthcare,EMEA,6500,IT & Infrastructure,Opex,-0.746,SAP-ECC
2024-09,FY2024,Q3,Healthcare,EMEA,6600,General & Admin,Opex,-0.461,SAP-ECC
2024-09,FY2024,Q3,Healthcare,EMEA,7100,Depreciation,D&A,-1.49,SAP-ECC
2024-09,FY2024,Q3,Healthcare,EMEA,8100,Interest Expense,Finance,-0.893,SAP-ECC
2024-09,FY2024,Q3,Healthcare,EMEA,9100,Income Tax,Tax,-1.992,SAP-ECC
2024-09,FY2024,Q3,Healthcare,Americas,4000,Product Revenue,Revenue,26.626,SAP-ECC
2024-09,FY2024,Q3,Healthcare,Americas,4100,Service Revenue,Revenue,10.614,SAP-ECC
2024-09,FY2024,Q3,Healthcare,Americas,5000,Cost of Goods Sold,COGS,-19.135,SAP-ECC
2024-09,FY2024,Q3,Healthcare,Americas,6100,Salaries & Wages,Opex,-2.889,SAP-ECC
2024-09,FY2024,Q3,Healthcare,Americas,6200,Marketing,Opex,-1.212,SAP-ECC
2024-09,FY2024,Q3,Healthcare,Americas,6300,R&D,Opex,-1.452,SAP-ECC
2024-09,FY2024,Q3,Healthcare,Americas,6400,Travel,Opex,-0.382,SAP-ECC
2024-09,FY2024,Q3,Healthcare,Americas,6500,IT & Infrastructure,Opex,-0.947,SAP-ECC
2024-09,FY2024,Q3,Healthcare,Americas,6600,General & Admin,Opex,-0.58,SAP-ECC
2024-09,FY2024,Q3,Healthcare,Americas,7100,Depreciation,D&A,-1.815,SAP-ECC
2024-09,FY2024,Q3,Healthcare,Americas,8100,Interest Expense,Finance,-1.185,SAP-ECC
2024-09,FY2024,Q3,Healthcare,Americas,9100,Income Tax,Tax,-2.488,SAP-ECC
2024-10,FY2024,Q4,Electronics,APAC,4000,Product Revenue,Revenue,30.82,SAP-ECC
2024-10,FY2024,Q4,Electronics,APAC,4100,Service Revenue,Revenue,11.389,SAP-ECC
2024-10,FY2024,Q4,Electronics,APAC,5000,Cost of Goods Sold,COGS,-21.615,SAP-ECC
2024-10,FY2024,Q4,Electronics,APAC,6100,Salaries & Wages,Opex,-3.507,SAP-ECC
2024-10,FY2024,Q4,Electronics,APAC,6200,Marketing,Opex,-1.153,SAP-ECC
2024-10,FY2024,Q4,Electronics,APAC,6300,R&D,Opex,-1.57,SAP-ECC
2024-10,FY2024,Q4,Electronics,APAC,6400,Travel,Opex,-0.44,SAP-ECC
2024-10,FY2024,Q4,Electronics,APAC,6500,IT & Infrastructure,Opex,-1.056,SAP-ECC
2024-10,FY2024,Q4,Electronics,APAC,6600,General & Admin,Opex,-0.625,SAP-ECC
2024-10,FY2024,Q4,Electronics,APAC,7100,Depreciation,D&A,-2.1,SAP-ECC
2024-10,FY2024,Q4,Electronics,APAC,8100,Interest Expense,Finance,-1.216,SAP-ECC
2024-10,FY2024,Q4,Electronics,APAC,9100,Income Tax,Tax,-2.572,SAP-ECC
2024-10,FY2024,Q4,Electronics,EMEA,4000,Product Revenue,Revenue,30.126,SAP-ECC
2024-10,FY2024,Q4,Electronics,EMEA,4100,Service Revenue,Revenue,13.233,SAP-ECC
2024-10,FY2024,Q4,Electronics,EMEA,5000,Cost of Goods Sold,COGS,-26.209,SAP-ECC
2024-10,FY2024,Q4,Electronics,EMEA,6100,Salaries & Wages,Opex,-3.54,SAP-ECC
2024-10,FY2024,Q4,Electronics,EMEA,6200,Marketing,Opex,-1.26,SAP-ECC
2024-10,FY2024,Q4,Electronics,EMEA,6300,R&D,Opex,-1.825,SAP-ECC
2024-10,FY2024,Q4,Electronics,EMEA,6400,Travel,Opex,-0.458,SAP-ECC
2024-10,FY2024,Q4,Electronics,EMEA,6500,IT & Infrastructure,Opex,-1.091,SAP-ECC
2024-10,FY2024,Q4,Electronics,EMEA,6600,General & Admin,Opex,-0.745,SAP-ECC
2024-10,FY2024,Q4,Electronics,EMEA,7100,Depreciation,D&A,-2.276,SAP-ECC
2024-10,FY2024,Q4,Electronics,EMEA,8100,Interest Expense,Finance,-1.462,SAP-ECC
2024-10,FY2024,Q4,Electronics,EMEA,9100,Income Tax,Tax,-2.8,SAP-ECC
2024-10,FY2024,Q4,Electronics,Americas,4000,Product Revenue,Revenue,39.298,SAP-ECC
2024-10,FY2024,Q4,Electronics,Americas,4100,Service Revenue,Revenue,16.061,SAP-ECC
2024-10,FY2024,Q4,Electronics,Americas,5000,Cost of Goods Sold,COGS,-28.664,SAP-ECC
2024-10,FY2024,Q4,Electronics,Americas,6100,Salaries & Wages,Opex,-4.479,SAP-ECC
2024-10,FY2024,Q4,Electronics,Americas,6200,Marketing,Opex,-1.716,SAP-ECC
2024-10,FY2024,Q4,Electronics,Americas,6300,R&D,Opex,-2.279,SAP-ECC
2024-10,FY2024,Q4,Electronics,Americas,6400,Travel,Opex,-0.533,SAP-ECC
2024-10,FY2024,Q4,Electronics,Americas,6500,IT & Infrastructure,Opex,-1.299,SAP-ECC
2024-10,FY2024,Q4,Electronics,Americas,6600,General & Admin,Opex,-0.887,SAP-ECC
2024-10,FY2024,Q4,Electronics,Americas,7100,Depreciation,D&A,-2.582,SAP-ECC
2024-10,FY2024,Q4,Electronics,Americas,8100,Interest Expense,Finance,-1.67,SAP-ECC
2024-10,FY2024,Q4,Electronics,Americas,9100,Income Tax,Tax,-3.513,SAP-ECC
2024-10,FY2024,Q4,Automotive,APAC,4000,Product Revenue,Revenue,41.835,SAP-ECC
2024-10,FY2024,Q4,Automotive,APAC,4100,Service Revenue,Revenue,15.756,SAP-ECC
2024-10,FY2024,Q4,Automotive,APAC,5000,Cost of Goods Sold,COGS,-33.994,SAP-ECC
2024-10,FY2024,Q4,Automotive,APAC,6100,Salaries & Wages,Opex,-4.53,SAP-ECC
2024-10,FY2024,Q4,Automotive,APAC,6200,Marketing,Opex,-1.675,SAP-ECC
2024-10,FY2024,Q4,Automotive,APAC,6300,R&D,Opex,-2.276,SAP-ECC
2024-10,FY2024,Q4,Automotive,APAC,6400,Travel,Opex,-0.611,SAP-ECC
2024-10,FY2024,Q4,Automotive,APAC,6500,IT & Infrastructure,Opex,-1.411,SAP-ECC
2024-10,FY2024,Q4,Automotive,APAC,6600,General & Admin,Opex,-0.916,SAP-ECC
2024-10,FY2024,Q4,Automotive,APAC,7100,Depreciation,D&A,-2.989,SAP-ECC
2024-10,FY2024,Q4,Automotive,APAC,8100,Interest Expense,Finance,-1.662,SAP-ECC
2024-10,FY2024,Q4,Automotive,APAC,9100,Income Tax,Tax,-3.803,SAP-ECC
2024-10,FY2024,Q4,Automotive,EMEA,4000,Product Revenue,Revenue,44.497,SAP-ECC
2024-10,FY2024,Q4,Automotive,EMEA,4100,Service Revenue,Revenue,19.412,SAP-ECC
2024-10,FY2024,Q4,Automotive,EMEA,5000,Cost of Goods Sold,COGS,-32.164,SAP-ECC
2024-10,FY2024,Q4,Automotive,EMEA,6100,Salaries & Wages,Opex,-5.294,SAP-ECC
2024-10,FY2024,Q4,Automotive,EMEA,6200,Marketing,Opex,-1.948,SAP-ECC
2024-10,FY2024,Q4,Automotive,EMEA,6300,R&D,Opex,-2.461,SAP-ECC
2024-10,FY2024,Q4,Automotive,EMEA,6400,Travel,Opex,-0.648,SAP-ECC
2024-10,FY2024,Q4,Automotive,EMEA,6500,IT & Infrastructure,Opex,-1.393,SAP-ECC
2024-10,FY2024,Q4,Automotive,EMEA,6600,General & Admin,Opex,-1.098,SAP-ECC
2024-10,FY2024,Q4,Automotive,EMEA,7100,Depreciation,D&A,-3.257,SAP-ECC
2024-10,FY2024,Q4,Automotive,EMEA,8100,Interest Expense,Finance,-1.861,SAP-ECC
2024-10,FY2024,Q4,Automotive,EMEA,9100,Income Tax,Tax,-4.125,SAP-ECC
2024-10,FY2024,Q4,Automotive,Americas,4000,Product Revenue,Revenue,57.45,SAP-ECC
2024-10,FY2024,Q4,Automotive,Americas,4100,Service Revenue,Revenue,22.453,SAP-ECC
2024-10,FY2024,Q4,Automotive,Americas,5000,Cost of Goods Sold,COGS,-38.044,SAP-ECC
2024-10,FY2024,Q4,Automotive,Americas,6100,Salaries & Wages,Opex,-5.802,SAP-ECC
2024-10,FY2024,Q4,Automotive,Americas,6200,Marketing,Opex,-2.278,SAP-ECC
2024-10,FY2024,Q4,Automotive,Americas,6300,R&D,Opex,-3.041,SAP-ECC
2024-10,FY2024,Q4,Automotive,Americas,6400,Travel,Opex,-0.769,SAP-ECC
2024-10,FY2024,Q4,Automotive,Americas,6500,IT & Infrastructure,Opex,-1.843,SAP-ECC
2024-10,FY2024,Q4,Automotive,Americas,6600,General & Admin,Opex,-1.201,SAP-ECC
2024-10,FY2024,Q4,Automotive,Americas,7100,Depreciation,D&A,-3.716,SAP-ECC
2024-10,FY2024,Q4,Automotive,Americas,8100,Interest Expense,Finance,-2.384,SAP-ECC
2024-10,FY2024,Q4,Automotive,Americas,9100,Income Tax,Tax,-4.811,SAP-ECC
2024-10,FY2024,Q4,Healthcare,APAC,4000,Product Revenue,Revenue,19.894,SAP-ECC
2024-10,FY2024,Q4,Healthcare,APAC,4100,Service Revenue,Revenue,8.29,SAP-ECC
2024-10,FY2024,Q4,Healthcare,APAC,5000,Cost of Goods Sold,COGS,-14.306,SAP-ECC
2024-10,FY2024,Q4,Healthcare,APAC,6100,Salaries & Wages,Opex,-2.113,SAP-ECC
2024-10,FY2024,Q4,Healthcare,APAC,6200,Marketing,Opex,-0.84,SAP-ECC
2024-10,FY2024,Q4,Healthcare,APAC,6300,R&D,Opex,-1.23,SAP-ECC
2024-10,FY2024,Q4,Healthcare,APAC,6400,Travel,Opex,-0.265,SAP-ECC
2024-10,FY2024,Q4,Healthcare,APAC,6500,IT & Infrastructure,Opex,-0.736,SAP-ECC
2024-10,FY2024,Q4,Healthcare,APAC,6600,General & Admin,Opex,-0.426,SAP-ECC
2024-10,FY2024,Q4,Healthcare,APAC,7100,Depreciation,D&A,-1.373,SAP-ECC
2024-10,FY2024,Q4,Healthcare,APAC,8100,Interest Expense,Finance,-0.846,SAP-ECC
2024-10,FY2024,Q4,Healthcare,APAC,9100,Income Tax,Tax,-1.683,SAP-ECC
2024-10,FY2024,Q4,Healthcare,EMEA,4000,Product Revenue,Revenue,22.036,SAP-ECC
2024-10,FY2024,Q4,Healthcare,EMEA,4100,Service Revenue,Revenue,9.432,SAP-ECC
2024-10,FY2024,Q4,Healthcare,EMEA,5000,Cost of Goods Sold,COGS,-17.175,SAP-ECC
2024-10,FY2024,Q4,Healthcare,EMEA,6100,Salaries & Wages,Opex,-2.615,SAP-ECC
2024-10,FY2024,Q4,Healthcare,EMEA,6200,Marketing,Opex,-0.917,SAP-ECC
2024-10,FY2024,Q4,Healthcare,EMEA,6300,R&D,Opex,-1.218,SAP-ECC
2024-10,FY2024,Q4,Healthcare,EMEA,6400,Travel,Opex,-0.333,SAP-ECC
2024-10,FY2024,Q4,Healthcare,EMEA,6500,IT & Infrastructure,Opex,-0.706,SAP-ECC
2024-10,FY2024,Q4,Healthcare,EMEA,6600,General & Admin,Opex,-0.537,SAP-ECC
2024-10,FY2024,Q4,Healthcare,EMEA,7100,Depreciation,D&A,-1.62,SAP-ECC
2024-10,FY2024,Q4,Healthcare,EMEA,8100,Interest Expense,Finance,-0.977,SAP-ECC
2024-10,FY2024,Q4,Healthcare,EMEA,9100,Income Tax,Tax,-1.855,SAP-ECC
2024-10,FY2024,Q4,Healthcare,Americas,4000,Product Revenue,Revenue,28.811,SAP-ECC
2024-10,FY2024,Q4,Healthcare,Americas,4100,Service Revenue,Revenue,10.848,SAP-ECC
2024-10,FY2024,Q4,Healthcare,Americas,5000,Cost of Goods Sold,COGS,-19.631,SAP-ECC
2024-10,FY2024,Q4,Healthcare,Americas,6100,Salaries & Wages,Opex,-2.848,SAP-ECC
2024-10,FY2024,Q4,Healthcare,Americas,6200,Marketing,Opex,-1.149,SAP-ECC
2024-10,FY2024,Q4,Healthcare,Americas,6300,R&D,Opex,-1.639,SAP-ECC
2024-10,FY2024,Q4,Healthcare,Americas,6400,Travel,Opex,-0.361,SAP-ECC
2024-10,FY2024,Q4,Healthcare,Americas,6500,IT & Infrastructure,Opex,-0.894,SAP-ECC
2024-10,FY2024,Q4,Healthcare,Americas,6600,General & Admin,Opex,-0.572,SAP-ECC
2024-10,FY2024,Q4,Healthcare,Americas,7100,Depreciation,D&A,-1.942,SAP-ECC
2024-10,FY2024,Q4,Healthcare,Americas,8100,Interest Expense,Finance,-1.123,SAP-ECC
2024-10,FY2024,Q4,Healthcare,Americas,9100,Income Tax,Tax,-2.169,SAP-ECC
2024-11,FY2024,Q4,Electronics,APAC,4000,Product Revenue,Revenue,29.363,SAP-ECC
2024-11,FY2024,Q4,Electronics,APAC,4100,Service Revenue,Revenue,11.668,SAP-ECC
2024-11,FY2024,Q4,Electronics,APAC,5000,Cost of Goods Sold,COGS,-22.983,SAP-ECC
2024-11,FY2024,Q4,Electronics,APAC,6100,Salaries & Wages,Opex,-3.224,SAP-ECC
2024-11,FY2024,Q4,Electronics,APAC,6200,Marketing,Opex,-1.278,SAP-ECC
2024-11,FY2024,Q4,Electronics,APAC,6300,R&D,Opex,-1.558,SAP-ECC
2024-11,FY2024,Q4,Electronics,APAC,6400,Travel,Opex,-0.43,SAP-ECC
2024-11,FY2024,Q4,Electronics,APAC,6500,IT & Infrastructure,Opex,-1.041,SAP-ECC
2024-11,FY2024,Q4,Electronics,APAC,6600,General & Admin,Opex,-0.606,SAP-ECC
2024-11,FY2024,Q4,Electronics,APAC,7100,Depreciation,D&A,-1.91,SAP-ECC
2024-11,FY2024,Q4,Electronics,APAC,8100,Interest Expense,Finance,-1.315,SAP-ECC
2024-11,FY2024,Q4,Electronics,APAC,9100,Income Tax,Tax,-2.426,SAP-ECC
2024-11,FY2024,Q4,Electronics,EMEA,4000,Product Revenue,Revenue,30.984,SAP-ECC
2024-11,FY2024,Q4,Electronics,EMEA,4100,Service Revenue,Revenue,13.6,SAP-ECC
2024-11,FY2024,Q4,Electronics,EMEA,5000,Cost of Goods Sold,COGS,-24.059,SAP-ECC
2024-11,FY2024,Q4,Electronics,EMEA,6100,Salaries & Wages,Opex,-3.89,SAP-ECC
2024-11,FY2024,Q4,Electronics,EMEA,6200,Marketing,Opex,-1.377,SAP-ECC
2024-11,FY2024,Q4,Electronics,EMEA,6300,R&D,Opex,-1.872,SAP-ECC
2024-11,FY2024,Q4,Electronics,EMEA,6400,Travel,Opex,-0.465,SAP-ECC
2024-11,FY2024,Q4,Electronics,EMEA,6500,IT & Infrastructure,Opex,-1.118,SAP-ECC
2024-11,FY2024,Q4,Electronics,EMEA,6600,General & Admin,Opex,-0.742,SAP-ECC
2024-11,FY2024,Q4,Electronics,EMEA,7100,Depreciation,D&A,-2.222,SAP-ECC
2024-11,FY2024,Q4,Electronics,EMEA,8100,Interest Expense,Finance,-1.455,SAP-ECC
2024-11,FY2024,Q4,Electronics,EMEA,9100,Income Tax,Tax,-2.915,SAP-ECC
2024-11,FY2024,Q4,Electronics,Americas,4000,Product Revenue,Revenue,40.516,SAP-ECC
2024-11,FY2024,Q4,Electronics,Americas,4100,Service Revenue,Revenue,17.048,SAP-ECC
2024-11,FY2024,Q4,Electronics,Americas,5000,Cost of Goods Sold,COGS,-29.06,SAP-ECC
2024-11,FY2024,Q4,Electronics,Americas,6100,Salaries & Wages,Opex,-4.475,SAP-ECC
2024-11,FY2024,Q4,Electronics,Americas,6200,Marketing,Opex,-1.523,SAP-ECC
2024-11,FY2024,Q4,Electronics,Americas,6300,R&D,Opex,-2.05,SAP-ECC
2024-11,FY2024,Q4,Electronics,Americas,6400,Travel,Opex,-0.511,SAP-ECC
2024-11,FY2024,Q4,Electronics,Americas,6500,IT & Infrastructure,Opex,-1.27,SAP-ECC
2024-11,FY2024,Q4,Electronics,Americas,6600,General & Admin,Opex,-0.827,SAP-ECC
2024-11,FY2024,Q4,Electronics,Americas,7100,Depreciation,D&A,-2.835,SAP-ECC
2024-11,FY2024,Q4,Electronics,Americas,8100,Interest Expense,Finance,-1.648,SAP-ECC
2024-11,FY2024,Q4,Electronics,Americas,9100,Income Tax,Tax,-3.376,SAP-ECC
2024-11,FY2024,Q4,Automotive,APAC,4000,Product Revenue,Revenue,37.689,SAP-ECC
2024-11,FY2024,Q4,Automotive,APAC,4100,Service Revenue,Revenue,16.909,SAP-ECC
2024-11,FY2024,Q4,Automotive,APAC,5000,Cost of Goods Sold,COGS,-29.883,SAP-ECC
2024-11,FY2024,Q4,Automotive,APAC,6100,Salaries & Wages,Opex,-4.716,SAP-ECC
2024-11,FY2024,Q4,Automotive,APAC,6200,Marketing,Opex,-1.786,SAP-ECC
2024-11,FY2024,Q4,Automotive,APAC,6300,R&D,Opex,-2.362,SAP-ECC
2024-11,FY2024,Q4,Automotive,APAC,6400,Travel,Opex,-0.627,SAP-ECC
2024-11,FY2024,Q4,Automotive,APAC,6500,IT & Infrastructure,Opex,-1.395,SAP-ECC
2024-11,FY2024,Q4,Automotive,APAC,6600,General & Admin,Opex,-0.919,SAP-ECC
2024-11,FY2024,Q4,Automotive,APAC,7100,Depreciation,D&A,-2.693,SAP-ECC
2024-11,FY2024,Q4,Automotive,APAC,8100,Interest Expense,Finance,-1.67,SAP-ECC
2024-11,FY2024,Q4,Automotive,APAC,9100,Income Tax,Tax,-3.566,SAP-ECC
2024-11,FY2024,Q4,Automotive,EMEA,4000,Product Revenue,Revenue,41.204,SAP-ECC
2024-11,FY2024,Q4,Automotive,EMEA,4100,Service Revenue,Revenue,18.703,SAP-ECC
2024-11,FY2024,Q4,Automotive,EMEA,5000,Cost of Goods Sold,COGS,-32.099,SAP-ECC
2024-11,FY2024,Q4,Automotive,EMEA,6100,Salaries & Wages,Opex,-4.785,SAP-ECC
2024-11,FY2024,Q4,Automotive,EMEA,6200,Marketing,Opex,-2.026,SAP-ECC
2024-11,FY2024,Q4,Automotive,EMEA,6300,R&D,Opex,-2.769,SAP-ECC
2024-11,FY2024,Q4,Automotive,EMEA,6400,Travel,Opex,-0.64,SAP-ECC
2024-11,FY2024,Q4,Automotive,EMEA,6500,IT & Infrastructure,Opex,-1.533,SAP-ECC
2024-11,FY2024,Q4,Automotive,EMEA,6600,General & Admin,Opex,-1.057,SAP-ECC
2024-11,FY2024,Q4,Automotive,EMEA,7100,Depreciation,D&A,-3.149,SAP-ECC
2024-11,FY2024,Q4,Automotive,EMEA,8100,Interest Expense,Finance,-2.035,SAP-ECC
2024-11,FY2024,Q4,Automotive,EMEA,9100,Income Tax,Tax,-3.989,SAP-ECC
2024-11,FY2024,Q4,Automotive,Americas,4000,Product Revenue,Revenue,49.723,SAP-ECC
2024-11,FY2024,Q4,Automotive,Americas,4100,Service Revenue,Revenue,21.097,SAP-ECC
2024-11,FY2024,Q4,Automotive,Americas,5000,Cost of Goods Sold,COGS,-44.171,SAP-ECC
2024-11,FY2024,Q4,Automotive,Americas,6100,Salaries & Wages,Opex,-5.912,SAP-ECC
2024-11,FY2024,Q4,Automotive,Americas,6200,Marketing,Opex,-2.21,SAP-ECC
2024-11,FY2024,Q4,Automotive,Americas,6300,R&D,Opex,-3.09,SAP-ECC
2024-11,FY2024,Q4,Automotive,Americas,6400,Travel,Opex,-0.722,SAP-ECC
2024-11,FY2024,Q4,Automotive,Americas,6500,IT & Infrastructure,Opex,-1.828,SAP-ECC
2024-11,FY2024,Q4,Automotive,Americas,6600,General & Admin,Opex,-1.281,SAP-ECC
2024-11,FY2024,Q4,Automotive,Americas,7100,Depreciation,D&A,-4.019,SAP-ECC
2024-11,FY2024,Q4,Automotive,Americas,8100,Interest Expense,Finance,-2.323,SAP-ECC
2024-11,FY2024,Q4,Automotive,Americas,9100,Income Tax,Tax,-4.466,SAP-ECC
2024-11,FY2024,Q4,Healthcare,APAC,4000,Product Revenue,Revenue,18.759,SAP-ECC
2024-11,FY2024,Q4,Healthcare,APAC,4100,Service Revenue,Revenue,9.057,SAP-ECC
2024-11,FY2024,Q4,Healthcare,APAC,5000,Cost of Goods Sold,COGS,-16.74,SAP-ECC
2024-11,FY2024,Q4,Healthcare,APAC,6100,Salaries & Wages,Opex,-2.248,SAP-ECC
2024-11,FY2024,Q4,Healthcare,APAC,6200,Marketing,Opex,-0.913,SAP-ECC
2024-11,FY2024,Q4,Healthcare,APAC,6300,R&D,Opex,-1.057,SAP-ECC
2024-11,FY2024,Q4,Healthcare,APAC,6400,Travel,Opex,-0.299,SAP-ECC
2024-11,FY2024,Q4,Healthcare,APAC,6500,IT & Infrastructure,Opex,-0.696,SAP-ECC
2024-11,FY2024,Q4,Healthcare,APAC,6600,General & Admin,Opex,-0.501,SAP-ECC
2024-11,FY2024,Q4,Healthcare,APAC,7100,Depreciation,D&A,-1.337,SAP-ECC
2024-11,FY2024,Q4,Healthcare,APAC,8100,Interest Expense,Finance,-0.914,SAP-ECC
2024-11,FY2024,Q4,Healthcare,APAC,9100,Income Tax,Tax,-1.879,SAP-ECC
2024-11,FY2024,Q4,Healthcare,EMEA,4000,Product Revenue,Revenue,21.576,SAP-ECC
2024-11,FY2024,Q4,Healthcare,EMEA,4100,Service Revenue,Revenue,10.446,SAP-ECC
2024-11,FY2024,Q4,Healthcare,EMEA,5000,Cost of Goods Sold,COGS,-17.429,SAP-ECC
2024-11,FY2024,Q4,Healthcare,EMEA,6100,Salaries & Wages,Opex,-2.489,SAP-ECC
2024-11,FY2024,Q4,Healthcare,EMEA,6200,Marketing,Opex,-1.013,SAP-ECC
2024-11,FY2024,Q4,Healthcare,EMEA,6300,R&D,Opex,-1.265,SAP-ECC
2024-11,FY2024,Q4,Healthcare,EMEA,6400,Travel,Opex,-0.348,SAP-ECC
2024-11,FY2024,Q4,Healthcare,EMEA,6500,IT & Infrastructure,Opex,-0.805,SAP-ECC
2024-11,FY2024,Q4,Healthcare,EMEA,6600,General & Admin,Opex,-0.488,SAP-ECC
2024-11,FY2024,Q4,Healthcare,EMEA,7100,Depreciation,D&A,-1.687,SAP-ECC
2024-11,FY2024,Q4,Healthcare,EMEA,8100,Interest Expense,Finance,-0.974,SAP-ECC
2024-11,FY2024,Q4,Healthcare,EMEA,9100,Income Tax,Tax,-1.945,SAP-ECC
2024-11,FY2024,Q4,Healthcare,Americas,4000,Product Revenue,Revenue,27.868,SAP-ECC
2024-11,FY2024,Q4,Healthcare,Americas,4100,Service Revenue,Revenue,11.783,SAP-ECC
2024-11,FY2024,Q4,Healthcare,Americas,5000,Cost of Goods Sold,COGS,-19.847,SAP-ECC
2024-11,FY2024,Q4,Healthcare,Americas,6100,Salaries & Wages,Opex,-2.872,SAP-ECC
2024-11,FY2024,Q4,Healthcare,Americas,6200,Marketing,Opex,-1.091,SAP-ECC
2024-11,FY2024,Q4,Healthcare,Americas,6300,R&D,Opex,-1.455,SAP-ECC
2024-11,FY2024,Q4,Healthcare,Americas,6400,Travel,Opex,-0.354,SAP-ECC
2024-11,FY2024,Q4,Healthcare,Americas,6500,IT & Infrastructure,Opex,-0.896,SAP-ECC
2024-11,FY2024,Q4,Healthcare,Americas,6600,General & Admin,Opex,-0.59,SAP-ECC
2024-11,FY2024,Q4,Healthcare,Americas,7100,Depreciation,D&A,-1.932,SAP-ECC
2024-11,FY2024,Q4,Healthcare,Americas,8100,Interest Expense,Finance,-1.115,SAP-ECC
2024-11,FY2024,Q4,Healthcare,Americas,9100,Income Tax,Tax,-2.485,SAP-ECC
2024-12,FY2024,Q4,Electronics,APAC,4000,Product Revenue,Revenue,28.043,SAP-ECC
2024-12,FY2024,Q4,Electronics,APAC,4100,Service Revenue,Revenue,11.97,SAP-ECC
2024-12,FY2024,Q4,Electronics,APAC,5000,Cost of Goods Sold,COGS,-24.354,SAP-ECC
2024-12,FY2024,Q4,Electronics,APAC,6100,Salaries & Wages,Opex,-3.618,SAP-ECC
2024-12,FY2024,Q4,Electronics,APAC,6200,Marketing,Opex,-1.289,SAP-ECC
2024-12,FY2024,Q4,Electronics,APAC,6300,R&D,Opex,-1.545,SAP-ECC
2024-12,FY2024,Q4,Electronics,APAC,6400,Travel,Opex,-0.451,SAP-ECC
2024-12,FY2024,Q4,Electronics,APAC,6500,IT & Infrastructure,Opex,-1.05,SAP-ECC
2024-12,FY2024,Q4,Electronics,APAC,6600,General & Admin,Opex,-0.716,SAP-ECC
2024-12,FY2024,Q4,Electronics,APAC,7100,Depreciation,D&A,-2.264,SAP-ECC
2024-12,FY2024,Q4,Electronics,APAC,8100,Interest Expense,Finance,-1.33,SAP-ECC
2024-12,FY2024,Q4,Electronics,APAC,9100,Income Tax,Tax,-2.429,SAP-ECC
2024-12,FY2024,Q4,Electronics,EMEA,4000,Product Revenue,Revenue,34.487,SAP-ECC
2024-12,FY2024,Q4,Electronics,EMEA,4100,Service Revenue,Revenue,13.256,SAP-ECC
2024-12,FY2024,Q4,Electronics,EMEA,5000,Cost of Goods Sold,COGS,-26.396,SAP-ECC
2024-12,FY2024,Q4,Electronics,EMEA,6100,Salaries & Wages,Opex,-3.917,SAP-ECC
2024-12,FY2024,Q4,Electronics,EMEA,6200,Marketing,Opex,-1.452,SAP-ECC
2024-12,FY2024,Q4,Electronics,EMEA,6300,R&D,Opex,-1.908,SAP-ECC
2024-12,FY2024,Q4,Electronics,EMEA,6400,Travel,Opex,-0.462,SAP-ECC
2024-12,FY2024,Q4,Electronics,EMEA,6500,IT & Infrastructure,Opex,-1.125,SAP-ECC
2024-12,FY2024,Q4,Electronics,EMEA,6600,General & Admin,Opex,-0.709,SAP-ECC
2024-12,FY2024,Q4,Electronics,EMEA,7100,Depreciation,D&A,-2.277,SAP-ECC
2024-12,FY2024,Q4,Electronics,EMEA,8100,Interest Expense,Finance,-1.376,SAP-ECC
2024-12,FY2024,Q4,Electronics,EMEA,9100,Income Tax,Tax,-2.959,SAP-ECC
2024-12,FY2024,Q4,Electronics,Americas,4000,Product Revenue,Revenue,41.482,SAP-ECC
2024-12,FY2024,Q4,Electronics,Americas,4100,Service Revenue,Revenue,15.443,SAP-ECC
2024-12,FY2024,Q4,Electronics,Americas,5000,Cost of Goods Sold,COGS,-30.61,SAP-ECC
2024-12,FY2024,Q4,Electronics,Americas,6100,Salaries & Wages,Opex,-4.265,SAP-ECC
2024-12,FY2024,Q4,Electronics,Americas,6200,Marketing,Opex,-1.794,SAP-ECC
2024-12,FY2024,Q4,Electronics,Americas,6300,R&D,Opex,-2.168,SAP-ECC
2024-12,FY2024,Q4,Electronics,Americas,6400,Travel,Opex,-0.6,SAP-ECC
2024-12,FY2024,Q4,Electronics,Americas,6500,IT & Infrastructure,Opex,-1.291,SAP-ECC
2024-12,FY2024,Q4,Electronics,Americas,6600,General & Admin,Opex,-0.809,SAP-ECC
2024-12,FY2024,Q4,Electronics,Americas,7100,Depreciation,D&A,-2.911,SAP-ECC
2024-12,FY2024,Q4,Electronics,Americas,8100,Interest Expense,Finance,-1.734,SAP-ECC
2024-12,FY2024,Q4,Electronics,Americas,9100,Income Tax,Tax,-3.612,SAP-ECC
2024-12,FY2024,Q4,Automotive,APAC,4000,Product Revenue,Revenue,40.49,SAP-ECC
2024-12,FY2024,Q4,Automotive,APAC,4100,Service Revenue,Revenue,17.994,SAP-ECC
2024-12,FY2024,Q4,Automotive,APAC,5000,Cost of Goods Sold,COGS,-31.241,SAP-ECC
2024-12,FY2024,Q4,Automotive,APAC,6100,Salaries & Wages,Opex,-4.299,SAP-ECC
2024-12,FY2024,Q4,Automotive,APAC,6200,Marketing,Opex,-1.759,SAP-ECC
2024-12,FY2024,Q4,Automotive,APAC,6300,R&D,Opex,-2.214,SAP-ECC
2024-12,FY2024,Q4,Automotive,APAC,6400,Travel,Opex,-0.575,SAP-ECC
2024-12,FY2024,Q4,Automotive,APAC,6500,IT & Infrastructure,Opex,-1.327,SAP-ECC
2024-12,FY2024,Q4,Automotive,APAC,6600,General & Admin,Opex,-0.894,SAP-ECC
2024-12,FY2024,Q4,Automotive,APAC,7100,Depreciation,D&A,-3.084,SAP-ECC
2024-12,FY2024,Q4,Automotive,APAC,8100,Interest Expense,Finance,-1.698,SAP-ECC
2024-12,FY2024,Q4,Automotive,APAC,9100,Income Tax,Tax,-3.693,SAP-ECC
2024-12,FY2024,Q4,Automotive,EMEA,4000,Product Revenue,Revenue,45.859,SAP-ECC
2024-12,FY2024,Q4,Automotive,EMEA,4100,Service Revenue,Revenue,19.374,SAP-ECC
2024-12,FY2024,Q4,Automotive,EMEA,5000,Cost of Goods Sold,COGS,-34.621,SAP-ECC
2024-12,FY2024,Q4,Automotive,EMEA,6100,Salaries & Wages,Opex,-5.349,SAP-ECC
2024-12,FY2024,Q4,Automotive,EMEA,6200,Marketing,Opex,-1.786,SAP-ECC
2024-12,FY2024,Q4,Automotive,EMEA,6300,R&D,Opex,-2.405,SAP-ECC
2024-12,FY2024,Q4,Automotive,EMEA,6400,Travel,Opex,-0.68,SAP-ECC
2024-12,FY2024,Q4,Automotive,EMEA,6500,IT & Infrastructure,Opex,-1.543,SAP-ECC
2024-12,FY2024,Q4,Automotive,EMEA,6600,General & Admin,Opex,-0.967,SAP-ECC
2024-12,FY2024,Q4,Automotive,EMEA,7100,Depreciation,D&A,-3.444,SAP-ECC
2024-12,FY2024,Q4,Automotive,EMEA,8100,Interest Expense,Finance,-1.922,SAP-ECC
2024-12,FY2024,Q4,Automotive,EMEA,9100,Income Tax,Tax,-3.687,SAP-ECC
2024-12,FY2024,Q4,Automotive,Americas,4000,Product Revenue,Revenue,58.83,SAP-ECC
2024-12,FY2024,Q4,Automotive,Americas,4100,Service Revenue,Revenue,22.073,SAP-ECC
2024-12,FY2024,Q4,Automotive,Americas,5000,Cost of Goods Sold,COGS,-44.171,SAP-ECC
2024-12,FY2024,Q4,Automotive,Americas,6100,Salaries & Wages,Opex,-5.808,SAP-ECC
2024-12,FY2024,Q4,Automotive,Americas,6200,Marketing,Opex,-2.393,SAP-ECC
2024-12,FY2024,Q4,Automotive,Americas,6300,R&D,Opex,-2.919,SAP-ECC
2024-12,FY2024,Q4,Automotive,Americas,6400,Travel,Opex,-0.837,SAP-ECC
2024-12,FY2024,Q4,Automotive,Americas,6500,IT & Infrastructure,Opex,-1.79,SAP-ECC
2024-12,FY2024,Q4,Automotive,Americas,6600,General & Admin,Opex,-1.277,SAP-ECC
2024-12,FY2024,Q4,Automotive,Americas,7100,Depreciation,D&A,-3.712,SAP-ECC
2024-12,FY2024,Q4,Automotive,Americas,8100,Interest Expense,Finance,-2.278,SAP-ECC
2024-12,FY2024,Q4,Automotive,Americas,9100,Income Tax,Tax,-5.206,SAP-ECC
2024-12,FY2024,Q4,Healthcare,APAC,4000,Product Revenue,Revenue,19.18,SAP-ECC
2024-12,FY2024,Q4,Healthcare,APAC,4100,Service Revenue,Revenue,8.58,SAP-ECC
2024-12,FY2024,Q4,Healthcare,APAC,5000,Cost of Goods Sold,COGS,-15.47,SAP-ECC
2024-12,FY2024,Q4,Healthcare,APAC,6100,Salaries & Wages,Opex,-2.414,SAP-ECC
2024-12,FY2024,Q4,Healthcare,APAC,6200,Marketing,Opex,-0.833,SAP-ECC
2024-12,FY2024,Q4,Healthcare,APAC,6300,R&D,Opex,-1.198,SAP-ECC
2024-12,FY2024,Q4,Healthcare,APAC,6400,Travel,Opex,-0.302,SAP-ECC
2024-12,FY2024,Q4,Healthcare,APAC,6500,IT & Infrastructure,Opex,-0.637,SAP-ECC
2024-12,FY2024,Q4,Healthcare,APAC,6600,General & Admin,Opex,-0.464,SAP-ECC
2024-12,FY2024,Q4,Healthcare,APAC,7100,Depreciation,D&A,-1.362,SAP-ECC
2024-12,FY2024,Q4,Healthcare,APAC,8100,Interest Expense,Finance,-0.831,SAP-ECC
2024-12,FY2024,Q4,Healthcare,APAC,9100,Income Tax,Tax,-1.88,SAP-ECC
2024-12,FY2024,Q4,Healthcare,EMEA,4000,Product Revenue,Revenue,20.681,SAP-ECC
2024-12,FY2024,Q4,Healthcare,EMEA,4100,Service Revenue,Revenue,10.051,SAP-ECC
2024-12,FY2024,Q4,Healthcare,EMEA,5000,Cost of Goods Sold,COGS,-18.813,SAP-ECC
2024-12,FY2024,Q4,Healthcare,EMEA,6100,Salaries & Wages,Opex,-2.815,SAP-ECC
2024-12,FY2024,Q4,Healthcare,EMEA,6200,Marketing,Opex,-0.958,SAP-ECC
2024-12,FY2024,Q4,Healthcare,EMEA,6300,R&D,Opex,-1.21,SAP-ECC
2024-12,FY2024,Q4,Healthcare,EMEA,6400,Travel,Opex,-0.299,SAP-ECC
2024-12,FY2024,Q4,Healthcare,EMEA,6500,IT & Infrastructure,Opex,-0.761,SAP-ECC
2024-12,FY2024,Q4,Healthcare,EMEA,6600,General & Admin,Opex,-0.539,SAP-ECC
2024-12,FY2024,Q4,Healthcare,EMEA,7100,Depreciation,D&A,-1.504,SAP-ECC
2024-12,FY2024,Q4,Healthcare,EMEA,8100,Interest Expense,Finance,-0.939,SAP-ECC
2024-12,FY2024,Q4,Healthcare,EMEA,9100,Income Tax,Tax,-2.161,SAP-ECC
2024-12,FY2024,Q4,Healthcare,Americas,4000,Product Revenue,Revenue,25.436,SAP-ECC
2024-12,FY2024,Q4,Healthcare,Americas,4100,Service Revenue,Revenue,12.223,SAP-ECC
2024-12,FY2024,Q4,Healthcare,Americas,5000,Cost of Goods Sold,COGS,-22.332,SAP-ECC
2024-12,FY2024,Q4,Healthcare,Americas,6100,Salaries & Wages,Opex,-2.905,SAP-ECC
2024-12,FY2024,Q4,Healthcare,Americas,6200,Marketing,Opex,-1.268,SAP-ECC
2024-12,FY2024,Q4,Healthcare,Americas,6300,R&D,Opex,-1.455,SAP-ECC
2024-12,FY2024,Q4,Healthcare,Americas,6400,Travel,Opex,-0.391,SAP-ECC
2024-12,FY2024,Q4,Healthcare,Americas,6500,IT & Infrastructure,Opex,-0.851,SAP-ECC
2024-12,FY2024,Q4,Healthcare,Americas,6600,General & Admin,Opex,-0.638,SAP-ECC
2024-12,FY2024,Q4,Healthcare,Americas,7100,Depreciation,D&A,-1.922,SAP-ECC
2024-12,FY2024,Q4,Healthcare,Americas,8100,Interest Expense,Finance,-1.212,SAP-ECC
2024-12,FY2024,Q4,Healthcare,Americas,9100,Income Tax,Tax,-2.484,SAP-ECC
2025-01,FY2025,Q1,Electronics,APAC,4000,Product Revenue,Revenue,24.953,SAP-ECC
2025-01,FY2025,Q1,Electronics,APAC,4100,Service Revenue,Revenue,11.223,SAP-ECC
2025-01,FY2025,Q1,Electronics,APAC,5000,Cost of Goods Sold,COGS,-21.6,SAP-ECC
2025-01,FY2025,Q1,Electronics,APAC,6100,Salaries & Wages,Opex,-3.236,SAP-ECC
2025-01,FY2025,Q1,Electronics,APAC,6200,Marketing,Opex,-1.056,SAP-ECC
2025-01,FY2025,Q1,Electronics,APAC,6300,R&D,Opex,-1.412,SAP-ECC
2025-01,FY2025,Q1,Electronics,APAC,6400,Travel,Opex,-0.397,SAP-ECC
2025-01,FY2025,Q1,Electronics,APAC,6500,IT & Infrastructure,Opex,-0.927,SAP-ECC
2025-01,FY2025,Q1,Electronics,APAC,6600,General & Admin,Opex,-0.596,SAP-ECC
2025-01,FY2025,Q1,Electronics,APAC,7100,Depreciation,D&A,-2.057,SAP-ECC
2025-01,FY2025,Q1,Electronics,APAC,8100,Interest Expense,Finance,-1.103,SAP-ECC
2025-01,FY2025,Q1,Electronics,APAC,9100,Income Tax,Tax,-2.223,SAP-ECC
2025-01,FY2025,Q1,Electronics,EMEA,4000,Product Revenue,Revenue,28.387,SAP-ECC
2025-01,FY2025,Q1,Electronics,EMEA,4100,Service Revenue,Revenue,11.731,SAP-ECC
2025-01,FY2025,Q1,Electronics,EMEA,5000,Cost of Goods Sold,COGS,-23.448,SAP-ECC
2025-01,FY2025,Q1,Electronics,EMEA,6100,Salaries & Wages,Opex,-3.439,SAP-ECC
2025-01,FY2025,Q1,Electronics,EMEA,6200,Marketing,Opex,-1.291,SAP-ECC
2025-01,FY2025,Q1,Electronics,EMEA,6300,R&D,Opex,-1.773,SAP-ECC
2025-01,FY2025,Q1,Electronics,EMEA,6400,Travel,Opex,-0.437,SAP-ECC
2025-01,FY2025,Q1,Electronics,EMEA,6500,IT & Infrastructure,Opex,-1.076,SAP-ECC
2025-01,FY2025,Q1,Electronics,EMEA,6600,General & Admin,Opex,-0.695,SAP-ECC
2025-01,FY2025,Q1,Electronics,EMEA,7100,Depreciation,D&A,-2.037,SAP-ECC
2025-01,FY2025,Q1,Electronics,EMEA,8100,Interest Expense,Finance,-1.271,SAP-ECC
2025-01,FY2025,Q1,Electronics,EMEA,9100,Income Tax,Tax,-2.644,SAP-ECC
2025-01,FY2025,Q1,Electronics,Americas,4000,Product Revenue,Revenue,37.041,SAP-ECC
2025-01,FY2025,Q1,Electronics,Americas,4100,Service Revenue,Revenue,14.649,SAP-ECC
2025-01,FY2025,Q1,Electronics,Americas,5000,Cost of Goods Sold,COGS,-25.66,SAP-ECC
2025-01,FY2025,Q1,Electronics,Americas,6100,Salaries & Wages,Opex,-4.342,SAP-ECC
2025-01,FY2025,Q1,Electronics,Americas,6200,Marketing,Opex,-1.644,SAP-ECC
2025-01,FY2025,Q1,Electronics,Americas,6300,R&D,Opex,-2.025,SAP-ECC
2025-01,FY2025,Q1,Electronics,Americas,6400,Travel,Opex,-0.472,SAP-ECC
2025-01,FY2025,Q1,Electronics,Americas,6500,IT & Infrastructure,Opex,-1.216,SAP-ECC
2025-01,FY2025,Q1,Electronics,Americas,6600,General & Admin,Opex,-0.824,SAP-ECC
2025-01,FY2025,Q1,Electronics,Americas,7100,Depreciation,D&A,-2.547,SAP-ECC
2025-01,FY2025,Q1,Electronics,Americas,8100,Interest Expense,Finance,-1.65,SAP-ECC
2025-01,FY2025,Q1,Electronics,Americas,9100,Income Tax,Tax,-3.442,SAP-ECC
2025-01,FY2025,Q1,Automotive,APAC,4000,Product Revenue,Revenue,40.129,SAP-ECC
2025-01,FY2025,Q1,Automotive,APAC,4100,Service Revenue,Revenue,14.916,SAP-ECC
2025-01,FY2025,Q1,Automotive,APAC,5000,Cost of Goods Sold,COGS,-31.148,SAP-ECC
2025-01,FY2025,Q1,Automotive,APAC,6100,Salaries & Wages,Opex,-4.309,SAP-ECC
2025-01,FY2025,Q1,Automotive,APAC,6200,Marketing,Opex,-1.558,SAP-ECC
2025-01,FY2025,Q1,Automotive,APAC,6300,R&D,Opex,-2.198,SAP-ECC
2025-01,FY2025,Q1,Automotive,APAC,6400,Travel,Opex,-0.557,SAP-ECC
2025-01,FY2025,Q1,Automotive,APAC,6500,IT & Infrastructure,Opex,-1.381,SAP-ECC
2025-01,FY2025,Q1,Automotive,APAC,6600,General & Admin,Opex,-0.892,SAP-ECC
2025-01,FY2025,Q1,Automotive,APAC,7100,Depreciation,D&A,-2.431,SAP-ECC
2025-01,FY2025,Q1,Automotive,APAC,8100,Interest Expense,Finance,-1.473,SAP-ECC
2025-01,FY2025,Q1,Automotive,APAC,9100,Income Tax,Tax,-3.185,SAP-ECC
2025-01,FY2025,Q1,Automotive,EMEA,4000,Product Revenue,Revenue,37.993,SAP-ECC
2025-01,FY2025,Q1,Automotive,EMEA,4100,Service Revenue,Revenue,16.348,SAP-ECC
2025-01,FY2025,Q1,Automotive,EMEA,5000,Cost of Goods Sold,COGS,-34.195,SAP-ECC
2025-01,FY2025,Q1,Automotive,EMEA,6100,Salaries & Wages,Opex,-4.735,SAP-ECC
2025-01,FY2025,Q1,Automotive,EMEA,6200,Marketing,Opex,-1.814,SAP-ECC
2025-01,FY2025,Q1,Automotive,EMEA,6300,R&D,Opex,-2.365,SAP-ECC
2025-01,FY2025,Q1,Automotive,EMEA,6400,Travel,Opex,-0.582,SAP-ECC
2025-01,FY2025,Q1,Automotive,EMEA,6500,IT & Infrastructure,Opex,-1.47,SAP-ECC
2025-01,FY2025,Q1,Automotive,EMEA,6600,General & Admin,Opex,-0.876,SAP-ECC
2025-01,FY2025,Q1,Automotive,EMEA,7100,Depreciation,D&A,-2.975,SAP-ECC
2025-01,FY2025,Q1,Automotive,EMEA,8100,Interest Expense,Finance,-1.81,SAP-ECC
2025-01,FY2025,Q1,Automotive,EMEA,9100,Income Tax,Tax,-3.549,SAP-ECC
2025-01,FY2025,Q1,Automotive,Americas,4000,Product Revenue,Revenue,47.982,SAP-ECC
2025-01,FY2025,Q1,Automotive,Americas,4100,Service Revenue,Revenue,21.328,SAP-ECC
2025-01,FY2025,Q1,Automotive,Americas,5000,Cost of Goods Sold,COGS,-36.958,SAP-ECC
2025-01,FY2025,Q1,Automotive,Americas,6100,Salaries & Wages,Opex,-5.988,SAP-ECC
2025-01,FY2025,Q1,Automotive,Americas,6200,Marketing,Opex,-2.142,SAP-ECC
2025-01,FY2025,Q1,Automotive,Americas,6300,R&D,Opex,-2.783,SAP-ECC
2025-01,FY2025,Q1,Automotive,Americas,6400,Travel,Opex,-0.726,SAP-ECC
2025-01,FY2025,Q1,Automotive,Americas,6500,IT & Infrastructure,Opex,-1.804,SAP-ECC
2025-01,FY2025,Q1,Automotive,Americas,6600,General & Admin,Opex,-1.172,SAP-ECC
2025-01,FY2025,Q1,Automotive,Americas,7100,Depreciation,D&A,-3.273,SAP-ECC
2025-01,FY2025,Q1,Automotive,Americas,8100,Interest Expense,Finance,-2.204,SAP-ECC
2025-01,FY2025,Q1,Automotive,Americas,9100,Income Tax,Tax,-4.616,SAP-ECC
2025-01,FY2025,Q1,Healthcare,APAC,4000,Product Revenue,Revenue,19.774,SAP-ECC
2025-01,FY2025,Q1,Healthcare,APAC,4100,Service Revenue,Revenue,7.353,SAP-ECC
2025-01,FY2025,Q1,Healthcare,APAC,5000,Cost of Goods Sold,COGS,-13.554,SAP-ECC
2025-01,FY2025,Q1,Healthcare,APAC,6100,Salaries & Wages,Opex,-2.104,SAP-ECC
2025-01,FY2025,Q1,Healthcare,APAC,6200,Marketing,Opex,-0.792,SAP-ECC
2025-01,FY2025,Q1,Healthcare,APAC,6300,R&D,Opex,-1.085,SAP-ECC
2025-01,FY2025,Q1,Healthcare,APAC,6400,Travel,Opex,-0.257,SAP-ECC
2025-01,FY2025,Q1,Healthcare,APAC,6500,IT & Infrastructure,Opex,-0.666,SAP-ECC
2025-01,FY2025,Q1,Healthcare,APAC,6600,General & Admin,Opex,-0.444,SAP-ECC
2025-01,FY2025,Q1,Healthcare,APAC,7100,Depreciation,D&A,-1.24,SAP-ECC
2025-01,FY2025,Q1,Healthcare,APAC,8100,Interest Expense,Finance,-0.828,SAP-ECC
2025-01,FY2025,Q1,Healthcare,APAC,9100,Income Tax,Tax,-1.723,SAP-ECC
2025-01,FY2025,Q1,Healthcare,EMEA,4000,Product Revenue,Revenue,19.454,SAP-ECC
2025-01,FY2025,Q1,Healthcare,EMEA,4100,Service Revenue,Revenue,9.585,SAP-ECC
2025-01,FY2025,Q1,Healthcare,EMEA,5000,Cost of Goods Sold,COGS,-16.326,SAP-ECC
2025-01,FY2025,Q1,Healthcare,EMEA,6100,Salaries & Wages,Opex,-2.484,SAP-ECC
2025-01,FY2025,Q1,Healthcare,EMEA,6200,Marketing,Opex,-0.922,SAP-ECC
2025-01,FY2025,Q1,Healthcare,EMEA,6300,R&D,Opex,-1.112,SAP-ECC
2025-01,FY2025,Q1,Healthcare,EMEA,6400,Travel,Opex,-0.276,SAP-ECC
2025-01,FY2025,Q1,Healthcare,EMEA,6500,IT & Infrastructure,Opex,-0.745,SAP-ECC
2025-01,FY2025,Q1,Healthcare,EMEA,6600,General & Admin,Opex,-0.454,SAP-ECC
2025-01,FY2025,Q1,Healthcare,EMEA,7100,Depreciation,D&A,-1.58,SAP-ECC
2025-01,FY2025,Q1,Healthcare,EMEA,8100,Interest Expense,Finance,-0.93,SAP-ECC
2025-01,FY2025,Q1,Healthcare,EMEA,9100,Income Tax,Tax,-1.693,SAP-ECC
2025-01,FY2025,Q1,Healthcare,Americas,4000,Product Revenue,Revenue,26.191,SAP-ECC
2025-01,FY2025,Q1,Healthcare,Americas,4100,Service Revenue,Revenue,10.21,SAP-ECC
2025-01,FY2025,Q1,Healthcare,Americas,5000,Cost of Goods Sold,COGS,-17.994,SAP-ECC
2025-01,FY2025,Q1,Healthcare,Americas,6100,Salaries & Wages,Opex,-2.945,SAP-ECC
2025-01,FY2025,Q1,Healthcare,Americas,6200,Marketing,Opex,-1.079,SAP-ECC
2025-01,FY2025,Q1,Healthcare,Americas,6300,R&D,Opex,-1.312,SAP-ECC
2025-01,FY2025,Q1,Healthcare,Americas,6400,Travel,Opex,-0.352,SAP-ECC
2025-01,FY2025,Q1,Healthcare,Americas,6500,IT & Infrastructure,Opex,-0.83,SAP-ECC
2025-01,FY2025,Q1,Healthcare,Americas,6600,General & Admin,Opex,-0.568,SAP-ECC
2025-01,FY2025,Q1,Healthcare,Americas,7100,Depreciation,D&A,-1.795,SAP-ECC
2025-01,FY2025,Q1,Healthcare,Americas,8100,Interest Expense,Finance,-1.039,SAP-ECC
2025-01,FY2025,Q1,Healthcare,Americas,9100,Income Tax,Tax,-2.12,SAP-ECC
2025-02,FY2025,Q1,Electronics,APAC,4000,Product Revenue,Revenue,25.076,SAP-ECC
2025-02,FY2025,Q1,Electronics,APAC,4100,Service Revenue,Revenue,11.718,SAP-ECC
2025-02,FY2025,Q1,Electronics,APAC,5000,Cost of Goods Sold,COGS,-22.045,SAP-ECC
2025-02,FY2025,Q1,Electronics,APAC,6100,Salaries & Wages,Opex,-2.935,SAP-ECC
2025-02,FY2025,Q1,Electronics,APAC,6200,Marketing,Opex,-1.158,SAP-ECC
2025-02,FY2025,Q1,Electronics,APAC,6300,R&D,Opex,-1.417,SAP-ECC
2025-02,FY2025,Q1,Electronics,APAC,6400,Travel,Opex,-0.41,SAP-ECC
2025-02,FY2025,Q1,Electronics,APAC,6500,IT & Infrastructure,Opex,-0.883,SAP-ECC
2025-02,FY2025,Q1,Electronics,APAC,6600,General & Admin,Opex,-0.614,SAP-ECC
2025-02,FY2025,Q1,Electronics,APAC,7100,Depreciation,D&A,-1.887,SAP-ECC
2025-02,FY2025,Q1,Electronics,APAC,8100,Interest Expense,Finance,-1.084,SAP-ECC
2025-02,FY2025,Q1,Electronics,APAC,9100,Income Tax,Tax,-2.595,SAP-ECC
2025-02,FY2025,Q1,Electronics,EMEA,4000,Product Revenue,Revenue,31.895,SAP-ECC
2025-02,FY2025,Q1,Electronics,EMEA,4100,Service Revenue,Revenue,12.972,SAP-ECC
2025-02,FY2025,Q1,Electronics,EMEA,5000,Cost of Goods Sold,COGS,-25.297,SAP-ECC
2025-02,FY2025,Q1,Electronics,EMEA,6100,Salaries & Wages,Opex,-3.574,SAP-ECC
2025-02,FY2025,Q1,Electronics,EMEA,6200,Marketing,Opex,-1.267,SAP-ECC
2025-02,FY2025,Q1,Electronics,EMEA,6300,R&D,Opex,-1.659,SAP-ECC
2025-02,FY2025,Q1,Electronics,EMEA,6400,Travel,Opex,-0.422,SAP-ECC
2025-02,FY2025,Q1,Electronics,EMEA,6500,IT & Infrastructure,Opex,-1.068,SAP-ECC
2025-02,FY2025,Q1,Electronics,EMEA,6600,General & Admin,Opex,-0.657,SAP-ECC
2025-02,FY2025,Q1,Electronics,EMEA,7100,Depreciation,D&A,-1.981,SAP-ECC
2025-02,FY2025,Q1,Electronics,EMEA,8100,Interest Expense,Finance,-1.256,SAP-ECC
2025-02,FY2025,Q1,Electronics,EMEA,9100,Income Tax,Tax,-2.678,SAP-ECC
2025-02,FY2025,Q1,Electronics,Americas,4000,Product Revenue,Revenue,38.559,SAP-ECC
2025-02,FY2025,Q1,Electronics,Americas,4100,Service Revenue,Revenue,14.539,SAP-ECC
2025-02,FY2025,Q1,Electronics,Americas,5000,Cost of Goods Sold,COGS,-29.804,SAP-ECC
2025-02,FY2025,Q1,Electronics,Americas,6100,Salaries & Wages,Opex,-4.465,SAP-ECC
2025-02,FY2025,Q1,Electronics,Americas,6200,Marketing,Opex,-1.667,SAP-ECC
2025-02,FY2025,Q1,Electronics,Americas,6300,R&D,Opex,-1.898,SAP-ECC
2025-02,FY2025,Q1,Electronics,Americas,6400,Travel,Opex,-0.511,SAP-ECC
2025-02,FY2025,Q1,Electronics,Americas,6500,IT & Infrastructure,Opex,-1.186,SAP-ECC
2025-02,FY2025,Q1,Electronics,Americas,6600,General & Admin,Opex,-0.873,SAP-ECC
2025-02,FY2025,Q1,Electronics,Americas,7100,Depreciation,D&A,-2.491,SAP-ECC
2025-02,FY2025,Q1,Electronics,Americas,8100,Interest Expense,Finance,-1.557,SAP-ECC
2025-02,FY2025,Q1,Electronics,Americas,9100,Income Tax,Tax,-2.931,SAP-ECC
2025-02,FY2025,Q1,Automotive,APAC,4000,Product Revenue,Revenue,35.765,SAP-ECC
2025-02,FY2025,Q1,Automotive,APAC,4100,Service Revenue,Revenue,16.376,SAP-ECC
2025-02,FY2025,Q1,Automotive,APAC,5000,Cost of Goods Sold,COGS,-28.647,SAP-ECC
2025-02,FY2025,Q1,Automotive,APAC,6100,Salaries & Wages,Opex,-4.412,SAP-ECC
2025-02,FY2025,Q1,Automotive,APAC,6200,Marketing,Opex,-1.609,SAP-ECC
2025-02,FY2025,Q1,Automotive,APAC,6300,R&D,Opex,-2.194,SAP-ECC
2025-02,FY2025,Q1,Automotive,APAC,6400,Travel,Opex,-0.539,SAP-ECC
2025-02,FY2025,Q1,Automotive,APAC,6500,IT & Infrastructure,Opex,-1.358,SAP-ECC
2025-02,FY2025,Q1,Automotive,APAC,6600,General & Admin,Opex,-0.817,SAP-ECC
2025-02,FY2025,Q1,Automotive,APAC,7100,Depreciation,D&A,-2.891,SAP-ECC
2025-02,FY2025,Q1,Automotive,APAC,8100,Interest Expense,Finance,-1.694,SAP-ECC
2025-02,FY2025,Q1,Automotive,APAC,9100,Income Tax,Tax,-3.22,SAP-ECC
2025-02,FY2025,Q1,Automotive,EMEA,4000,Product Revenue,Revenue,38.285,SAP-ECC
2025-02,FY2025,Q1,Automotive,EMEA,4100,Service Revenue,Revenue,17.702,SAP-ECC
2025-02,FY2025,Q1,Automotive,EMEA,5000,Cost of Goods Sold,COGS,-31.413,SAP-ECC
2025-02,FY2025,Q1,Automotive,EMEA,6100,Salaries & Wages,Opex,-4.666,SAP-ECC
2025-02,FY2025,Q1,Automotive,EMEA,6200,Marketing,Opex,-1.908,SAP-ECC
2025-02,FY2025,Q1,Automotive,EMEA,6300,R&D,Opex,-2.56,SAP-ECC
2025-02,FY2025,Q1,Automotive,EMEA,6400,Travel,Opex,-0.648,SAP-ECC
2025-02,FY2025,Q1,Automotive,EMEA,6500,IT & Infrastructure,Opex,-1.311,SAP-ECC
2025-02,FY2025,Q1,Automotive,EMEA,6600,General & Admin,Opex,-0.986,SAP-ECC
2025-02,FY2025,Q1,Automotive,EMEA,7100,Depreciation,D&A,-3.185,SAP-ECC
2025-02,FY2025,Q1,Automotive,EMEA,8100,Interest Expense,Finance,-1.872,SAP-ECC
2025-02,FY2025,Q1,Automotive,EMEA,9100,Income Tax,Tax,-3.483,SAP-ECC
2025-02,FY2025,Q1,Automotive,Americas,4000,Product Revenue,Revenue,50.641,SAP-ECC
2025-02,FY2025,Q1,Automotive,Americas,4100,Service Revenue,Revenue,20.581,SAP-ECC
2025-02,FY2025,Q1,Automotive,Americas,5000,Cost of Goods Sold,COGS,-39.523,SAP-ECC
2025-02,FY2025,Q1,Automotive,Americas,6100,Salaries & Wages,Opex,-5.305,SAP-ECC
2025-02,FY2025,Q1,Automotive,Americas,6200,Marketing,Opex,-2.35,SAP-ECC
2025-02,FY2025,Q1,Automotive,Americas,6300,R&D,Opex,-2.987,SAP-ECC
2025-02,FY2025,Q1,Automotive,Americas,6400,Travel,Opex,-0.667,SAP-ECC
2025-02,FY2025,Q1,Automotive,Americas,6500,IT & Infrastructure,Opex,-1.857,SAP-ECC
2025-02,FY2025,Q1,Automotive,Americas,6600,General & Admin,Opex,-1.233,SAP-ECC
2025-02,FY2025,Q1,Automotive,Americas,7100,Depreciation,D&A,-3.611,SAP-ECC
2025-02,FY2025,Q1,Automotive,Americas,8100,Interest Expense,Finance,-2.236,SAP-ECC
2025-02,FY2025,Q1,Automotive,Americas,9100,Income Tax,Tax,-4.395,SAP-ECC
2025-02,FY2025,Q1,Healthcare,APAC,4000,Product Revenue,Revenue,20.488,SAP-ECC
2025-02,FY2025,Q1,Healthcare,APAC,4100,Service Revenue,Revenue,7.497,SAP-ECC
2025-02,FY2025,Q1,Healthcare,APAC,5000,Cost of Goods Sold,COGS,-13.772,SAP-ECC
2025-02,FY2025,Q1,Healthcare,APAC,6100,Salaries & Wages,Opex,-2.018,SAP-ECC
2025-02,FY2025,Q1,Healthcare,APAC,6200,Marketing,Opex,-0.856,SAP-ECC
2025-02,FY2025,Q1,Healthcare,APAC,6300,R&D,Opex,-0.998,SAP-ECC
2025-02,FY2025,Q1,Healthcare,APAC,6400,Travel,Opex,-0.273,SAP-ECC
2025-02,FY2025,Q1,Healthcare,APAC,6500,IT & Infrastructure,Opex,-0.64,SAP-ECC
2025-02,FY2025,Q1,Healthcare,APAC,6600,General & Admin,Opex,-0.467,SAP-ECC
2025-02,FY2025,Q1,Healthcare,APAC,7100,Depreciation,D&A,-1.286,SAP-ECC
2025-02,FY2025,Q1,Healthcare,APAC,8100,Interest Expense,Finance,-0.775,SAP-ECC
2025-02,FY2025,Q1,Healthcare,APAC,9100,Income Tax,Tax,-1.631,SAP-ECC
2025-02,FY2025,Q1,Healthcare,EMEA,4000,Product Revenue,Revenue,22.114,SAP-ECC
2025-02,FY2025,Q1,Healthcare,EMEA,4100,Service Revenue,Revenue,9.317,SAP-ECC
2025-02,FY2025,Q1,Healthcare,EMEA,5000,Cost of Goods Sold,COGS,-17.183,SAP-ECC
2025-02,FY2025,Q1,Healthcare,EMEA,6100,Salaries & Wages,Opex,-2.321,SAP-ECC
2025-02,FY2025,Q1,Healthcare,EMEA,6200,Marketing,Opex,-0.863,SAP-ECC
2025-02,FY2025,Q1,Healthcare,EMEA,6300,R&D,Opex,-1.108,SAP-ECC
2025-02,FY2025,Q1,Healthcare,EMEA,6400,Travel,Opex,-0.284,SAP-ECC
2025-02,FY2025,Q1,Healthcare,EMEA,6500,IT & Infrastructure,Opex,-0.756,SAP-ECC
2025-02,FY2025,Q1,Healthcare,EMEA,6600,General & Admin,Opex,-0.487,SAP-ECC
2025-02,FY2025,Q1,Healthcare,EMEA,7100,Depreciation,D&A,-1.407,SAP-ECC
2025-02,FY2025,Q1,Healthcare,EMEA,8100,Interest Expense,Finance,-0.846,SAP-ECC
2025-02,FY2025,Q1,Healthcare,EMEA,9100,Income Tax,Tax,-1.863,SAP-ECC
2025-02,FY2025,Q1,Healthcare,Americas,4000,Product Revenue,Revenue,24.767,SAP-ECC
2025-02,FY2025,Q1,Healthcare,Americas,4100,Service Revenue,Revenue,10.863,SAP-ECC
2025-02,FY2025,Q1,Healthcare,Americas,5000,Cost of Goods Sold,COGS,-21.428,SAP-ECC
2025-02,FY2025,Q1,Healthcare,Americas,6100,Salaries & Wages,Opex,-2.729,SAP-ECC
2025-02,FY2025,Q1,Healthcare,Americas,6200,Marketing,Opex,-1.043,SAP-ECC
2025-02,FY2025,Q1,Healthcare,Americas,6300,R&D,Opex,-1.379,SAP-ECC
2025-02,FY2025,Q1,Healthcare,Americas,6400,Travel,Opex,-0.335,SAP-ECC
2025-02,FY2025,Q1,Healthcare,Americas,6500,IT & Infrastructure,Opex,-0.811,SAP-ECC
2025-02,FY2025,Q1,Healthcare,Americas,6600,General & Admin,Opex,-0.595,SAP-ECC
2025-02,FY2025,Q1,Healthcare,Americas,7100,Depreciation,D&A,-1.904,SAP-ECC
2025-02,FY2025,Q1,Healthcare,Americas,8100,Interest Expense,Finance,-1.117,SAP-ECC
2025-02,FY2025,Q1,Healthcare,Americas,9100,Income Tax,Tax,-2.065,SAP-ECC
2025-03,FY2025,Q1,Electronics,APAC,4000,Product Revenue,Revenue,29.004,SAP-ECC
2025-03,FY2025,Q1,Electronics,APAC,4100,Service Revenue,Revenue,11.368,SAP-ECC
2025-03,FY2025,Q1,Electronics,APAC,5000,Cost of Goods Sold,COGS,-19.935,SAP-ECC
2025-03,FY2025,Q1,Electronics,APAC,6100,Salaries & Wages,Opex,-2.987,SAP-ECC
2025-03,FY2025,Q1,Electronics,APAC,6200,Marketing,Opex,-1.143,SAP-ECC
2025-03,FY2025,Q1,Electronics,APAC,6300,R&D,Opex,-1.568,SAP-ECC
2025-03,FY2025,Q1,Electronics,APAC,6400,Travel,Opex,-0.403,SAP-ECC
2025-03,FY2025,Q1,Electronics,APAC,6500,IT & Infrastructure,Opex,-0.898,SAP-ECC
2025-03,FY2025,Q1,Electronics,APAC,6600,General & Admin,Opex,-0.68,SAP-ECC
2025-03,FY2025,Q1,Electronics,APAC,7100,Depreciation,D&A,-1.791,SAP-ECC
2025-03,FY2025,Q1,Electronics,APAC,8100,Interest Expense,Finance,-1.153,SAP-ECC
2025-03,FY2025,Q1,Electronics,APAC,9100,Income Tax,Tax,-2.423,SAP-ECC
2025-03,FY2025,Q1,Electronics,EMEA,4000,Product Revenue,Revenue,31.751,SAP-ECC
2025-03,FY2025,Q1,Electronics,EMEA,4100,Service Revenue,Revenue,12.45,SAP-ECC
2025-03,FY2025,Q1,Electronics,EMEA,5000,Cost of Goods Sold,COGS,-23.729,SAP-ECC
2025-03,FY2025,Q1,Electronics,EMEA,6100,Salaries & Wages,Opex,-3.663,SAP-ECC
2025-03,FY2025,Q1,Electronics,EMEA,6200,Marketing,Opex,-1.219,SAP-ECC
2025-03,FY2025,Q1,Electronics,EMEA,6300,R&D,Opex,-1.586,SAP-ECC
2025-03,FY2025,Q1,Electronics,EMEA,6400,Travel,Opex,-0.46,SAP-ECC
2025-03,FY2025,Q1,Electronics,EMEA,6500,IT & Infrastructure,Opex,-1.132,SAP-ECC
2025-03,FY2025,Q1,Electronics,EMEA,6600,General & Admin,Opex,-0.649,SAP-ECC
2025-03,FY2025,Q1,Electronics,EMEA,7100,Depreciation,D&A,-2.297,SAP-ECC
2025-03,FY2025,Q1,Electronics,EMEA,8100,Interest Expense,Finance,-1.273,SAP-ECC
2025-03,FY2025,Q1,Electronics,EMEA,9100,Income Tax,Tax,-2.778,SAP-ECC
2025-03,FY2025,Q1,Electronics,Americas,4000,Product Revenue,Revenue,37.429,SAP-ECC
2025-03,FY2025,Q1,Electronics,Americas,4100,Service Revenue,Revenue,15.867,SAP-ECC
2025-03,FY2025,Q1,Electronics,Americas,5000,Cost of Goods Sold,COGS,-27.437,SAP-ECC
2025-03,FY2025,Q1,Electronics,Americas,6100,Salaries & Wages,Opex,-4.402,SAP-ECC
2025-03,FY2025,Q1,Electronics,Americas,6200,Marketing,Opex,-1.431,SAP-ECC
2025-03,FY2025,Q1,Electronics,Americas,6300,R&D,Opex,-1.923,SAP-ECC
2025-03,FY2025,Q1,Electronics,Americas,6400,Travel,Opex,-0.559,SAP-ECC
2025-03,FY2025,Q1,Electronics,Americas,6500,IT & Infrastructure,Opex,-1.238,SAP-ECC
2025-03,FY2025,Q1,Electronics,Americas,6600,General & Admin,Opex,-0.779,SAP-ECC
2025-03,FY2025,Q1,Electronics,Americas,7100,Depreciation,D&A,-2.794,SAP-ECC
2025-03,FY2025,Q1,Electronics,Americas,8100,Interest Expense,Finance,-1.656,SAP-ECC
2025-03,FY2025,Q1,Electronics,Americas,9100,Income Tax,Tax,-3.16,SAP-ECC
2025-03,FY2025,Q1,Automotive,APAC,4000,Product Revenue,Revenue,35.19,SAP-ECC
2025-03,FY2025,Q1,Automotive,APAC,4100,Service Revenue,Revenue,16.305,SAP-ECC
2025-03,FY2025,Q1,Automotive,APAC,5000,Cost of Goods Sold,COGS,-28.321,SAP-ECC
2025-03,FY2025,Q1,Automotive,APAC,6100,Salaries & Wages,Opex,-4.436,SAP-ECC
2025-03,FY2025,Q1,Automotive,APAC,6200,Marketing,Opex,-1.736,SAP-ECC
2025-03,FY2025,Q1,Automotive,APAC,6300,R&D,Opex,-2.148,SAP-ECC
2025-03,FY2025,Q1,Automotive,APAC,6400,Travel,Opex,-0.501,SAP-ECC
2025-03,FY2025,Q1,Automotive,APAC,6500,IT & Infrastructure,Opex,-1.356,SAP-ECC
2025-03,FY2025,Q1,Automotive,APAC,6600,General & Admin,Opex,-0.825,SAP-ECC
2025-03,FY2025,Q1,Automotive,APAC,7100,Depreciation,D&A,-2.597,SAP-ECC
2025-03,FY2025,Q1,Automotive,APAC,8100,Interest Expense,Finance,-1.55,SAP-ECC
2025-03,FY2025,Q1,Automotive,APAC,9100,Income Tax,Tax,-3.287,SAP-ECC
2025-03,FY2025,Q1,Automotive,EMEA,4000,Product Revenue,Revenue,45.478,SAP-ECC
2025-03,FY2025,Q1,Automotive,EMEA,4100,Service Revenue,Revenue,16.731,SAP-ECC
2025-03,FY2025,Q1,Automotive,EMEA,5000,Cost of Goods Sold,COGS,-34.158,SAP-ECC
2025-03,FY2025,Q1,Automotive,EMEA,6100,Salaries & Wages,Opex,-4.645,SAP-ECC
2025-03,FY2025,Q1,Automotive,EMEA,6200,Marketing,Opex,-1.758,SAP-ECC
2025-03,FY2025,Q1,Automotive,EMEA,6300,R&D,Opex,-2.394,SAP-ECC
2025-03,FY2025,Q1,Automotive,EMEA,6400,Travel,Opex,-0.614,SAP-ECC
2025-03,FY2025,Q1,Automotive,EMEA,6500,IT & Infrastructure,Opex,-1.345,SAP-ECC
2025-03,FY2025,Q1,Automotive,EMEA,6600,General & Admin,Opex,-0.935,SAP-ECC
2025-03,FY2025,Q1,Automotive,EMEA,7100,Depreciation,D&A,-2.844,SAP-ECC
2025-03,FY2025,Q1,Automotive,EMEA,8100,Interest Expense,Finance,-1.727,SAP-ECC
2025-03,FY2025,Q1,Automotive,EMEA,9100,Income Tax,Tax,-4.061,SAP-ECC
2025-03,FY2025,Q1,Automotive,Americas,4000,Product Revenue,Revenue,51.318,SAP-ECC
2025-03,FY2025,Q1,Automotive,Americas,4100,Service Revenue,Revenue,22.403,SAP-ECC
2025-03,FY2025,Q1,Automotive,Americas,5000,Cost of Goods Sold,COGS,-42.298,SAP-ECC
2025-03,FY2025,Q1,Automotive,Americas,6100,Salaries & Wages,Opex,-6.145,SAP-ECC
2025-03,FY2025,Q1,Automotive,Americas,6200,Marketing,Opex,-2.38,SAP-ECC
2025-03,FY2025,Q1,Automotive,Americas,6300,R&D,Opex,-3.066,SAP-ECC
2025-03,FY2025,Q1,Automotive,Americas,6400,Travel,Opex,-0.711,SAP-ECC
2025-03,FY2025,Q1,Automotive,Americas,6500,IT & Infrastructure,Opex,-1.765,SAP-ECC
2025-03,FY2025,Q1,Automotive,Americas,6600,General & Admin,Opex,-1.164,SAP-ECC
2025-03,FY2025,Q1,Automotive,Americas,7100,Depreciation,D&A,-3.917,SAP-ECC
2025-03,FY2025,Q1,Automotive,Americas,8100,Interest Expense,Finance,-2.19,SAP-ECC
2025-03,FY2025,Q1,Automotive,Americas,9100,Income Tax,Tax,-4.47,SAP-ECC
2025-03,FY2025,Q1,Healthcare,APAC,4000,Product Revenue,Revenue,18.063,SAP-ECC
2025-03,FY2025,Q1,Healthcare,APAC,4100,Service Revenue,Revenue,7.945,SAP-ECC
2025-03,FY2025,Q1,Healthcare,APAC,5000,Cost of Goods Sold,COGS,-14.298,SAP-ECC
2025-03,FY2025,Q1,Healthcare,APAC,6100,Salaries & Wages,Opex,-2.344,SAP-ECC
2025-03,FY2025,Q1,Healthcare,APAC,6200,Marketing,Opex,-0.862,SAP-ECC
2025-03,FY2025,Q1,Healthcare,APAC,6300,R&D,Opex,-1.009,SAP-ECC
2025-03,FY2025,Q1,Healthcare,APAC,6400,Travel,Opex,-0.298,SAP-ECC
2025-03,FY2025,Q1,Healthcare,APAC,6500,IT & Infrastructure,Opex,-0.66,SAP-ECC
2025-03,FY2025,Q1,Healthcare,APAC,6600,General & Admin,Opex,-0.459,SAP-ECC
2025-03,FY2025,Q1,Healthcare,APAC,7100,Depreciation,D&A,-1.49,SAP-ECC
2025-03,FY2025,Q1,Healthcare,APAC,8100,Interest Expense,Finance,-0.89,SAP-ECC
2025-03,FY2025,Q1,Healthcare,APAC,9100,Income Tax,Tax,-1.588,SAP-ECC
2025-03,FY2025,Q1,Healthcare,EMEA,4000,Product Revenue,Revenue,21.88,SAP-ECC
2025-03,FY2025,Q1,Healthcare,EMEA,4100,Service Revenue,Revenue,8.742,SAP-ECC
2025-03,FY2025,Q1,Healthcare,EMEA,5000,Cost of Goods Sold,COGS,-17.666,SAP-ECC
2025-03,FY2025,Q1,Healthcare,EMEA,6100,Salaries & Wages,Opex,-2.613,SAP-ECC
2025-03,FY2025,Q1,Healthcare,EMEA,6200,Marketing,Opex,-0.84,SAP-ECC
2025-03,FY2025,Q1,Healthcare,EMEA,6300,R&D,Opex,-1.324,SAP-ECC
2025-03,FY2025,Q1,Healthcare,EMEA,6400,Travel,Opex,-0.289,SAP-ECC
2025-03,FY2025,Q1,Healthcare,EMEA,6500,IT & Infrastructure,Opex,-0.775,SAP-ECC
2025-03,FY2025,Q1,Healthcare,EMEA,6600,General & Admin,Opex,-0.512,SAP-ECC
2025-03,FY2025,Q1,Healthcare,EMEA,7100,Depreciation,D&A,-1.481,SAP-ECC
2025-03,FY2025,Q1,Healthcare,EMEA,8100,Interest Expense,Finance,-0.967,SAP-ECC
2025-03,FY2025,Q1,Healthcare,EMEA,9100,Income Tax,Tax,-2.017,SAP-ECC
2025-03,FY2025,Q1,Healthcare,Americas,4000,Product Revenue,Revenue,24.067,SAP-ECC
2025-03,FY2025,Q1,Healthcare,Americas,4100,Service Revenue,Revenue,11.127,SAP-ECC
2025-03,FY2025,Q1,Healthcare,Americas,5000,Cost of Goods Sold,COGS,-21.164,SAP-ECC
2025-03,FY2025,Q1,Healthcare,Americas,6100,Salaries & Wages,Opex,-3.022,SAP-ECC
2025-03,FY2025,Q1,Healthcare,Americas,6200,Marketing,Opex,-1.175,SAP-ECC
2025-03,FY2025,Q1,Healthcare,Americas,6300,R&D,Opex,-1.337,SAP-ECC
2025-03,FY2025,Q1,Healthcare,Americas,6400,Travel,Opex,-0.378,SAP-ECC
2025-03,FY2025,Q1,Healthcare,Americas,6500,IT & Infrastructure,Opex,-0.946,SAP-ECC
2025-03,FY2025,Q1,Healthcare,Americas,6600,General & Admin,Opex,-0.59,SAP-ECC
2025-03,FY2025,Q1,Healthcare,Americas,7100,Depreciation,D&A,-1.845,SAP-ECC
2025-03,FY2025,Q1,Healthcare,Americas,8100,Interest Expense,Finance,-1.034,SAP-ECC
2025-03,FY2025,Q1,Healthcare,Americas,9100,Income Tax,Tax,-2.479,SAP-ECC
2025-04,FY2025,Q2,Electronics,APAC,4000,Product Revenue,Revenue,29.633,SAP-ECC
2025-04,FY2025,Q2,Electronics,APAC,4100,Service Revenue,Revenue,11.875,SAP-ECC
2025-04,FY2025,Q2,Electronics,APAC,5000,Cost of Goods Sold,COGS,-21.059,SAP-ECC
2025-04,FY2025,Q2,Electronics,APAC,6100,Salaries & Wages,Opex,-3.166,SAP-ECC
2025-04,FY2025,Q2,Electronics,APAC,6200,Marketing,Opex,-1.102,SAP-ECC
2025-04,FY2025,Q2,Electronics,APAC,6300,R&D,Opex,-1.51,SAP-ECC
2025-04,FY2025,Q2,Electronics,APAC,6400,Travel,Opex,-0.377,SAP-ECC
2025-04,FY2025,Q2,Electronics,APAC,6500,IT & Infrastructure,Opex,-0.956,SAP-ECC
2025-04,FY2025,Q2,Electronics,APAC,6600,General & Admin,Opex,-0.578,SAP-ECC
2025-04,FY2025,Q2,Electronics,APAC,7100,Depreciation,D&A,-2.129,SAP-ECC
2025-04,FY2025,Q2,Electronics,APAC,8100,Interest Expense,Finance,-1.126,SAP-ECC
2025-04,FY2025,Q2,Electronics,APAC,9100,Income Tax,Tax,-2.314,SAP-ECC
2025-04,FY2025,Q2,Electronics,EMEA,4000,Product Revenue,Revenue,32.021,SAP-ECC
2025-04,FY2025,Q2,Electronics,EMEA,4100,Service Revenue,Revenue,14.199,SAP-ECC
2025-04,FY2025,Q2,Electronics,EMEA,5000,Cost of Goods Sold,COGS,-25.709,SAP-ECC
2025-04,FY2025,Q2,Electronics,EMEA,6100,Salaries & Wages,Opex,-3.413,SAP-ECC
2025-04,FY2025,Q2,Electronics,EMEA,6200,Marketing,Opex,-1.209,SAP-ECC
2025-04,FY2025,Q2,Electronics,EMEA,6300,R&D,Opex,-1.789,SAP-ECC
2025-04,FY2025,Q2,Electronics,EMEA,6400,Travel,Opex,-0.473,SAP-ECC
2025-04,FY2025,Q2,Electronics,EMEA,6500,IT & Infrastructure,Opex,-1.109,SAP-ECC
2025-04,FY2025,Q2,Electronics,EMEA,6600,General & Admin,Opex,-0.748,SAP-ECC
2025-04,FY2025,Q2,Electronics,EMEA,7100,Depreciation,D&A,-2.344,SAP-ECC
2025-04,FY2025,Q2,Electronics,EMEA,8100,Interest Expense,Finance,-1.43,SAP-ECC
2025-04,FY2025,Q2,Electronics,EMEA,9100,Income Tax,Tax,-2.691,SAP-ECC
2025-04,FY2025,Q2,Electronics,Americas,4000,Product Revenue,Revenue,39.908,SAP-ECC
2025-04,FY2025,Q2,Electronics,Americas,4100,Service Revenue,Revenue,15.56,SAP-ECC
2025-04,FY2025,Q2,Electronics,Americas,5000,Cost of Goods Sold,COGS,-27.001,SAP-ECC
2025-04,FY2025,Q2,Electronics,Americas,6100,Salaries & Wages,Opex,-4.079,SAP-ECC
2025-04,FY2025,Q2,Electronics,Americas,6200,Marketing,Opex,-1.483,SAP-ECC
2025-04,FY2025,Q2,Electronics,Americas,6300,R&D,Opex,-1.985,SAP-ECC
2025-04,FY2025,Q2,Electronics,Americas,6400,Travel,Opex,-0.571,SAP-ECC
2025-04,FY2025,Q2,Electronics,Americas,6500,IT & Infrastructure,Opex,-1.334,SAP-ECC
2025-04,FY2025,Q2,Electronics,Americas,6600,General & Admin,Opex,-0.915,SAP-ECC
2025-04,FY2025,Q2,Electronics,Americas,7100,Depreciation,D&A,-2.713,SAP-ECC
2025-04,FY2025,Q2,Electronics,Americas,8100,Interest Expense,Finance,-1.493,SAP-ECC
2025-04,FY2025,Q2,Electronics,Americas,9100,Income Tax,Tax,-3.579,SAP-ECC
2025-04,FY2025,Q2,Automotive,APAC,4000,Product Revenue,Revenue,40.184,SAP-ECC
2025-04,FY2025,Q2,Automotive,APAC,4100,Service Revenue,Revenue,17.92,SAP-ECC
2025-04,FY2025,Q2,Automotive,APAC,5000,Cost of Goods Sold,COGS,-32.082,SAP-ECC
2025-04,FY2025,Q2,Automotive,APAC,6100,Salaries & Wages,Opex,-4.22,SAP-ECC
2025-04,FY2025,Q2,Automotive,APAC,6200,Marketing,Opex,-1.691,SAP-ECC
2025-04,FY2025,Q2,Automotive,APAC,6300,R&D,Opex,-2.091,SAP-ECC
2025-04,FY2025,Q2,Automotive,APAC,6400,Travel,Opex,-0.536,SAP-ECC
2025-04,FY2025,Q2,Automotive,APAC,6500,IT & Infrastructure,Opex,-1.377,SAP-ECC
2025-04,FY2025,Q2,Automotive,APAC,6600,General & Admin,Opex,-0.829,SAP-ECC
2025-04,FY2025,Q2,Automotive,APAC,7100,Depreciation,D&A,-2.888,SAP-ECC
2025-04,FY2025,Q2,Automotive,APAC,8100,Interest Expense,Finance,-1.798,SAP-ECC
2025-04,FY2025,Q2,Automotive,APAC,9100,Income Tax,Tax,-3.746,SAP-ECC
2025-04,FY2025,Q2,Automotive,EMEA,4000,Product Revenue,Revenue,42.327,SAP-ECC
2025-04,FY2025,Q2,Automotive,EMEA,4100,Service Revenue,Revenue,20.127,SAP-ECC
2025-04,FY2025,Q2,Automotive,EMEA,5000,Cost of Goods Sold,COGS,-36.723,SAP-ECC
2025-04,FY2025,Q2,Automotive,EMEA,6100,Salaries & Wages,Opex,-4.522,SAP-ECC
2025-04,FY2025,Q2,Automotive,EMEA,6200,Marketing,Opex,-1.883,SAP-ECC
2025-04,FY2025,Q2,Automotive,EMEA,6300,R&D,Opex,-2.651,SAP-ECC
2025-04,FY2025,Q2,Automotive,EMEA,6400,Travel,Opex,-0.668,SAP-ECC
2025-04,FY2025,Q2,Automotive,EMEA,6500,IT & Infrastructure,Opex,-1.406,SAP-ECC
2025-04,FY2025,Q2,Automotive,EMEA,6600,General & Admin,Opex,-0.998,SAP-ECC
2025-04,FY2025,Q2,Automotive,EMEA,7100,Depreciation,D&A,-3.323,SAP-ECC
2025-04,FY2025,Q2,Automotive,EMEA,8100,Interest Expense,Finance,-1.731,SAP-ECC
2025-04,FY2025,Q2,Automotive,EMEA,9100,Income Tax,Tax,-4.022,SAP-ECC
2025-04,FY2025,Q2,Automotive,Americas,4000,Product Revenue,Revenue,49.374,SAP-ECC
2025-04,FY2025,Q2,Automotive,Americas,4100,Service Revenue,Revenue,24.105,SAP-ECC
2025-04,FY2025,Q2,Automotive,Americas,5000,Cost of Goods Sold,COGS,-38.286,SAP-ECC
2025-04,FY2025,Q2,Automotive,Americas,6100,Salaries & Wages,Opex,-6.326,SAP-ECC
2025-04,FY2025,Q2,Automotive,Americas,6200,Marketing,Opex,-2.057,SAP-ECC
2025-04,FY2025,Q2,Automotive,Americas,6300,R&D,Opex,-3.07,SAP-ECC
2025-04,FY2025,Q2,Automotive,Americas,6400,Travel,Opex,-0.758,SAP-ECC
2025-04,FY2025,Q2,Automotive,Americas,6500,IT & Infrastructure,Opex,-1.898,SAP-ECC
2025-04,FY2025,Q2,Automotive,Americas,6600,General & Admin,Opex,-1.173,SAP-ECC
2025-04,FY2025,Q2,Automotive,Americas,7100,Depreciation,D&A,-3.545,SAP-ECC
2025-04,FY2025,Q2,Automotive,Americas,8100,Interest Expense,Finance,-2.121,SAP-ECC
2025-04,FY2025,Q2,Automotive,Americas,9100,Income Tax,Tax,-4.268,SAP-ECC
2025-04,FY2025,Q2,Healthcare,APAC,4000,Product Revenue,Revenue,18.58,SAP-ECC
2025-04,FY2025,Q2,Healthcare,APAC,4100,Service Revenue,Revenue,7.742,SAP-ECC
2025-04,FY2025,Q2,Healthcare,APAC,5000,Cost of Goods Sold,COGS,-13.904,SAP-ECC
2025-04,FY2025,Q2,Healthcare,APAC,6100,Salaries & Wages,Opex,-2.175,SAP-ECC
2025-04,FY2025,Q2,Healthcare,APAC,6200,Marketing,Opex,-0.867,SAP-ECC
2025-04,FY2025,Q2,Healthcare,APAC,6300,R&D,Opex,-1.203,SAP-ECC
2025-04,FY2025,Q2,Healthcare,APAC,6400,Travel,Opex,-0.296,SAP-ECC
2025-04,FY2025,Q2,Healthcare,APAC,6500,IT & Infrastructure,Opex,-0.665,SAP-ECC
2025-04,FY2025,Q2,Healthcare,APAC,6600,General & Admin,Opex,-0.434,SAP-ECC
2025-04,FY2025,Q2,Healthcare,APAC,7100,Depreciation,D&A,-1.399,SAP-ECC
2025-04,FY2025,Q2,Healthcare,APAC,8100,Interest Expense,Finance,-0.773,SAP-ECC
2025-04,FY2025,Q2,Healthcare,APAC,9100,Income Tax,Tax,-1.728,SAP-ECC
2025-04,FY2025,Q2,Healthcare,EMEA,4000,Product Revenue,Revenue,22.98,SAP-ECC
2025-04,FY2025,Q2,Healthcare,EMEA,4100,Service Revenue,Revenue,9.498,SAP-ECC
2025-04,FY2025,Q2,Healthcare,EMEA,5000,Cost of Goods Sold,COGS,-17.522,SAP-ECC
2025-04,FY2025,Q2,Healthcare,EMEA,6100,Salaries & Wages,Opex,-2.318,SAP-ECC
2025-04,FY2025,Q2,Healthcare,EMEA,6200,Marketing,Opex,-0.855,SAP-ECC
2025-04,FY2025,Q2,Healthcare,EMEA,6300,R&D,Opex,-1.309,SAP-ECC
2025-04,FY2025,Q2,Healthcare,EMEA,6400,Travel,Opex,-0.297,SAP-ECC
2025-04,FY2025,Q2,Healthcare,EMEA,6500,IT & Infrastructure,Opex,-0.716,SAP-ECC
2025-04,FY2025,Q2,Healthcare,EMEA,6600,General & Admin,Opex,-0.533,SAP-ECC
2025-04,FY2025,Q2,Healthcare,EMEA,7100,Depreciation,D&A,-1.424,SAP-ECC
2025-04,FY2025,Q2,Healthcare,EMEA,8100,Interest Expense,Finance,-0.87,SAP-ECC
2025-04,FY2025,Q2,Healthcare,EMEA,9100,Income Tax,Tax,-1.884,SAP-ECC
2025-04,FY2025,Q2,Healthcare,Americas,4000,Product Revenue,Revenue,26.967,SAP-ECC
2025-04,FY2025,Q2,Healthcare,Americas,4100,Service Revenue,Revenue,11.191,SAP-ECC
2025-04,FY2025,Q2,Healthcare,Americas,5000,Cost of Goods Sold,COGS,-21.791,SAP-ECC
2025-04,FY2025,Q2,Healthcare,Americas,6100,Salaries & Wages,Opex,-2.745,SAP-ECC
2025-04,FY2025,Q2,Healthcare,Americas,6200,Marketing,Opex,-1.128,SAP-ECC
2025-04,FY2025,Q2,Healthcare,Americas,6300,R&D,Opex,-1.51,SAP-ECC
2025-04,FY2025,Q2,Healthcare,Americas,6400,Travel,Opex,-0.369,SAP-ECC
2025-04,FY2025,Q2,Healthcare,Americas,6500,IT & Infrastructure,Opex,-0.814,SAP-ECC
2025-04,FY2025,Q2,Healthcare,Americas,6600,General & Admin,Opex,-0.639,SAP-ECC
2025-04,FY2025,Q2,Healthcare,Americas,7100,Depreciation,D&A,-1.739,SAP-ECC
2025-04,FY2025,Q2,Healthcare,Americas,8100,Interest Expense,Finance,-1.187,SAP-ECC
2025-04,FY2025,Q2,Healthcare,Americas,9100,Income Tax,Tax,-2.171,SAP-ECC
2025-05,FY2025,Q2,Electronics,APAC,4000,Product Revenue,Revenue,26.127,SAP-ECC
2025-05,FY2025,Q2,Electronics,APAC,4100,Service Revenue,Revenue,11.422,SAP-ECC
2025-05,FY2025,Q2,Electronics,APAC,5000,Cost of Goods Sold,COGS,-20.878,SAP-ECC
2025-05,FY2025,Q2,Electronics,APAC,6100,Salaries & Wages,Opex,-3.327,SAP-ECC
2025-05,FY2025,Q2,Electronics,APAC,6200,Marketing,Opex,-1.253,SAP-ECC
2025-05,FY2025,Q2,Electronics,APAC,6300,R&D,Opex,-1.673,SAP-ECC
2025-05,FY2025,Q2,Electronics,APAC,6400,Travel,Opex,-0.385,SAP-ECC
2025-05,FY2025,Q2,Electronics,APAC,6500,IT & Infrastructure,Opex,-0.927,SAP-ECC
2025-05,FY2025,Q2,Electronics,APAC,6600,General & Admin,Opex,-0.613,SAP-ECC
2025-05,FY2025,Q2,Electronics,APAC,7100,Depreciation,D&A,-1.848,SAP-ECC
2025-05,FY2025,Q2,Electronics,APAC,8100,Interest Expense,Finance,-1.221,SAP-ECC
2025-05,FY2025,Q2,Electronics,APAC,9100,Income Tax,Tax,-2.663,SAP-ECC
2025-05,FY2025,Q2,Electronics,EMEA,4000,Product Revenue,Revenue,29.322,SAP-ECC
2025-05,FY2025,Q2,Electronics,EMEA,4100,Service Revenue,Revenue,13.061,SAP-ECC
2025-05,FY2025,Q2,Electronics,EMEA,5000,Cost of Goods Sold,COGS,-24.238,SAP-ECC
2025-05,FY2025,Q2,Electronics,EMEA,6100,Salaries & Wages,Opex,-3.441,SAP-ECC
2025-05,FY2025,Q2,Electronics,EMEA,6200,Marketing,Opex,-1.378,SAP-ECC
2025-05,FY2025,Q2,Electronics,EMEA,6300,R&D,Opex,-1.818,SAP-ECC
2025-05,FY2025,Q2,Electronics,EMEA,6400,Travel,Opex,-0.423,SAP-ECC
2025-05,FY2025,Q2,Electronics,EMEA,6500,IT & Infrastructure,Opex,-0.981,SAP-ECC
2025-05,FY2025,Q2,Electronics,EMEA,6600,General & Admin,Opex,-0.672,SAP-ECC
2025-05,FY2025,Q2,Electronics,EMEA,7100,Depreciation,D&A,-2.149,SAP-ECC
2025-05,FY2025,Q2,Electronics,EMEA,8100,Interest Expense,Finance,-1.24,SAP-ECC
2025-05,FY2025,Q2,Electronics,EMEA,9100,Income Tax,Tax,-2.961,SAP-ECC
2025-05,FY2025,Q2,Electronics,Americas,4000,Product Revenue,Revenue,36.221,SAP-ECC
2025-05,FY2025,Q2,Electronics,Americas,4100,Service Revenue,Revenue,15.778,SAP-ECC
2025-05,FY2025,Q2,Electronics,Americas,5000,Cost of Goods Sold,COGS,-29.408,SAP-ECC
2025-05,FY2025,Q2,Electronics,Americas,6100,Salaries & Wages,Opex,-4.409,SAP-ECC
2025-05,FY2025,Q2,Electronics,Americas,6200,Marketing,Opex,-1.49,SAP-ECC
2025-05,FY2025,Q2,Electronics,Americas,6300,R&D,Opex,-2.16,SAP-ECC
2025-05,FY2025,Q2,Electronics,Americas,6400,Travel,Opex,-0.506,SAP-ECC
2025-05,FY2025,Q2,Electronics,Americas,6500,IT & Infrastructure,Opex,-1.374,SAP-ECC
2025-05,FY2025,Q2,Electronics,Americas,6600,General & Admin,Opex,-0.837,SAP-ECC
2025-05,FY2025,Q2,Electronics,Americas,7100,Depreciation,D&A,-2.653,SAP-ECC
2025-05,FY2025,Q2,Electronics,Americas,8100,Interest Expense,Finance,-1.539,SAP-ECC
2025-05,FY2025,Q2,Electronics,Americas,9100,Income Tax,Tax,-3.328,SAP-ECC
2025-05,FY2025,Q2,Automotive,APAC,4000,Product Revenue,Revenue,37.455,SAP-ECC
2025-05,FY2025,Q2,Automotive,APAC,4100,Service Revenue,Revenue,16.18,SAP-ECC
2025-05,FY2025,Q2,Automotive,APAC,5000,Cost of Goods Sold,COGS,-28.522,SAP-ECC
2025-05,FY2025,Q2,Automotive,APAC,6100,Salaries & Wages,Opex,-4.702,SAP-ECC
2025-05,FY2025,Q2,Automotive,APAC,6200,Marketing,Opex,-1.738,SAP-ECC
2025-05,FY2025,Q2,Automotive,APAC,6300,R&D,Opex,-2.084,SAP-ECC
2025-05,FY2025,Q2,Automotive,APAC,6400,Travel,Opex,-0.547,SAP-ECC
2025-05,FY2025,Q2,Automotive,APAC,6500,IT & Infrastructure,Opex,-1.36,SAP-ECC
2025-05,FY2025,Q2,Automotive,APAC,6600,General & Admin,Opex,-0.976,SAP-ECC
2025-05,FY2025,Q2,Automotive,APAC,7100,Depreciation,D&A,-2.858,SAP-ECC
2025-05,FY2025,Q2,Automotive,APAC,8100,Interest Expense,Finance,-1.704,SAP-ECC
2025-05,FY2025,Q2,Automotive,APAC,9100,Income Tax,Tax,-3.729,SAP-ECC
2025-05,FY2025,Q2,Automotive,EMEA,4000,Product Revenue,Revenue,46.235,SAP-ECC
2025-05,FY2025,Q2,Automotive,EMEA,4100,Service Revenue,Revenue,18.479,SAP-ECC
2025-05,FY2025,Q2,Automotive,EMEA,5000,Cost of Goods Sold,COGS,-34.594,SAP-ECC
2025-05,FY2025,Q2,Automotive,EMEA,6100,Salaries & Wages,Opex,-5.327,SAP-ECC
2025-05,FY2025,Q2,Automotive,EMEA,6200,Marketing,Opex,-1.867,SAP-ECC
2025-05,FY2025,Q2,Automotive,EMEA,6300,R&D,Opex,-2.67,SAP-ECC
2025-05,FY2025,Q2,Automotive,EMEA,6400,Travel,Opex,-0.622,SAP-ECC
2025-05,FY2025,Q2,Automotive,EMEA,6500,IT & Infrastructure,Opex,-1.388,SAP-ECC
2025-05,FY2025,Q2,Automotive,EMEA,6600,General & Admin,Opex,-1.072,SAP-ECC
2025-05,FY2025,Q2,Automotive,EMEA,7100,Depreciation,D&A,-3.244,SAP-ECC
2025-05,FY2025,Q2,Automotive,EMEA,8100,Interest Expense,Finance,-1.876,SAP-ECC
2025-05,FY2025,Q2,Automotive,EMEA,9100,Income Tax,Tax,-4.185,SAP-ECC
2025-05,FY2025,Q2,Automotive,Americas,4000,Product Revenue,Revenue,55.313,SAP-ECC
2025-05,FY2025,Q2,Automotive,Americas,4100,Service Revenue,Revenue,23.213,SAP-ECC
2025-05,FY2025,Q2,Automotive,Americas,5000,Cost of Goods Sold,COGS,-42.136,SAP-ECC
2025-05,FY2025,Q2,Automotive,Americas,6100,Salaries & Wages,Opex,-5.594,SAP-ECC
2025-05,FY2025,Q2,Automotive,Americas,6200,Marketing,Opex,-2.353,SAP-ECC
2025-05,FY2025,Q2,Automotive,Americas,6300,R&D,Opex,-2.825,SAP-ECC
2025-05,FY2025,Q2,Automotive,Americas,6400,Travel,Opex,-0.815,SAP-ECC
2025-05,FY2025,Q2,Automotive,Americas,6500,IT & Infrastructure,Opex,-1.952,SAP-ECC
2025-05,FY2025,Q2,Automotive,Americas,6600,General & Admin,Opex,-1.266,SAP-ECC
2025-05,FY2025,Q2,Automotive,Americas,7100,Depreciation,D&A,-3.5,SAP-ECC
2025-05,FY2025,Q2,Automotive,Americas,8100,Interest Expense,Finance,-2.219,SAP-ECC
2025-05,FY2025,Q2,Automotive,Americas,9100,Income Tax,Tax,-5.096,SAP-ECC
2025-05,FY2025,Q2,Healthcare,APAC,4000,Product Revenue,Revenue,19.462,SAP-ECC
2025-05,FY2025,Q2,Healthcare,APAC,4100,Service Revenue,Revenue,9.186,SAP-ECC
2025-05,FY2025,Q2,Healthcare,APAC,5000,Cost of Goods Sold,COGS,-15.82,SAP-ECC
2025-05,FY2025,Q2,Healthcare,APAC,6100,Salaries & Wages,Opex,-2.384,SAP-ECC
2025-05,FY2025,Q2,Healthcare,APAC,6200,Marketing,Opex,-0.807,SAP-ECC
2025-05,FY2025,Q2,Healthcare,APAC,6300,R&D,Opex,-1.207,SAP-ECC
2025-05,FY2025,Q2,Healthcare,APAC,6400,Travel,Opex,-0.302,SAP-ECC
2025-05,FY2025,Q2,Healthcare,APAC,6500,IT & Infrastructure,Opex,-0.623,SAP-ECC
2025-05,FY2025,Q2,Healthcare,APAC,6600,General & Admin,Opex,-0.441,SAP-ECC
2025-05,FY2025,Q2,Healthcare,APAC,7100,Depreciation,D&A,-1.381,SAP-ECC
2025-05,FY2025,Q2,Healthcare,APAC,8100,Interest Expense,Finance,-0.818,SAP-ECC
2025-05,FY2025,Q2,Healthcare,APAC,9100,Income Tax,Tax,-1.688,SAP-ECC
2025-05,FY2025,Q2,Healthcare,EMEA,4000,Product Revenue,Revenue,21.713,SAP-ECC
2025-05,FY2025,Q2,Healthcare,EMEA,4100,Service Revenue,Revenue,9.999,SAP-ECC
2025-05,FY2025,Q2,Healthcare,EMEA,5000,Cost of Goods Sold,COGS,-18.066,SAP-ECC
2025-05,FY2025,Q2,Healthcare,EMEA,6100,Salaries & Wages,Opex,-2.555,SAP-ECC
2025-05,FY2025,Q2,Healthcare,EMEA,6200,Marketing,Opex,-0.941,SAP-ECC
2025-05,FY2025,Q2,Healthcare,EMEA,6300,R&D,Opex,-1.232,SAP-ECC
2025-05,FY2025,Q2,Healthcare,EMEA,6400,Travel,Opex,-0.308,SAP-ECC
2025-05,FY2025,Q2,Healthcare,EMEA,6500,IT & Infrastructure,Opex,-0.703,SAP-ECC
2025-05,FY2025,Q2,Healthcare,EMEA,6600,General & Admin,Opex,-0.508,SAP-ECC
2025-05,FY2025,Q2,Healthcare,EMEA,7100,Depreciation,D&A,-1.635,SAP-ECC
2025-05,FY2025,Q2,Healthcare,EMEA,8100,Interest Expense,Finance,-1.011,SAP-ECC
2025-05,FY2025,Q2,Healthcare,EMEA,9100,Income Tax,Tax,-2.101,SAP-ECC
2025-05,FY2025,Q2,Healthcare,Americas,4000,Product Revenue,Revenue,26.544,SAP-ECC
2025-05,FY2025,Q2,Healthcare,Americas,4100,Service Revenue,Revenue,10.45,SAP-ECC
2025-05,FY2025,Q2,Healthcare,Americas,5000,Cost of Goods Sold,COGS,-19.84,SAP-ECC
2025-05,FY2025,Q2,Healthcare,Americas,6100,Salaries & Wages,Opex,-3.019,SAP-ECC
2025-05,FY2025,Q2,Healthcare,Americas,6200,Marketing,Opex,-1.094,SAP-ECC
2025-05,FY2025,Q2,Healthcare,Americas,6300,R&D,Opex,-1.476,SAP-ECC
2025-05,FY2025,Q2,Healthcare,Americas,6400,Travel,Opex,-0.367,SAP-ECC
2025-05,FY2025,Q2,Healthcare,Americas,6500,IT & Infrastructure,Opex,-0.898,SAP-ECC
2025-05,FY2025,Q2,Healthcare,Americas,6600,General & Admin,Opex,-0.612,SAP-ECC
2025-05,FY2025,Q2,Healthcare,Americas,7100,Depreciation,D&A,-1.721,SAP-ECC
2025-05,FY2025,Q2,Healthcare,Americas,8100,Interest Expense,Finance,-1.08,SAP-ECC
2025-05,FY2025,Q2,Healthcare,Americas,9100,Income Tax,Tax,-2.195,SAP-ECC
2025-06,FY2025,Q2,Electronics,APAC,4000,Product Revenue,Revenue,29.058,SAP-ECC
2025-06,FY2025,Q2,Electronics,APAC,4100,Service Revenue,Revenue,12.639,SAP-ECC
2025-06,FY2025,Q2,Electronics,APAC,5000,Cost of Goods Sold,COGS,-20.557,SAP-ECC
2025-06,FY2025,Q2,Electronics,APAC,6100,Salaries & Wages,Opex,-3.484,SAP-ECC
2025-06,FY2025,Q2,Electronics,APAC,6200,Marketing,Opex,-1.185,SAP-ECC
2025-06,FY2025,Q2,Electronics,APAC,6300,R&D,Opex,-1.553,SAP-ECC
2025-06,FY2025,Q2,Electronics,APAC,6400,Travel,Opex,-0.425,SAP-ECC
2025-06,FY2025,Q2,Electronics,APAC,6500,IT & Infrastructure,Opex,-1.051,SAP-ECC
2025-06,FY2025,Q2,Electronics,APAC,6600,General & Admin,Opex,-0.698,SAP-ECC
2025-06,FY2025,Q2,Electronics,APAC,7100,Depreciation,D&A,-1.862,SAP-ECC
2025-06,FY2025,Q2,Electronics,APAC,8100,Interest Expense,Finance,-1.291,SAP-ECC
2025-06,FY2025,Q2,Electronics,APAC,9100,Income Tax,Tax,-2.456,SAP-ECC
2025-06,FY2025,Q2,Electronics,EMEA,4000,Product Revenue,Revenue,30.434,SAP-ECC
2025-06,FY2025,Q2,Electronics,EMEA,4100,Service Revenue,Revenue,13.554,SAP-ECC
2025-06,FY2025,Q2,Electronics,EMEA,5000,Cost of Goods Sold,COGS,-25.757,SAP-ECC
2025-06,FY2025,Q2,Electronics,EMEA,6100,Salaries & Wages,Opex,-3.361,SAP-ECC
2025-06,FY2025,Q2,Electronics,EMEA,6200,Marketing,Opex,-1.447,SAP-ECC
2025-06,FY2025,Q2,Electronics,EMEA,6300,R&D,Opex,-1.692,SAP-ECC
2025-06,FY2025,Q2,Electronics,EMEA,6400,Travel,Opex,-0.491,SAP-ECC
2025-06,FY2025,Q2,Electronics,EMEA,6500,IT & Infrastructure,Opex,-1.075,SAP-ECC
2025-06,FY2025,Q2,Electronics,EMEA,6600,General & Admin,Opex,-0.766,SAP-ECC
2025-06,FY2025,Q2,Electronics,EMEA,7100,Depreciation,D&A,-2.169,SAP-ECC
2025-06,FY2025,Q2,Electronics,EMEA,8100,Interest Expense,Finance,-1.337,SAP-ECC
2025-06,FY2025,Q2,Electronics,EMEA,9100,Income Tax,Tax,-2.901,SAP-ECC
2025-06,FY2025,Q2,Electronics,Americas,4000,Product Revenue,Revenue,35.894,SAP-ECC
2025-06,FY2025,Q2,Electronics,Americas,4100,Service Revenue,Revenue,15.451,SAP-ECC
2025-06,FY2025,Q2,Electronics,Americas,5000,Cost of Goods Sold,COGS,-31.588,SAP-ECC
2025-06,FY2025,Q2,Electronics,Americas,6100,Salaries & Wages,Opex,-4.53,SAP-ECC
2025-06,FY2025,Q2,Electronics,Americas,6200,Marketing,Opex,-1.704,SAP-ECC
2025-06,FY2025,Q2,Electronics,Americas,6300,R&D,Opex,-2.314,SAP-ECC
2025-06,FY2025,Q2,Electronics,Americas,6400,Travel,Opex,-0.574,SAP-ECC
2025-06,FY2025,Q2,Electronics,Americas,6500,IT & Infrastructure,Opex,-1.307,SAP-ECC
2025-06,FY2025,Q2,Electronics,Americas,6600,General & Admin,Opex,-0.816,SAP-ECC
2025-06,FY2025,Q2,Electronics,Americas,7100,Depreciation,D&A,-2.623,SAP-ECC
2025-06,FY2025,Q2,Electronics,Americas,8100,Interest Expense,Finance,-1.631,SAP-ECC
2025-06,FY2025,Q2,Electronics,Americas,9100,Income Tax,Tax,-3.173,SAP-ECC
2025-06,FY2025,Q2,Automotive,APAC,4000,Product Revenue,Revenue,42.407,SAP-ECC
2025-06,FY2025,Q2,Automotive,APAC,4100,Service Revenue,Revenue,18.26,SAP-ECC
2025-06,FY2025,Q2,Automotive,APAC,5000,Cost of Goods Sold,COGS,-28.724,SAP-ECC
2025-06,FY2025,Q2,Automotive,APAC,6100,Salaries & Wages,Opex,-4.311,SAP-ECC
2025-06,FY2025,Q2,Automotive,APAC,6200,Marketing,Opex,-1.812,SAP-ECC
2025-06,FY2025,Q2,Automotive,APAC,6300,R&D,Opex,-2.417,SAP-ECC
2025-06,FY2025,Q2,Automotive,APAC,6400,Travel,Opex,-0.545,SAP-ECC
2025-06,FY2025,Q2,Automotive,APAC,6500,IT & Infrastructure,Opex,-1.358,SAP-ECC
2025-06,FY2025,Q2,Automotive,APAC,6600,General & Admin,Opex,-0.98,SAP-ECC
2025-06,FY2025,Q2,Automotive,APAC,7100,Depreciation,D&A,-2.955,SAP-ECC
2025-06,FY2025,Q2,Automotive,APAC,8100,Interest Expense,Finance,-1.641,SAP-ECC
2025-06,FY2025,Q2,Automotive,APAC,9100,Income Tax,Tax,-3.769,SAP-ECC
2025-06,FY2025,Q2,Automotive,EMEA,4000,Product Revenue,Revenue,44.384,SAP-ECC
2025-06,FY2025,Q2,Automotive,EMEA,4100,Service Revenue,Revenue,19.463,SAP-ECC
2025-06,FY2025,Q2,Automotive,EMEA,5000,Cost of Goods Sold,COGS,-32.505,SAP-ECC
2025-06,FY2025,Q2,Automotive,EMEA,6100,Salaries & Wages,Opex,-4.644,SAP-ECC
2025-06,FY2025,Q2,Automotive,EMEA,6200,Marketing,Opex,-1.857,SAP-ECC
2025-06,FY2025,Q2,Automotive,EMEA,6300,R&D,Opex,-2.576,SAP-ECC
2025-06,FY2025,Q2,Automotive,EMEA,6400,Travel,Opex,-0.597,SAP-ECC
2025-06,FY2025,Q2,Automotive,EMEA,6500,IT & Infrastructure,Opex,-1.621,SAP-ECC
2025-06,FY2025,Q2,Automotive,EMEA,6600,General & Admin,Opex,-1.029,SAP-ECC
2025-06,FY2025,Q2,Automotive,EMEA,7100,Depreciation,D&A,-3.083,SAP-ECC
2025-06,FY2025,Q2,Automotive,EMEA,8100,Interest Expense,Finance,-1.786,SAP-ECC
2025-06,FY2025,Q2,Automotive,EMEA,9100,Income Tax,Tax,-4.238,SAP-ECC
2025-06,FY2025,Q2,Automotive,Americas,4000,Product Revenue,Revenue,55.573,SAP-ECC
2025-06,FY2025,Q2,Automotive,Americas,4100,Service Revenue,Revenue,23.573,SAP-ECC
2025-06,FY2025,Q2,Automotive,Americas,5000,Cost of Goods Sold,COGS,-40.208,SAP-ECC
2025-06,FY2025,Q2,Automotive,Americas,6100,Salaries & Wages,Opex,-5.958,SAP-ECC
2025-06,FY2025,Q2,Automotive,Americas,6200,Marketing,Opex,-2.143,SAP-ECC
2025-06,FY2025,Q2,Automotive,Americas,6300,R&D,Opex,-3.08,SAP-ECC
2025-06,FY2025,Q2,Automotive,Americas,6400,Travel,Opex,-0.823,SAP-ECC
2025-06,FY2025,Q2,Automotive,Americas,6500,IT & Infrastructure,Opex,-1.941,SAP-ECC
2025-06,FY2025,Q2,Automotive,Americas,6600,General & Admin,Opex,-1.248,SAP-ECC
2025-06,FY2025,Q2,Automotive,Americas,7100,Depreciation,D&A,-3.921,SAP-ECC
2025-06,FY2025,Q2,Automotive,Americas,8100,Interest Expense,Finance,-2.187,SAP-ECC
2025-06,FY2025,Q2,Automotive,Americas,9100,Income Tax,Tax,-4.674,SAP-ECC
2025-06,FY2025,Q2,Healthcare,APAC,4000,Product Revenue,Revenue,18.248,SAP-ECC
2025-06,FY2025,Q2,Healthcare,APAC,4100,Service Revenue,Revenue,8.979,SAP-ECC
2025-06,FY2025,Q2,Healthcare,APAC,5000,Cost of Goods Sold,COGS,-16.426,SAP-ECC
2025-06,FY2025,Q2,Healthcare,APAC,6100,Salaries & Wages,Opex,-2.081,SAP-ECC
2025-06,FY2025,Q2,Healthcare,APAC,6200,Marketing,Opex,-0.918,SAP-ECC
2025-06,FY2025,Q2,Healthcare,APAC,6300,R&D,Opex,-1.17,SAP-ECC
2025-06,FY2025,Q2,Healthcare,APAC,6400,Travel,Opex,-0.29,SAP-ECC
2025-06,FY2025,Q2,Healthcare,APAC,6500,IT & Infrastructure,Opex,-0.624,SAP-ECC
2025-06,FY2025,Q2,Healthcare,APAC,6600,General & Admin,Opex,-0.436,SAP-ECC
2025-06,FY2025,Q2,Healthcare,APAC,7100,Depreciation,D&A,-1.503,SAP-ECC
2025-06,FY2025,Q2,Healthcare,APAC,8100,Interest Expense,Finance,-0.826,SAP-ECC
2025-06,FY2025,Q2,Healthcare,APAC,9100,Income Tax,Tax,-1.93,SAP-ECC
2025-06,FY2025,Q2,Healthcare,EMEA,4000,Product Revenue,Revenue,22.736,SAP-ECC
2025-06,FY2025,Q2,Healthcare,EMEA,4100,Service Revenue,Revenue,9.373,SAP-ECC
2025-06,FY2025,Q2,Healthcare,EMEA,5000,Cost of Goods Sold,COGS,-17.037,SAP-ECC
2025-06,FY2025,Q2,Healthcare,EMEA,6100,Salaries & Wages,Opex,-2.466,SAP-ECC
2025-06,FY2025,Q2,Healthcare,EMEA,6200,Marketing,Opex,-0.908,SAP-ECC
2025-06,FY2025,Q2,Healthcare,EMEA,6300,R&D,Opex,-1.259,SAP-ECC
2025-06,FY2025,Q2,Healthcare,EMEA,6400,Travel,Opex,-0.327,SAP-ECC
2025-06,FY2025,Q2,Healthcare,EMEA,6500,IT & Infrastructure,Opex,-0.804,SAP-ECC
2025-06,FY2025,Q2,Healthcare,EMEA,6600,General & Admin,Opex,-0.497,SAP-ECC
2025-06,FY2025,Q2,Healthcare,EMEA,7100,Depreciation,D&A,-1.471,SAP-ECC
2025-06,FY2025,Q2,Healthcare,EMEA,8100,Interest Expense,Finance,-0.952,SAP-ECC
2025-06,FY2025,Q2,Healthcare,EMEA,9100,Income Tax,Tax,-2.037,SAP-ECC
2025-06,FY2025,Q2,Healthcare,Americas,4000,Product Revenue,Revenue,28.234,SAP-ECC
2025-06,FY2025,Q2,Healthcare,Americas,4100,Service Revenue,Revenue,11.147,SAP-ECC
2025-06,FY2025,Q2,Healthcare,Americas,5000,Cost of Goods Sold,COGS,-21.454,SAP-ECC
2025-06,FY2025,Q2,Healthcare,Americas,6100,Salaries & Wages,Opex,-3.1,SAP-ECC
2025-06,FY2025,Q2,Healthcare,Americas,6200,Marketing,Opex,-1.099,SAP-ECC
2025-06,FY2025,Q2,Healthcare,Americas,6300,R&D,Opex,-1.414,SAP-ECC
2025-06,FY2025,Q2,Healthcare,Americas,6400,Travel,Opex,-0.351,SAP-ECC
2025-06,FY2025,Q2,Healthcare,Americas,6500,IT & Infrastructure,Opex,-0.992,SAP-ECC
2025-06,FY2025,Q2,Healthcare,Americas,6600,General & Admin,Opex,-0.623,SAP-ECC
2025-06,FY2025,Q2,Healthcare,Americas,7100,Depreciation,D&A,-2.023,SAP-ECC
2025-06,FY2025,Q2,Healthcare,Americas,8100,Interest Expense,Finance,-1.092,SAP-ECC
2025-06,FY2025,Q2,Healthcare,Americas,9100,Income Tax,Tax,-2.465,SAP-ECC
2025-07,FY2025,Q3,Electronics,APAC,4000,Product Revenue,Revenue,30.906,SAP-ECC
2025-07,FY2025,Q3,Electronics,APAC,4100,Service Revenue,Revenue,11.936,SAP-ECC
2025-07,FY2025,Q3,Electronics,APAC,5000,Cost of Goods Sold,COGS,-21.28,SAP-ECC
2025-07,FY2025,Q3,Electronics,APAC,6100,Salaries & Wages,Opex,-3.457,SAP-ECC
2025-07,FY2025,Q3,Electronics,APAC,6200,Marketing,Opex,-1.326,SAP-ECC
2025-07,FY2025,Q3,Electronics,APAC,6300,R&D,Opex,-1.74,SAP-ECC
2025-07,FY2025,Q3,Electronics,APAC,6400,Travel,Opex,-0.435,SAP-ECC
2025-07,FY2025,Q3,Electronics,APAC,6500,IT & Infrastructure,Opex,-1.008,SAP-ECC
2025-07,FY2025,Q3,Electronics,APAC,6600,General & Admin,Opex,-0.679,SAP-ECC
2025-07,FY2025,Q3,Electronics,APAC,7100,Depreciation,D&A,-2.13,SAP-ECC
2025-07,FY2025,Q3,Electronics,APAC,8100,Interest Expense,Finance,-1.287,SAP-ECC
2025-07,FY2025,Q3,Electronics,APAC,9100,Income Tax,Tax,-2.651,SAP-ECC
2025-07,FY2025,Q3,Electronics,EMEA,4000,Product Revenue,Revenue,34.941,SAP-ECC
2025-07,FY2025,Q3,Electronics,EMEA,4100,Service Revenue,Revenue,13.166,SAP-ECC
2025-07,FY2025,Q3,Electronics,EMEA,5000,Cost of Goods Sold,COGS,-24.852,SAP-ECC
2025-07,FY2025,Q3,Electronics,EMEA,6100,Salaries & Wages,Opex,-3.595,SAP-ECC
2025-07,FY2025,Q3,Electronics,EMEA,6200,Marketing,Opex,-1.262,SAP-ECC
2025-07,FY2025,Q3,Electronics,EMEA,6300,R&D,Opex,-1.902,SAP-ECC
2025-07,FY2025,Q3,Electronics,EMEA,6400,Travel,Opex,-0.464,SAP-ECC
2025-07,FY2025,Q3,Electronics,EMEA,6500,IT & Infrastructure,Opex,-1.04,SAP-ECC
2025-07,FY2025,Q3,Electronics,EMEA,6600,General & Admin,Opex,-0.763,SAP-ECC
2025-07,FY2025,Q3,Electronics,EMEA,7100,Depreciation,D&A,-2.179,SAP-ECC
2025-07,FY2025,Q3,Electronics,EMEA,8100,Interest Expense,Finance,-1.384,SAP-ECC
2025-07,FY2025,Q3,Electronics,EMEA,9100,Income Tax,Tax,-3.011,SAP-ECC
2025-07,FY2025,Q3,Electronics,Americas,4000,Product Revenue,Revenue,41.306,SAP-ECC
2025-07,FY2025,Q3,Electronics,Americas,4100,Service Revenue,Revenue,17.012,SAP-ECC
2025-07,FY2025,Q3,Electronics,Americas,5000,Cost of Goods Sold,COGS,-30.301,SAP-ECC
2025-07,FY2025,Q3,Electronics,Americas,6100,Salaries & Wages,Opex,-4.673,SAP-ECC
2025-07,FY2025,Q3,Electronics,Americas,6200,Marketing,Opex,-1.751,SAP-ECC
2025-07,FY2025,Q3,Electronics,Americas,6300,R&D,Opex,-2.349,SAP-ECC
2025-07,FY2025,Q3,Electronics,Americas,6400,Travel,Opex,-0.519,SAP-ECC
2025-07,FY2025,Q3,Electronics,Americas,6500,IT & Infrastructure,Opex,-1.226,SAP-ECC
2025-07,FY2025,Q3,Electronics,Americas,6600,General & Admin,Opex,-0.822,SAP-ECC
2025-07,FY2025,Q3,Electronics,Americas,7100,Depreciation,D&A,-2.633,SAP-ECC
2025-07,FY2025,Q3,Electronics,Americas,8100,Interest Expense,Finance,-1.741,SAP-ECC
2025-07,FY2025,Q3,Electronics,Americas,9100,Income Tax,Tax,-3.6,SAP-ECC
2025-07,FY2025,Q3,Automotive,APAC,4000,Product Revenue,Revenue,38.157,SAP-ECC
2025-07,FY2025,Q3,Automotive,APAC,4100,Service Revenue,Revenue,17.887,SAP-ECC
2025-07,FY2025,Q3,Automotive,APAC,5000,Cost of Goods Sold,COGS,-30.844,SAP-ECC
2025-07,FY2025,Q3,Automotive,APAC,6100,Salaries & Wages,Opex,-4.284,SAP-ECC
2025-07,FY2025,Q3,Automotive,APAC,6200,Marketing,Opex,-1.688,SAP-ECC
2025-07,FY2025,Q3,Automotive,APAC,6300,R&D,Opex,-2.411,SAP-ECC
2025-07,FY2025,Q3,Automotive,APAC,6400,Travel,Opex,-0.558,SAP-ECC
2025-07,FY2025,Q3,Automotive,APAC,6500,IT & Infrastructure,Opex,-1.458,SAP-ECC
2025-07,FY2025,Q3,Automotive,APAC,6600,General & Admin,Opex,-0.897,SAP-ECC
2025-07,FY2025,Q3,Automotive,APAC,7100,Depreciation,D&A,-2.765,SAP-ECC
2025-07,FY2025,Q3,Automotive,APAC,8100,Interest Expense,Finance,-1.67,SAP-ECC
2025-07,FY2025,Q3,Automotive,APAC,9100,Income Tax,Tax,-3.837,SAP-ECC
2025-07,FY2025,Q3,Automotive,EMEA,4000,Product Revenue,Revenue,44.698,SAP-ECC
2025-07,FY2025,Q3,Automotive,EMEA,4100,Service Revenue,Revenue,20.515,SAP-ECC
2025-07,FY2025,Q3,Automotive,EMEA,5000,Cost of Goods Sold,COGS,-35.831,SAP-ECC
2025-07,FY2025,Q3,Automotive,EMEA,6100,Salaries & Wages,Opex,-5.542,SAP-ECC
2025-07,FY2025,Q3,Automotive,EMEA,6200,Marketing,Opex,-1.779,SAP-ECC
2025-07,FY2025,Q3,Automotive,EMEA,6300,R&D,Opex,-2.746,SAP-ECC
2025-07,FY2025,Q3,Automotive,EMEA,6400,Travel,Opex,-0.642,SAP-ECC
2025-07,FY2025,Q3,Automotive,EMEA,6500,IT & Infrastructure,Opex,-1.642,SAP-ECC
2025-07,FY2025,Q3,Automotive,EMEA,6600,General & Admin,Opex,-1.005,SAP-ECC
2025-07,FY2025,Q3,Automotive,EMEA,7100,Depreciation,D&A,-3.094,SAP-ECC
2025-07,FY2025,Q3,Automotive,EMEA,8100,Interest Expense,Finance,-1.773,SAP-ECC
2025-07,FY2025,Q3,Automotive,EMEA,9100,Income Tax,Tax,-4.265,SAP-ECC
2025-07,FY2025,Q3,Automotive,Americas,4000,Product Revenue,Revenue,50.436,SAP-ECC
2025-07,FY2025,Q3,Automotive,Americas,4100,Service Revenue,Revenue,21.875,SAP-ECC
2025-07,FY2025,Q3,Automotive,Americas,5000,Cost of Goods Sold,COGS,-41.681,SAP-ECC
2025-07,FY2025,Q3,Automotive,Americas,6100,Salaries & Wages,Opex,-6.239,SAP-ECC
2025-07,FY2025,Q3,Automotive,Americas,6200,Marketing,Opex,-2.478,SAP-ECC
2025-07,FY2025,Q3,Automotive,Americas,6300,R&D,Opex,-3.058,SAP-ECC
2025-07,FY2025,Q3,Automotive,Americas,6400,Travel,Opex,-0.745,SAP-ECC
2025-07,FY2025,Q3,Automotive,Americas,6500,IT & Infrastructure,Opex,-1.92,SAP-ECC
2025-07,FY2025,Q3,Automotive,Americas,6600,General & Admin,Opex,-1.294,SAP-ECC
2025-07,FY2025,Q3,Automotive,Americas,7100,Depreciation,D&A,-3.843,SAP-ECC
2025-07,FY2025,Q3,Automotive,Americas,8100,Interest Expense,Finance,-2.365,SAP-ECC
2025-07,FY2025,Q3,Automotive,Americas,9100,Income Tax,Tax,-4.537,SAP-ECC
2025-07,FY2025,Q3,Healthcare,APAC,4000,Product Revenue,Revenue,20.705,SAP-ECC
2025-07,FY2025,Q3,Healthcare,APAC,4100,Service Revenue,Revenue,7.901,SAP-ECC
2025-07,FY2025,Q3,Healthcare,APAC,5000,Cost of Goods Sold,COGS,-15.246,SAP-ECC
2025-07,FY2025,Q3,Healthcare,APAC,6100,Salaries & Wages,Opex,-2.418,SAP-ECC
2025-07,FY2025,Q3,Healthcare,APAC,6200,Marketing,Opex,-0.815,SAP-ECC
2025-07,FY2025,Q3,Healthcare,APAC,6300,R&D,Opex,-1.21,SAP-ECC
2025-07,FY2025,Q3,Healthcare,APAC,6400,Travel,Opex,-0.288,SAP-ECC
2025-07,FY2025,Q3,Healthcare,APAC,6500,IT & Infrastructure,Opex,-0.726,SAP-ECC
2025-07,FY2025,Q3,Healthcare,APAC,6600,General & Admin,Opex,-0.428,SAP-ECC
2025-07,FY2025,Q3,Healthcare,APAC,7100,Depreciation,D&A,-1.474,SAP-ECC
2025-07,FY2025,Q3,Healthcare,APAC,8100,Interest Expense,Finance,-0.887,SAP-ECC
2025-07,FY2025,Q3,Healthcare,APAC,9100,Income Tax,Tax,-1.774,SAP-ECC
2025-07,FY2025,Q3,Healthcare,EMEA,4000,Product Revenue,Revenue,24.33,SAP-ECC
2025-07,FY2025,Q3,Healthcare,EMEA,4100,Service Revenue,Revenue,9.429,SAP-ECC
2025-07,FY2025,Q3,Healthcare,EMEA,5000,Cost of Goods Sold,COGS,-16.198,SAP-ECC
2025-07,FY2025,Q3,Healthcare,EMEA,6100,Salaries & Wages,Opex,-2.43,SAP-ECC
2025-07,FY2025,Q3,Healthcare,EMEA,6200,Marketing,Opex,-0.941,SAP-ECC
2025-07,FY2025,Q3,Healthcare,EMEA,6300,R&D,Opex,-1.173,SAP-ECC
2025-07,FY2025,Q3,Healthcare,EMEA,6400,Travel,Opex,-0.311,SAP-ECC
2025-07,FY2025,Q3,Healthcare,EMEA,6500,IT & Infrastructure,Opex,-0.816,SAP-ECC
2025-07,FY2025,Q3,Healthcare,EMEA,6600,General & Admin,Opex,-0.485,SAP-ECC
2025-07,FY2025,Q3,Healthcare,EMEA,7100,Depreciation,D&A,-1.655,SAP-ECC
2025-07,FY2025,Q3,Healthcare,EMEA,8100,Interest Expense,Finance,-0.985,SAP-ECC
2025-07,FY2025,Q3,Healthcare,EMEA,9100,Income Tax,Tax,-1.916,SAP-ECC
2025-07,FY2025,Q3,Healthcare,Americas,4000,Product Revenue,Revenue,27.89,SAP-ECC
2025-07,FY2025,Q3,Healthcare,Americas,4100,Service Revenue,Revenue,11.234,SAP-ECC
2025-07,FY2025,Q3,Healthcare,Americas,5000,Cost of Goods Sold,COGS,-19.782,SAP-ECC
2025-07,FY2025,Q3,Healthcare,Americas,6100,Salaries & Wages,Opex,-3.017,SAP-ECC
2025-07,FY2025,Q3,Healthcare,Americas,6200,Marketing,Opex,-1.174,SAP-ECC
2025-07,FY2025,Q3,Healthcare,Americas,6300,R&D,Opex,-1.449,SAP-ECC
2025-07,FY2025,Q3,Healthcare,Americas,6400,Travel,Opex,-0.407,SAP-ECC
2025-07,FY2025,Q3,Healthcare,Americas,6500,IT & Infrastructure,Opex,-0.891,SAP-ECC
2025-07,FY2025,Q3,Healthcare,Americas,6600,General & Admin,Opex,-0.593,SAP-ECC
2025-07,FY2025,Q3,Healthcare,Americas,7100,Depreciation,D&A,-2.004,SAP-ECC
2025-07,FY2025,Q3,Healthcare,Americas,8100,Interest Expense,Finance,-1.175,SAP-ECC
2025-07,FY2025,Q3,Healthcare,Americas,9100,Income Tax,Tax,-2.338,SAP-ECC
2025-08,FY2025,Q3,Electronics,APAC,4000,Product Revenue,Revenue,31.29,SAP-ECC
2025-08,FY2025,Q3,Electronics,APAC,4100,Service Revenue,Revenue,13.65,SAP-ECC
2025-08,FY2025,Q3,Electronics,APAC,5000,Cost of Goods Sold,COGS,-22.351,SAP-ECC
2025-08,FY2025,Q3,Electronics,APAC,6100,Salaries & Wages,Opex,-3.584,SAP-ECC
2025-08,FY2025,Q3,Electronics,APAC,6200,Marketing,Opex,-1.223,SAP-ECC
2025-08,FY2025,Q3,Electronics,APAC,6300,R&D,Opex,-1.58,SAP-ECC
2025-08,FY2025,Q3,Electronics,APAC,6400,Travel,Opex,-0.451,SAP-ECC
2025-08,FY2025,Q3,Electronics,APAC,6500,IT & Infrastructure,Opex,-1.078,SAP-ECC
2025-08,FY2025,Q3,Electronics,APAC,6600,General & Admin,Opex,-0.657,SAP-ECC
2025-08,FY2025,Q3,Electronics,APAC,7100,Depreciation,D&A,-1.989,SAP-ECC
2025-08,FY2025,Q3,Electronics,APAC,8100,Interest Expense,Finance,-1.305,SAP-ECC
2025-08,FY2025,Q3,Electronics,APAC,9100,Income Tax,Tax,-2.441,SAP-ECC
2025-08,FY2025,Q3,Electronics,EMEA,4000,Product Revenue,Revenue,33.875,SAP-ECC
2025-08,FY2025,Q3,Electronics,EMEA,4100,Service Revenue,Revenue,14.159,SAP-ECC
2025-08,FY2025,Q3,Electronics,EMEA,5000,Cost of Goods Sold,COGS,-24.043,SAP-ECC
2025-08,FY2025,Q3,Electronics,EMEA,6100,Salaries & Wages,Opex,-3.628,SAP-ECC
2025-08,FY2025,Q3,Electronics,EMEA,6200,Marketing,Opex,-1.431,SAP-ECC
2025-08,FY2025,Q3,Electronics,EMEA,6300,R&D,Opex,-1.705,SAP-ECC
2025-08,FY2025,Q3,Electronics,EMEA,6400,Travel,Opex,-0.496,SAP-ECC
2025-08,FY2025,Q3,Electronics,EMEA,6500,IT & Infrastructure,Opex,-1.066,SAP-ECC
2025-08,FY2025,Q3,Electronics,EMEA,6600,General & Admin,Opex,-0.748,SAP-ECC
2025-08,FY2025,Q3,Electronics,EMEA,7100,Depreciation,D&A,-2.136,SAP-ECC
2025-08,FY2025,Q3,Electronics,EMEA,8100,Interest Expense,Finance,-1.517,SAP-ECC
2025-08,FY2025,Q3,Electronics,EMEA,9100,Income Tax,Tax,-2.987,SAP-ECC
2025-08,FY2025,Q3,Electronics,Americas,4000,Product Revenue,Revenue,40.09,SAP-ECC
2025-08,FY2025,Q3,Electronics,Americas,4100,Service Revenue,Revenue,15.292,SAP-ECC
2025-08,FY2025,Q3,Electronics,Americas,5000,Cost of Goods Sold,COGS,-31.697,SAP-ECC
2025-08,FY2025,Q3,Electronics,Americas,6100,Salaries & Wages,Opex,-4.393,SAP-ECC
2025-08,FY2025,Q3,Electronics,Americas,6200,Marketing,Opex,-1.637,SAP-ECC
2025-08,FY2025,Q3,Electronics,Americas,6300,R&D,Opex,-2.249,SAP-ECC
2025-08,FY2025,Q3,Electronics,Americas,6400,Travel,Opex,-0.555,SAP-ECC
2025-08,FY2025,Q3,Electronics,Americas,6500,IT & Infrastructure,Opex,-1.255,SAP-ECC
2025-08,FY2025,Q3,Electronics,Americas,6600,General & Admin,Opex,-0.923,SAP-ECC
2025-08,FY2025,Q3,Electronics,Americas,7100,Depreciation,D&A,-2.852,SAP-ECC
2025-08,FY2025,Q3,Electronics,Americas,8100,Interest Expense,Finance,-1.613,SAP-ECC
2025-08,FY2025,Q3,Electronics,Americas,9100,Income Tax,Tax,-3.584,SAP-ECC
2025-08,FY2025,Q3,Automotive,APAC,4000,Product Revenue,Revenue,42.159,SAP-ECC
2025-08,FY2025,Q3,Automotive,APAC,4100,Service Revenue,Revenue,16.84,SAP-ECC
2025-08,FY2025,Q3,Automotive,APAC,5000,Cost of Goods Sold,COGS,-32.799,SAP-ECC
2025-08,FY2025,Q3,Automotive,APAC,6100,Salaries & Wages,Opex,-4.38,SAP-ECC
2025-08,FY2025,Q3,Automotive,APAC,6200,Marketing,Opex,-1.859,SAP-ECC
2025-08,FY2025,Q3,Automotive,APAC,6300,R&D,Opex,-2.176,SAP-ECC
2025-08,FY2025,Q3,Automotive,APAC,6400,Travel,Opex,-0.608,SAP-ECC
2025-08,FY2025,Q3,Automotive,APAC,6500,IT & Infrastructure,Opex,-1.309,SAP-ECC
2025-08,FY2025,Q3,Automotive,APAC,6600,General & Admin,Opex,-0.872,SAP-ECC
2025-08,FY2025,Q3,Automotive,APAC,7100,Depreciation,D&A,-2.721,SAP-ECC
2025-08,FY2025,Q3,Automotive,APAC,8100,Interest Expense,Finance,-1.662,SAP-ECC
2025-08,FY2025,Q3,Automotive,APAC,9100,Income Tax,Tax,-3.463,SAP-ECC
2025-08,FY2025,Q3,Automotive,EMEA,4000,Product Revenue,Revenue,43.603,SAP-ECC
2025-08,FY2025,Q3,Automotive,EMEA,4100,Service Revenue,Revenue,19.591,SAP-ECC
2025-08,FY2025,Q3,Automotive,EMEA,5000,Cost of Goods Sold,COGS,-33.868,SAP-ECC
2025-08,FY2025,Q3,Automotive,EMEA,6100,Salaries & Wages,Opex,-5.392,SAP-ECC
2025-08,FY2025,Q3,Automotive,EMEA,6200,Marketing,Opex,-1.88,SAP-ECC
2025-08,FY2025,Q3,Automotive,EMEA,6300,R&D,Opex,-2.388,SAP-ECC
2025-08,FY2025,Q3,Automotive,EMEA,6400,Travel,Opex,-0.65,SAP-ECC
2025-08,FY2025,Q3,Automotive,EMEA,6500,IT & Infrastructure,Opex,-1.48,SAP-ECC
2025-08,FY2025,Q3,Automotive,EMEA,6600,General & Admin,Opex,-1.121,SAP-ECC
2025-08,FY2025,Q3,Automotive,EMEA,7100,Depreciation,D&A,-3.154,SAP-ECC
2025-08,FY2025,Q3,Automotive,EMEA,8100,Interest Expense,Finance,-1.778,SAP-ECC
2025-08,FY2025,Q3,Automotive,EMEA,9100,Income Tax,Tax,-4.189,SAP-ECC
2025-08,FY2025,Q3,Automotive,Americas,4000,Product Revenue,Revenue,58.592,SAP-ECC
2025-08,FY2025,Q3,Automotive,Americas,4100,Service Revenue,Revenue,24.812,SAP-ECC
2025-08,FY2025,Q3,Automotive,Americas,5000,Cost of Goods Sold,COGS,-44.217,SAP-ECC
2025-08,FY2025,Q3,Automotive,Americas,6100,Salaries & Wages,Opex,-5.853,SAP-ECC
2025-08,FY2025,Q3,Automotive,Americas,6200,Marketing,Opex,-2.17,SAP-ECC
2025-08,FY2025,Q3,Automotive,Americas,6300,R&D,Opex,-3.128,SAP-ECC
2025-08,FY2025,Q3,Automotive,Americas,6400,Travel,Opex,-0.812,SAP-ECC
2025-08,FY2025,Q3,Automotive,Americas,6500,IT & Infrastructure,Opex,-1.74,SAP-ECC
2025-08,FY2025,Q3,Automotive,Americas,6600,General & Admin,Opex,-1.194,SAP-ECC
2025-08,FY2025,Q3,Automotive,Americas,7100,Depreciation,D&A,-3.715,SAP-ECC
2025-08,FY2025,Q3,Automotive,Americas,8100,Interest Expense,Finance,-2.545,SAP-ECC
2025-08,FY2025,Q3,Automotive,Americas,9100,Income Tax,Tax,-4.7,SAP-ECC
2025-08,FY2025,Q3,Healthcare,APAC,4000,Product Revenue,Revenue,20.356,SAP-ECC
2025-08,FY2025,Q3,Healthcare,APAC,4100,Service Revenue,Revenue,8.154,SAP-ECC
2025-08,FY2025,Q3,Healthcare,APAC,5000,Cost of Goods Sold,COGS,-15.163,SAP-ECC
2025-08,FY2025,Q3,Healthcare,APAC,6100,Salaries & Wages,Opex,-2.149,SAP-ECC
2025-08,FY2025,Q3,Healthcare,APAC,6200,Marketing,Opex,-0.845,SAP-ECC
2025-08,FY2025,Q3,Healthcare,APAC,6300,R&D,Opex,-1.234,SAP-ECC
2025-08,FY2025,Q3,Healthcare,APAC,6400,Travel,Opex,-0.283,SAP-ECC
2025-08,FY2025,Q3,Healthcare,APAC,6500,IT & Infrastructure,Opex,-0.732,SAP-ECC
2025-08,FY2025,Q3,Healthcare,APAC,6600,General & Admin,Opex,-0.434,SAP-ECC
2025-08,FY2025,Q3,Healthcare,APAC,7100,Depreciation,D&A,-1.531,SAP-ECC
2025-08,FY2025,Q3,Healthcare,APAC,8100,Interest Expense,Finance,-0.807,SAP-ECC
2025-08,FY2025,Q3,Healthcare,APAC,9100,Income Tax,Tax,-1.944,SAP-ECC
2025-08,FY2025,Q3,Healthcare,EMEA,4000,Product Revenue,Revenue,23.425,SAP-ECC
2025-08,FY2025,Q3,Healthcare,EMEA,4100,Service Revenue,Revenue,9.183,SAP-ECC
2025-08,FY2025,Q3,Healthcare,EMEA,5000,Cost of Goods Sold,COGS,-17.431,SAP-ECC
2025-08,FY2025,Q3,Healthcare,EMEA,6100,Salaries & Wages,Opex,-2.573,SAP-ECC
2025-08,FY2025,Q3,Healthcare,EMEA,6200,Marketing,Opex,-0.997,SAP-ECC
2025-08,FY2025,Q3,Healthcare,EMEA,6300,R&D,Opex,-1.388,SAP-ECC
2025-08,FY2025,Q3,Healthcare,EMEA,6400,Travel,Opex,-0.302,SAP-ECC
2025-08,FY2025,Q3,Healthcare,EMEA,6500,IT & Infrastructure,Opex,-0.824,SAP-ECC
2025-08,FY2025,Q3,Healthcare,EMEA,6600,General & Admin,Opex,-0.491,SAP-ECC
2025-08,FY2025,Q3,Healthcare,EMEA,7100,Depreciation,D&A,-1.597,SAP-ECC
2025-08,FY2025,Q3,Healthcare,EMEA,8100,Interest Expense,Finance,-1.056,SAP-ECC
2025-08,FY2025,Q3,Healthcare,EMEA,9100,Income Tax,Tax,-1.95,SAP-ECC
2025-08,FY2025,Q3,Healthcare,Americas,4000,Product Revenue,Revenue,26.759,SAP-ECC
2025-08,FY2025,Q3,Healthcare,Americas,4100,Service Revenue,Revenue,12.438,SAP-ECC
2025-08,FY2025,Q3,Healthcare,Americas,5000,Cost of Goods Sold,COGS,-22.609,SAP-ECC
2025-08,FY2025,Q3,Healthcare,Americas,6100,Salaries & Wages,Opex,-3.205,SAP-ECC
2025-08,FY2025,Q3,Healthcare,Americas,6200,Marketing,Opex,-1.233,SAP-ECC
2025-08,FY2025,Q3,Healthcare,Americas,6300,R&D,Opex,-1.453,SAP-ECC
2025-08,FY2025,Q3,Healthcare,Americas,6400,Travel,Opex,-0.404,SAP-ECC
2025-08,FY2025,Q3,Healthcare,Americas,6500,IT & Infrastructure,Opex,-0.863,SAP-ECC
2025-08,FY2025,Q3,Healthcare,Americas,6600,General & Admin,Opex,-0.674,SAP-ECC
2025-08,FY2025,Q3,Healthcare,Americas,7100,Depreciation,D&A,-1.833,SAP-ECC
2025-08,FY2025,Q3,Healthcare,Americas,8100,Interest Expense,Finance,-1.153,SAP-ECC
2025-08,FY2025,Q3,Healthcare,Americas,9100,Income Tax,Tax,-2.478,SAP-ECC
2025-09,FY2025,Q3,Electronics,APAC,4000,Product Revenue,Revenue,31.244,SAP-ECC
2025-09,FY2025,Q3,Electronics,APAC,4100,Service Revenue,Revenue,13.11,SAP-ECC
2025-09,FY2025,Q3,Electronics,APAC,5000,Cost of Goods Sold,COGS,-21.97,SAP-ECC
2025-09,FY2025,Q3,Electronics,APAC,6100,Salaries & Wages,Opex,-3.316,SAP-ECC
2025-09,FY2025,Q3,Electronics,APAC,6200,Marketing,Opex,-1.239,SAP-ECC
2025-09,FY2025,Q3,Electronics,APAC,6300,R&D,Opex,-1.552,SAP-ECC
2025-09,FY2025,Q3,Electronics,APAC,6400,Travel,Opex,-0.437,SAP-ECC
2025-09,FY2025,Q3,Electronics,APAC,6500,IT & Infrastructure,Opex,-1.078,SAP-ECC
2025-09,FY2025,Q3,Electronics,APAC,6600,General & Admin,Opex,-0.735,SAP-ECC
2025-09,FY2025,Q3,Electronics,APAC,7100,Depreciation,D&A,-1.978,SAP-ECC
2025-09,FY2025,Q3,Electronics,APAC,8100,Interest Expense,Finance,-1.366,SAP-ECC
2025-09,FY2025,Q3,Electronics,APAC,9100,Income Tax,Tax,-2.464,SAP-ECC
2025-09,FY2025,Q3,Electronics,EMEA,4000,Product Revenue,Revenue,32.42,SAP-ECC
2025-09,FY2025,Q3,Electronics,EMEA,4100,Service Revenue,Revenue,12.975,SAP-ECC
2025-09,FY2025,Q3,Electronics,EMEA,5000,Cost of Goods Sold,COGS,-24.782,SAP-ECC
2025-09,FY2025,Q3,Electronics,EMEA,6100,Salaries & Wages,Opex,-3.64,SAP-ECC
2025-09,FY2025,Q3,Electronics,EMEA,6200,Marketing,Opex,-1.463,SAP-ECC
2025-09,FY2025,Q3,Electronics,EMEA,6300,R&D,Opex,-1.942,SAP-ECC
2025-09,FY2025,Q3,Electronics,EMEA,6400,Travel,Opex,-0.493,SAP-ECC
2025-09,FY2025,Q3,Electronics,EMEA,6500,IT & Infrastructure,Opex,-1.145,SAP-ECC
2025-09,FY2025,Q3,Electronics,EMEA,6600,General & Admin,Opex,-0.762,SAP-ECC
2025-09,FY2025,Q3,Electronics,EMEA,7100,Depreciation,D&A,-2.553,SAP-ECC
2025-09,FY2025,Q3,Electronics,EMEA,8100,Interest Expense,Finance,-1.454,SAP-ECC
2025-09,FY2025,Q3,Electronics,EMEA,9100,Income Tax,Tax,-2.856,SAP-ECC
2025-09,FY2025,Q3,Electronics,Americas,4000,Product Revenue,Revenue,39.691,SAP-ECC
2025-09,FY2025,Q3,Electronics,Americas,4100,Service Revenue,Revenue,17.546,SAP-ECC
2025-09,FY2025,Q3,Electronics,Americas,5000,Cost of Goods Sold,COGS,-28.818,SAP-ECC
2025-09,FY2025,Q3,Electronics,Americas,6100,Salaries & Wages,Opex,-4.648,SAP-ECC
2025-09,FY2025,Q3,Electronics,Americas,6200,Marketing,Opex,-1.618,SAP-ECC
2025-09,FY2025,Q3,Electronics,Americas,6300,R&D,Opex,-2.197,SAP-ECC
2025-09,FY2025,Q3,Electronics,Americas,6400,Travel,Opex,-0.582,SAP-ECC
2025-09,FY2025,Q3,Electronics,Americas,6500,IT & Infrastructure,Opex,-1.327,SAP-ECC
2025-09,FY2025,Q3,Electronics,Americas,6600,General & Admin,Opex,-0.958,SAP-ECC
2025-09,FY2025,Q3,Electronics,Americas,7100,Depreciation,D&A,-2.853,SAP-ECC
2025-09,FY2025,Q3,Electronics,Americas,8100,Interest Expense,Finance,-1.841,SAP-ECC
2025-09,FY2025,Q3,Electronics,Americas,9100,Income Tax,Tax,-3.249,SAP-ECC
2025-09,FY2025,Q3,Automotive,APAC,4000,Product Revenue,Revenue,42.566,SAP-ECC
2025-09,FY2025,Q3,Automotive,APAC,4100,Service Revenue,Revenue,16.7,SAP-ECC
2025-09,FY2025,Q3,Automotive,APAC,5000,Cost of Goods Sold,COGS,-34.639,SAP-ECC
2025-09,FY2025,Q3,Automotive,APAC,6100,Salaries & Wages,Opex,-5.041,SAP-ECC
2025-09,FY2025,Q3,Automotive,APAC,6200,Marketing,Opex,-1.896,SAP-ECC
2025-09,FY2025,Q3,Automotive,APAC,6300,R&D,Opex,-2.192,SAP-ECC
2025-09,FY2025,Q3,Automotive,APAC,6400,Travel,Opex,-0.592,SAP-ECC
2025-09,FY2025,Q3,Automotive,APAC,6500,IT & Infrastructure,Opex,-1.357,SAP-ECC
2025-09,FY2025,Q3,Automotive,APAC,6600,General & Admin,Opex,-1.028,SAP-ECC
2025-09,FY2025,Q3,Automotive,APAC,7100,Depreciation,D&A,-2.727,SAP-ECC
2025-09,FY2025,Q3,Automotive,APAC,8100,Interest Expense,Finance,-1.691,SAP-ECC
2025-09,FY2025,Q3,Automotive,APAC,9100,Income Tax,Tax,-3.8,SAP-ECC
2025-09,FY2025,Q3,Automotive,EMEA,4000,Product Revenue,Revenue,45.322,SAP-ECC
2025-09,FY2025,Q3,Automotive,EMEA,4100,Service Revenue,Revenue,18.831,SAP-ECC
2025-09,FY2025,Q3,Automotive,EMEA,5000,Cost of Goods Sold,COGS,-35.97,SAP-ECC
2025-09,FY2025,Q3,Automotive,EMEA,6100,Salaries & Wages,Opex,-5.553,SAP-ECC
2025-09,FY2025,Q3,Automotive,EMEA,6200,Marketing,Opex,-1.958,SAP-ECC
2025-09,FY2025,Q3,Automotive,EMEA,6300,R&D,Opex,-2.803,SAP-ECC
2025-09,FY2025,Q3,Automotive,EMEA,6400,Travel,Opex,-0.653,SAP-ECC
2025-09,FY2025,Q3,Automotive,EMEA,6500,IT & Infrastructure,Opex,-1.474,SAP-ECC
2025-09,FY2025,Q3,Automotive,EMEA,6600,General & Admin,Opex,-1.054,SAP-ECC
2025-09,FY2025,Q3,Automotive,EMEA,7100,Depreciation,D&A,-3.384,SAP-ECC
2025-09,FY2025,Q3,Automotive,EMEA,8100,Interest Expense,Finance,-1.836,SAP-ECC
2025-09,FY2025,Q3,Automotive,EMEA,9100,Income Tax,Tax,-4.053,SAP-ECC
2025-09,FY2025,Q3,Automotive,Americas,4000,Product Revenue,Revenue,55.904,SAP-ECC
2025-09,FY2025,Q3,Automotive,Americas,4100,Service Revenue,Revenue,21.604,SAP-ECC
2025-09,FY2025,Q3,Automotive,Americas,5000,Cost of Goods Sold,COGS,-40.311,SAP-ECC
2025-09,FY2025,Q3,Automotive,Americas,6100,Salaries & Wages,Opex,-6.442,SAP-ECC
2025-09,FY2025,Q3,Automotive,Americas,6200,Marketing,Opex,-2.422,SAP-ECC
2025-09,FY2025,Q3,Automotive,Americas,6300,R&D,Opex,-3.052,SAP-ECC
2025-09,FY2025,Q3,Automotive,Americas,6400,Travel,Opex,-0.792,SAP-ECC
2025-09,FY2025,Q3,Automotive,Americas,6500,IT & Infrastructure,Opex,-1.798,SAP-ECC
2025-09,FY2025,Q3,Automotive,Americas,6600,General & Admin,Opex,-1.304,SAP-ECC
2025-09,FY2025,Q3,Automotive,Americas,7100,Depreciation,D&A,-4.27,SAP-ECC
2025-09,FY2025,Q3,Automotive,Americas,8100,Interest Expense,Finance,-2.314,SAP-ECC
2025-09,FY2025,Q3,Automotive,Americas,9100,Income Tax,Tax,-4.549,SAP-ECC
2025-09,FY2025,Q3,Healthcare,APAC,4000,Product Revenue,Revenue,19.728,SAP-ECC
2025-09,FY2025,Q3,Healthcare,APAC,4100,Service Revenue,Revenue,8.822,SAP-ECC
2025-09,FY2025,Q3,Healthcare,APAC,5000,Cost of Goods Sold,COGS,-16.48,SAP-ECC
2025-09,FY2025,Q3,Healthcare,APAC,6100,Salaries & Wages,Opex,-2.422,SAP-ECC
2025-09,FY2025,Q3,Healthcare,APAC,6200,Marketing,Opex,-0.885,SAP-ECC
2025-09,FY2025,Q3,Healthcare,APAC,6300,R&D,Opex,-1.219,SAP-ECC
2025-09,FY2025,Q3,Healthcare,APAC,6400,Travel,Opex,-0.308,SAP-ECC
2025-09,FY2025,Q3,Healthcare,APAC,6500,IT & Infrastructure,Opex,-0.663,SAP-ECC
2025-09,FY2025,Q3,Healthcare,APAC,6600,General & Admin,Opex,-0.496,SAP-ECC
2025-09,FY2025,Q3,Healthcare,APAC,7100,Depreciation,D&A,-1.409,SAP-ECC
2025-09,FY2025,Q3,Healthcare,APAC,8100,Interest Expense,Finance,-0.864,SAP-ECC
2025-09,FY2025,Q3,Healthcare,APAC,9100,Income Tax,Tax,-1.962,SAP-ECC
2025-09,FY2025,Q3,Healthcare,EMEA,4000,Product Revenue,Revenue,24.967,SAP-ECC
2025-09,FY2025,Q3,Healthcare,EMEA,4100,Service Revenue,Revenue,9.516,SAP-ECC
2025-09,FY2025,Q3,Healthcare,EMEA,5000,Cost of Goods Sold,COGS,-18.188,SAP-ECC
2025-09,FY2025,Q3,Healthcare,EMEA,6100,Salaries & Wages,Opex,-2.73,SAP-ECC
2025-09,FY2025,Q3,Healthcare,EMEA,6200,Marketing,Opex,-0.908,SAP-ECC
2025-09,FY2025,Q3,Healthcare,EMEA,6300,R&D,Opex,-1.239,SAP-ECC
2025-09,FY2025,Q3,Healthcare,EMEA,6400,Travel,Opex,-0.308,SAP-ECC
2025-09,FY2025,Q3,Healthcare,EMEA,6500,IT & Infrastructure,Opex,-0.821,SAP-ECC
2025-09,FY2025,Q3,Healthcare,EMEA,6600,General & Admin,Opex,-0.548,SAP-ECC
2025-09,FY2025,Q3,Healthcare,EMEA,7100,Depreciation,D&A,-1.532,SAP-ECC
2025-09,FY2025,Q3,Healthcare,EMEA,8100,Interest Expense,Finance,-1.008,SAP-ECC
2025-09,FY2025,Q3,Healthcare,EMEA,9100,Income Tax,Tax,-1.944,SAP-ECC
2025-09,FY2025,Q3,Healthcare,Americas,4000,Product Revenue,Revenue,29.792,SAP-ECC
2025-09,FY2025,Q3,Healthcare,Americas,4100,Service Revenue,Revenue,11.632,SAP-ECC
2025-09,FY2025,Q3,Healthcare,Americas,5000,Cost of Goods Sold,COGS,-21.574,SAP-ECC
2025-09,FY2025,Q3,Healthcare,Americas,6100,Salaries & Wages,Opex,-3.321,SAP-ECC
2025-09,FY2025,Q3,Healthcare,Americas,6200,Marketing,Opex,-1.232,SAP-ECC
2025-09,FY2025,Q3,Healthcare,Americas,6300,R&D,Opex,-1.471,SAP-ECC
2025-09,FY2025,Q3,Healthcare,Americas,6400,Travel,Opex,-0.389,SAP-ECC
2025-09,FY2025,Q3,Healthcare,Americas,6500,IT & Infrastructure,Opex,-1.021,SAP-ECC
2025-09,FY2025,Q3,Healthcare,Americas,6600,General & Admin,Opex,-0.67,SAP-ECC
2025-09,FY2025,Q3,Healthcare,Americas,7100,Depreciation,D&A,-2.008,SAP-ECC
2025-09,FY2025,Q3,Healthcare,Americas,8100,Interest Expense,Finance,-1.243,SAP-ECC
2025-09,FY2025,Q3,Healthcare,Americas,9100,Income Tax,Tax,-2.449,SAP-ECC
