period,fiscal_year,fiscal_quarter,bu,region,account_code,account_name,account_category,amount_usd_mn,source
2023-01,FY2023,Q1,Electronics,APAC,4000,Product Revenue,Revenue,23.52,SAP-BPC
2023-01,FY2023,Q1,Electronics,APAC,4100,Service Revenue,Revenue,10.08,SAP-BPC
2023-01,FY2023,Q1,Electronics,APAC,5000,Cost of Goods Sold,COGS,-18.48,SAP-BPC
2023-01,FY2023,Q1,Electronics,APAC,6100,Salaries & Wages,Opex,-2.688,SAP-BPC
2023-01,FY2023,Q1,Electronics,APAC,6200,Marketing,Opex,-1.008,SAP-BPC
2023-01,FY2023,Q1,Electronics,APAC,6300,R&D,Opex,-1.344,SAP-BPC
2023-01,FY2023,Q1,Electronics,APAC,6400,Travel,Opex,-0.336,SAP-BPC
2023-01,FY2023,Q1,Electronics,APAC,6500,IT & Infrastructure,Opex,-0.806,SAP-BPC
2023-01,FY2023,Q1,Electronics,APAC,6600,General & Admin,Opex,-0.538,SAP-BPC
2023-01,FY2023,Q1,Electronics,APAC,7100,Depreciation,D&A,-1.68,SAP-BPC
2023-01,FY2023,Q1,Electronics,APAC,8100,Interest Expense,Finance,-1.008,SAP-BPC
2023-01,FY2023,Q1,Electronics,APAC,9100,Income Tax,Tax,-2.1,SAP-BPC
2023-01,FY2023,Q1,Electronics,EMEA,4000,Product Revenue,Revenue,26.133,SAP-BPC
2023-01,FY2023,Q1,Electronics,EMEA,4100,Service Revenue,Revenue,11.2,SAP-BPC
2023-01,FY2023,Q1,Electronics,EMEA,5000,Cost of Goods Sold,COGS,-20.533,SAP-BPC
2023-01,FY2023,Q1,Electronics,EMEA,6100,Salaries & Wages,Opex,-2.987,SAP-BPC
2023-01,FY2023,Q1,Electronics,EMEA,6200,Marketing,Opex,-1.12,SAP-BPC
2023-01,FY2023,Q1,Electronics,EMEA,6300,R&D,Opex,-1.493,SAP-BPC
2023-01,FY2023,Q1,Electronics,EMEA,6400,Travel,Opex,-0.373,SAP-BPC
2023-01,FY2023,Q1,Electronics,EMEA,6500,IT & Infrastructure,Opex,-0.896,SAP-BPC
2023-01,FY2023,Q1,Electronics,EMEA,6600,General & Admin,Opex,-0.597,SAP-BPC
2023-01,FY2023,Q1,Electronics,EMEA,7100,Depreciation,D&A,-1.867,SAP-BPC
2023-01,FY2023,Q1,Electronics,EMEA,8100,Interest Expense,Finance,-1.12,SAP-BPC
2023-01,FY2023,Q1,Electronics,EMEA,9100,Income Tax,Tax,-2.333,SAP-BPC
2023-01,FY2023,Q1,Electronics,Americas,4000,Product Revenue,Revenue,31.36,SAP-BPC
2023-01,FY2023,Q1,Electronics,Americas,4100,Service Revenue,Revenue,13.44,SAP-BPC
2023-01,FY2023,Q1,Electronics,Americas,5000,Cost of Goods Sold,COGS,-24.64,SAP-BPC
2023-01,FY2023,Q1,Electronics,Americas,6100,Salaries & Wages,Opex,-3.584,SAP-BPC
2023-01,FY2023,Q1,Electronics,Americas,6200,Marketing,Opex,-1.344,SAP-BPC
2023-01,FY2023,Q1,Electronics,Americas,6300,R&D,Opex,-1.792,SAP-BPC
2023-01,FY2023,Q1,Electronics,Americas,6400,Travel,Opex,-0.448,SAP-BPC
2023-01,FY2023,Q1,Electronics,Americas,6500,IT & Infrastructure,Opex,-1.075,SAP-BPC
2023-01,FY2023,Q1,Electronics,Americas,6600,General & Admin,Opex,-0.717,SAP-BPC
2023-01,FY2023,Q1,Electronics,Americas,7100,Depreciation,D&A,-2.24,SAP-BPC
2023-01,FY2023,Q1,Electronics,Americas,8100,Interest Expense,Finance,-1.344,SAP-BPC
2023-01,FY2023,Q1,Electronics,Americas,9100,Income Tax,Tax,-2.8,SAP-BPC
2023-01,FY2023,Q1,Automotive,APAC,4000,Product Revenue,Revenue,32.928,SAP-BPC
2023-01,FY2023,Q1,Automotive,APAC,4100,Service Revenue,Revenue,14.112,SAP-BPC
2023-01,FY2023,Q1,Automotive,APAC,5000,Cost of Goods Sold,COGS,-25.872,SAP-BPC
2023-01,FY2023,Q1,Automotive,APAC,6100,Salaries & Wages,Opex,-3.763,SAP-BPC
2023-01,FY2023,Q1,Automotive,APAC,6200,Marketing,Opex,-1.411,SAP-BPC
2023-01,FY2023,Q1,Automotive,APAC,6300,R&D,Opex,-1.882,SAP-BPC
2023-01,FY2023,Q1,Automotive,APAC,6400,Travel,Opex,-0.47,SAP-BPC
2023-01,FY2023,Q1,Automotive,APAC,6500,IT & Infrastructure,Opex,-1.129,SAP-BPC
2023-01,FY2023,Q1,Automotive,APAC,6600,General & Admin,Opex,-0.753,SAP-BPC
2023-01,FY2023,Q1,Automotive,APAC,7100,Depreciation,D&A,-2.352,SAP-BPC
2023-01,FY2023,Q1,Automotive,APAC,8100,Interest Expense,Finance,-1.411,SAP-BPC
2023-01,FY2023,Q1,Automotive,APAC,9100,Income Tax,Tax,-2.94,SAP-BPC
2023-01,FY2023,Q1,Automotive,EMEA,4000,Product Revenue,Revenue,36.587,SAP-BPC
2023-01,FY2023,Q1,Automotive,EMEA,4100,Service Revenue,Revenue,15.68,SAP-BPC
2023-01,FY2023,Q1,Automotive,EMEA,5000,Cost of Goods Sold,COGS,-28.747,SAP-BPC
2023-01,FY2023,Q1,Automotive,EMEA,6100,Salaries & Wages,Opex,-4.181,SAP-BPC
2023-01,FY2023,Q1,Automotive,EMEA,6200,Marketing,Opex,-1.568,SAP-BPC
2023-01,FY2023,Q1,Automotive,EMEA,6300,R&D,Opex,-2.091,SAP-BPC
2023-01,FY2023,Q1,Automotive,EMEA,6400,Travel,Opex,-0.523,SAP-BPC
2023-01,FY2023,Q1,Automotive,EMEA,6500,IT & Infrastructure,Opex,-1.254,SAP-BPC
2023-01,FY2023,Q1,Automotive,EMEA,6600,General & Admin,Opex,-0.836,SAP-BPC
2023-01,FY2023,Q1,Automotive,EMEA,7100,Depreciation,D&A,-2.613,SAP-BPC
2023-01,FY2023,Q1,Automotive,EMEA,8100,Interest Expense,Finance,-1.568,SAP-BPC
2023-01,FY2023,Q1,Automotive,EMEA,9100,Income Tax,Tax,-3.267,SAP-BPC
2023-01,FY2023,Q1,Automotive,Americas,4000,Product Revenue,Revenue,43.904,SAP-BPC
2023-01,FY2023,Q1,Automotive,Americas,4100,Service Revenue,Revenue,18.816,SAP-BPC
2023-01,FY2023,Q1,Automotive,Americas,5000,Cost of Goods Sold,COGS,-34.496,SAP-BPC
2023-01,FY2023,Q1,Automotive,Americas,6100,Salaries & Wages,Opex,-5.018,SAP-BPC
2023-01,FY2023,Q1,Automotive,Americas,6200,Marketing,Opex,-1.882,SAP-BPC
2023-01,FY2023,Q1,Automotive,Americas,6300,R&D,Opex,-2.509,SAP-BPC
2023-01,FY2023,Q1,Automotive,Americas,6400,Travel,Opex,-0.627,SAP-BPC
2023-01,FY2023,Q1,Automotive,Americas,6500,IT & Infrastructure,Opex,-1.505,SAP-BPC
2023-01,FY2023,Q1,Automotive,Americas,6600,General & Admin,Opex,-1.004,SAP-BPC
2023-01,FY2023,Q1,Automotive,Americas,7100,Depreciation,D&A,-3.136,SAP-BPC
2023-01,FY2023,Q1,Automotive,Americas,8100,Interest Expense,Finance,-1.882,SAP-BPC
2023-01,FY2023,Q1,Automotive,Americas,9100,Income Tax,Tax,-3.92,SAP-BPC
2023-01,FY2023,Q1,Healthcare,APAC,4000,Product Revenue,Revenue,16.464,SAP-BPC
2023-01,FY2023,Q1,Healthcare,APAC,4100,Service Revenue,Revenue,7.056,SAP-BPC
2023-01,FY2023,Q1,Healthcare,APAC,5000,Cost of Goods Sold,COGS,-12.936,SAP-BPC
2023-01,FY2023,Q1,Healthcare,APAC,6100,Salaries & Wages,Opex,-1.882,SAP-BPC
2023-01,FY2023,Q1,Healthcare,APAC,6200,Marketing,Opex,-0.706,SAP-BPC
2023-01,FY2023,Q1,Healthcare,APAC,6300,R&D,Opex,-0.941,SAP-BPC
2023-01,FY2023,Q1,Healthcare,APAC,6400,Travel,Opex,-0.235,SAP-BPC
2023-01,FY2023,Q1,Healthcare,APAC,6500,IT & Infrastructure,Opex,-0.564,SAP-BPC
2023-01,FY2023,Q1,Healthcare,APAC,6600,General & Admin,Opex,-0.376,SAP-BPC
2023-01,FY2023,Q1,Healthcare,APAC,7100,Depreciation,D&A,-1.176,SAP-BPC
2023-01,FY2023,Q1,Healthcare,APAC,8100,Interest Expense,Finance,-0.706,SAP-BPC
2023-01,FY2023,Q1,Healthcare,APAC,9100,Income Tax,Tax,-1.47,SAP-BPC
2023-01,FY2023,Q1,Healthcare,EMEA,4000,Product Revenue,Revenue,18.293,SAP-BPC
2023-01,FY2023,Q1,Healthcare,EMEA,4100,Service Revenue,Revenue,7.84,SAP-BPC
2023-01,FY2023,Q1,Healthcare,EMEA,5000,Cost of Goods Sold,COGS,-14.373,SAP-BPC
2023-01,FY2023,Q1,Healthcare,EMEA,6100,Salaries & Wages,Opex,-2.091,SAP-BPC
2023-01,FY2023,Q1,Healthcare,EMEA,6200,Marketing,Opex,-0.784,SAP-BPC
2023-01,FY2023,Q1,Healthcare,EMEA,6300,R&D,Opex,-1.045,SAP-BPC
2023-01,FY2023,Q1,Healthcare,EMEA,6400,Travel,Opex,-0.261,SAP-BPC
2023-01,FY2023,Q1,Healthcare,EMEA,6500,IT & Infrastructure,Opex,-0.627,SAP-BPC
2023-01,FY2023,Q1,Healthcare,EMEA,6600,General & Admin,Opex,-0.418,SAP-BPC
2023-01,FY2023,Q1,Healthcare,EMEA,7100,Depreciation,D&A,-1.307,SAP-BPC
2023-01,FY2023,Q1,Healthcare,EMEA,8100,Interest Expense,Finance,-0.784,SAP-BPC
2023-01,FY2023,Q1,Healthcare,EMEA,9100,Income Tax,Tax,-1.633,SAP-BPC
2023-01,FY2023,Q1,Healthcare,Americas,4000,Product Revenue,Revenue,21.952,SAP-BPC
2023-01,FY2023,Q1,Healthcare,Americas,4100,Service Revenue,Revenue,9.408,SAP-BPC
2023-01,FY2023,Q1,Healthcare,Americas,5000,Cost of Goods Sold,COGS,-17.248,SAP-BPC
2023-01,FY2023,Q1,Healthcare,Americas,6100,Salaries & Wages,Opex,-2.509,SAP-BPC
2023-01,FY2023,Q1,Healthcare,Americas,6200,Marketing,Opex,-0.941,SAP-BPC
2023-01,FY2023,Q1,Healthcare,Americas,6300,R&D,Opex,-1.254,SAP-BPC
2023-01,FY2023,Q1,Healthcare,Americas,6400,Travel,Opex,-0.314,SAP-BPC
2023-01,FY2023,Q1,Healthcare,Americas,6500,IT & Infrastructure,Opex,-0.753,SAP-BPC
2023-01,FY2023,Q1,Healthcare,Americas,6600,General & Admin,Opex,-0.502,SAP-BPC
2023-01,FY2023,Q1,Healthcare,Americas,7100,Depreciation,D&A,-1.568,SAP-BPC
2023-01,FY2023,Q1,Healthcare,Americas,8100,Interest Expense,Finance,-0.941,SAP-BPC
2023-01,FY2023,Q1,Healthcare,Americas,9100,Income Tax,Tax,-1.96,SAP-BPC
2023-02,FY2023,Q1,Electronics,APAC,4000,Product Revenue,Revenue,23.856,SAP-BPC
2023-02,FY2023,Q1,Electronics,APAC,4100,Service Revenue,Revenue,10.224,SAP-BPC
2023-02,FY2023,Q1,Electronics,APAC,5000,Cost of Goods Sold,COGS,-18.744,SAP-BPC
2023-02,FY2023,Q1,Electronics,APAC,6100,Salaries & Wages,Opex,-2.726,SAP-BPC
2023-02,FY2023,Q1,Electronics,APAC,6200,Marketing,Opex,-1.022,SAP-BPC
2023-02,FY2023,Q1,Electronics,APAC,6300,R&D,Opex,-1.363,SAP-BPC
2023-02,FY2023,Q1,Electronics,APAC,6400,Travel,Opex,-0.341,SAP-BPC
2023-02,FY2023,Q1,Electronics,APAC,6500,IT & Infrastructure,Opex,-0.818,SAP-BPC
2023-02,FY2023,Q1,Electronics,APAC,6600,General & Admin,Opex,-0.545,SAP-BPC
2023-02,FY2023,Q1,Electronics,APAC,7100,Depreciation,D&A,-1.704,SAP-BPC
2023-02,FY2023,Q1,Electronics,APAC,8100,Interest Expense,Finance,-1.022,SAP-BPC
2023-02,FY2023,Q1,Electronics,APAC,9100,Income Tax,Tax,-2.13,SAP-BPC
2023-02,FY2023,Q1,Electronics,EMEA,4000,Product Revenue,Revenue,26.507,SAP-BPC
2023-02,FY2023,Q1,Electronics,EMEA,4100,Service Revenue,Revenue,11.36,SAP-BPC
2023-02,FY2023,Q1,Electronics,EMEA,5000,Cost of Goods Sold,COGS,-20.827,SAP-BPC
2023-02,FY2023,Q1,Electronics,EMEA,6100,Salaries & Wages,Opex,-3.029,SAP-BPC
2023-02,FY2023,Q1,Electronics,EMEA,6200,Marketing,Opex,-1.136,SAP-BPC
2023-02,FY2023,Q1,Electronics,EMEA,6300,R&D,Opex,-1.515,SAP-BPC
2023-02,FY2023,Q1,Electronics,EMEA,6400,Travel,Opex,-0.379,SAP-BPC
2023-02,FY2023,Q1,Electronics,EMEA,6500,IT & Infrastructure,Opex,-0.909,SAP-BPC
2023-02,FY2023,Q1,Electronics,EMEA,6600,General & Admin,Opex,-0.606,SAP-BPC
2023-02,FY2023,Q1,Electronics,EMEA,7100,Depreciation,D&A,-1.893,SAP-BPC
2023-02,FY2023,Q1,Electronics,EMEA,8100,Interest Expense,Finance,-1.136,SAP-BPC
2023-02,FY2023,Q1,Electronics,EMEA,9100,Income Tax,Tax,-2.367,SAP-BPC
2023-02,FY2023,Q1,Electronics,Americas,4000,Product Revenue,Revenue,31.808,SAP-BPC
2023-02,FY2023,Q1,Electronics,Americas,4100,Service Revenue,Revenue,13.632,SAP-BPC
2023-02,FY2023,Q1,Electronics,Americas,5000,Cost of Goods Sold,COGS,-24.992,SAP-BPC
2023-02,FY2023,Q1,Electronics,Americas,6100,Salaries & Wages,Opex,-3.635,SAP-BPC
2023-02,FY2023,Q1,Electronics,Americas,6200,Marketing,Opex,-1.363,SAP-BPC
2023-02,FY2023,Q1,Electronics,Americas,6300,R&D,Opex,-1.818,SAP-BPC
2023-02,FY2023,Q1,Electronics,Americas,6400,Travel,Opex,-0.454,SAP-BPC
2023-02,FY2023,Q1,Electronics,Americas,6500,IT & Infrastructure,Opex,-1.091,SAP-BPC
2023-02,FY2023,Q1,Electronics,Americas,6600,General & Admin,Opex,-0.727,SAP-BPC
2023-02,FY2023,Q1,Electronics,Americas,7100,Depreciation,D&A,-2.272,SAP-BPC
2023-02,FY2023,Q1,Electronics,Americas,8100,Interest Expense,Finance,-1.363,SAP-BPC
2023-02,FY2023,Q1,Electronics,Americas,9100,Income Tax,Tax,-2.84,SAP-BPC
2023-02,FY2023,Q1,Automotive,APAC,4000,Product Revenue,Revenue,33.398,SAP-BPC
2023-02,FY2023,Q1,Automotive,APAC,4100,Service Revenue,Revenue,14.314,SAP-BPC
2023-02,FY2023,Q1,Automotive,APAC,5000,Cost of Goods Sold,COGS,-26.242,SAP-BPC
2023-02,FY2023,Q1,Automotive,APAC,6100,Salaries & Wages,Opex,-3.817,SAP-BPC
2023-02,FY2023,Q1,Automotive,APAC,6200,Marketing,Opex,-1.431,SAP-BPC
2023-02,FY2023,Q1,Automotive,APAC,6300,R&D,Opex,-1.908,SAP-BPC
2023-02,FY2023,Q1,Automotive,APAC,6400,Travel,Opex,-0.477,SAP-BPC
2023-02,FY2023,Q1,Automotive,APAC,6500,IT & Infrastructure,Opex,-1.145,SAP-BPC
2023-02,FY2023,Q1,Automotive,APAC,6600,General & Admin,Opex,-0.763,SAP-BPC
2023-02,FY2023,Q1,Automotive,APAC,7100,Depreciation,D&A,-2.386,SAP-BPC
2023-02,FY2023,Q1,Automotive,APAC,8100,Interest Expense,Finance,-1.431,SAP-BPC
2023-02,FY2023,Q1,Automotive,APAC,9100,Income Tax,Tax,-2.982,SAP-BPC
2023-02,FY2023,Q1,Automotive,EMEA,4000,Product Revenue,Revenue,37.109,SAP-BPC
2023-02,FY2023,Q1,Automotive,EMEA,4100,Service Revenue,Revenue,15.904,SAP-BPC
2023-02,FY2023,Q1,Automotive,EMEA,5000,Cost of Goods Sold,COGS,-29.157,SAP-BPC
2023-02,FY2023,Q1,Automotive,EMEA,6100,Salaries & Wages,Opex,-4.241,SAP-BPC
2023-02,FY2023,Q1,Automotive,EMEA,6200,Marketing,Opex,-1.59,SAP-BPC
2023-02,FY2023,Q1,Automotive,EMEA,6300,R&D,Opex,-2.121,SAP-BPC
2023-02,FY2023,Q1,Automotive,EMEA,6400,Travel,Opex,-0.53,SAP-BPC
2023-02,FY2023,Q1,Automotive,EMEA,6500,IT & Infrastructure,Opex,-1.272,SAP-BPC
2023-02,FY2023,Q1,Automotive,EMEA,6600,General & Admin,Opex,-0.848,SAP-BPC
2023-02,FY2023,Q1,Automotive,EMEA,7100,Depreciation,D&A,-2.651,SAP-BPC
2023-02,FY2023,Q1,Automotive,EMEA,8100,Interest Expense,Finance,-1.59,SAP-BPC
2023-02,FY2023,Q1,Automotive,EMEA,9100,Income Tax,Tax,-3.313,SAP-BPC
2023-02,FY2023,Q1,Automotive,Americas,4000,Product Revenue,Revenue,44.531,SAP-BPC
2023-02,FY2023,Q1,Automotive,Americas,4100,Service Revenue,Revenue,19.085,SAP-BPC
2023-02,FY2023,Q1,Automotive,Americas,5000,Cost of Goods Sold,COGS,-34.989,SAP-BPC
2023-02,FY2023,Q1,Automotive,Americas,6100,Salaries & Wages,Opex,-5.089,SAP-BPC
2023-02,FY2023,Q1,Automotive,Americas,6200,Marketing,Opex,-1.908,SAP-BPC
2023-02,FY2023,Q1,Automotive,Americas,6300,R&D,Opex,-2.545,SAP-BPC
2023-02,FY2023,Q1,Automotive,Americas,6400,Travel,Opex,-0.636,SAP-BPC
2023-02,FY2023,Q1,Automotive,Americas,6500,IT & Infrastructure,Opex,-1.527,SAP-BPC
2023-02,FY2023,Q1,Automotive,Americas,6600,General & Admin,Opex,-1.018,SAP-BPC
2023-02,FY2023,Q1,Automotive,Americas,7100,Depreciation,D&A,-3.181,SAP-BPC
2023-02,FY2023,Q1,Automotive,Americas,8100,Interest Expense,Finance,-1.908,SAP-BPC
2023-02,FY2023,Q1,Automotive,Americas,9100,Income Tax,Tax,-3.976,SAP-BPC
2023-02,FY2023,Q1,Healthcare,APAC,4000,Product Revenue,Revenue,16.699,SAP-BPC
2023-02,FY2023,Q1,Healthcare,APAC,4100,Service Revenue,Revenue,7.157,SAP-BPC
2023-02,FY2023,Q1,Healthcare,APAC,5000,Cost of Goods Sold,COGS,-13.121,SAP-BPC
2023-02,FY2023,Q1,Healthcare,APAC,6100,Salaries & Wages,Opex,-1.908,SAP-BPC
2023-02,FY2023,Q1,Healthcare,APAC,6200,Marketing,Opex,-0.716,SAP-BPC
2023-02,FY2023,Q1,Healthcare,APAC,6300,R&D,Opex,-0.954,SAP-BPC
2023-02,FY2023,Q1,Healthcare,APAC,6400,Travel,Opex,-0.239,SAP-BPC
2023-02,FY2023,Q1,Healthcare,APAC,6500,IT & Infrastructure,Opex,-0.573,SAP-BPC
2023-02,FY2023,Q1,Healthcare,APAC,6600,General & Admin,Opex,-0.382,SAP-BPC
2023-02,FY2023,Q1,Healthcare,APAC,7100,Depreciation,D&A,-1.193,SAP-BPC
2023-02,FY2023,Q1,Healthcare,APAC,8100,Interest Expense,Finance,-0.716,SAP-BPC
2023-02,FY2023,Q1,Healthcare,APAC,9100,Income Tax,Tax,-1.491,SAP-BPC
2023-02,FY2023,Q1,Healthcare,EMEA,4000,Product Revenue,Revenue,18.555,SAP-BPC
2023-02,FY2023,Q1,Healthcare,EMEA,4100,Service Revenue,Revenue,7.952,SAP-BPC
2023-02,FY2023,Q1,Healthcare,EMEA,5000,Cost of Goods Sold,COGS,-14.579,SAP-BPC
2023-02,FY2023,Q1,Healthcare,EMEA,6100,Salaries & Wages,Opex,-2.121,SAP-BPC
2023-02,FY2023,Q1,Healthcare,EMEA,6200,Marketing,Opex,-0.795,SAP-BPC
2023-02,FY2023,Q1,Healthcare,EMEA,6300,R&D,Opex,-1.06,SAP-BPC
2023-02,FY2023,Q1,Healthcare,EMEA,6400,Travel,Opex,-0.265,SAP-BPC
2023-02,FY2023,Q1,Healthcare,EMEA,6500,IT & Infrastructure,Opex,-0.636,SAP-BPC
2023-02,FY2023,Q1,Healthcare,EMEA,6600,General & Admin,Opex,-0.424,SAP-BPC
2023-02,FY2023,Q1,Healthcare,EMEA,7100,Depreciation,D&A,-1.325,SAP-BPC
2023-02,FY2023,Q1,Healthcare,EMEA,8100,Interest Expense,Finance,-0.795,SAP-BPC
2023-02,FY2023,Q1,Healthcare,EMEA,9100,Income Tax,Tax,-1.657,SAP-BPC
2023-02,FY2023,Q1,Healthcare,Americas,4000,Product Revenue,Revenue,22.266,SAP-BPC
2023-02,FY2023,Q1,Healthcare,Americas,4100,Service Revenue,Revenue,9.542,SAP-BPC
2023-02,FY2023,Q1,Healthcare,Americas,5000,Cost of Goods Sold,COGS,-17.494,SAP-BPC
2023-02,FY2023,Q1,Healthcare,Americas,6100,Salaries & Wages,Opex,-2.545,SAP-BPC
2023-02,FY2023,Q1,Healthcare,Americas,6200,Marketing,Opex,-0.954,SAP-BPC
2023-02,FY2023,Q1,Healthcare,Americas,6300,R&D,Opex,-1.272,SAP-BPC
2023-02,FY2023,Q1,Healthcare,Americas,6400,Travel,Opex,-0.318,SAP-BPC
2023-02,FY2023,Q1,Healthcare,Americas,6500,IT & Infrastructure,Opex,-0.763,SAP-BPC
2023-02,FY2023,Q1,Healthcare,Americas,6600,General & Admin,Opex,-0.509,SAP-BPC
2023-02,FY2023,Q1,Healthcare,Americas,7100,Depreciation,D&A,-1.59,SAP-BPC
2023-02,FY2023,Q1,Healthcare,Americas,8100,Interest Expense,Finance,-0.954,SAP-BPC
2023-02,FY2023,Q1,Healthcare,Americas,9100,Income Tax,Tax,-1.988,SAP-BPC
2023-03,FY2023,Q1,Electronics,APAC,4000,Product Revenue,Revenue,24.192,SAP-BPC
2023-03,FY2023,Q1,Electronics,APAC,4100,Service Revenue,Revenue,10.368,SAP-BPC
2023-03,FY2023,Q1,Electronics,APAC,5000,Cost of Goods Sold,COGS,-19.008,SAP-BPC
2023-03,FY2023,Q1,Electronics,APAC,6100,Salaries & Wages,Opex,-2.765,SAP-BPC
2023-03,FY2023,Q1,Electronics,APAC,6200,Marketing,Opex,-1.037,SAP-BPC
2023-03,FY2023,Q1,Electronics,APAC,6300,R&D,Opex,-1.382,SAP-BPC
2023-03,FY2023,Q1,Electronics,APAC,6400,Travel,Opex,-0.346,SAP-BPC
2023-03,FY2023,Q1,Electronics,APAC,6500,IT & Infrastructure,Opex,-0.829,SAP-BPC
2023-03,FY2023,Q1,Electronics,APAC,6600,General & Admin,Opex,-0.553,SAP-BPC
2023-03,FY2023,Q1,Electronics,APAC,7100,Depreciation,D&A,-1.728,SAP-BPC
2023-03,FY2023,Q1,Electronics,APAC,8100,Interest Expense,Finance,-1.037,SAP-BPC
2023-03,FY2023,Q1,Electronics,APAC,9100,Income Tax,Tax,-2.16,SAP-BPC
2023-03,FY2023,Q1,Electronics,EMEA,4000,Product Revenue,Revenue,26.88,SAP-BPC
2023-03,FY2023,Q1,Electronics,EMEA,4100,Service Revenue,Revenue,11.52,SAP-BPC
2023-03,FY2023,Q1,Electronics,EMEA,5000,Cost of Goods Sold,COGS,-21.12,SAP-BPC
2023-03,FY2023,Q1,Electronics,EMEA,6100,Salaries & Wages,Opex,-3.072,SAP-BPC
2023-03,FY2023,Q1,Electronics,EMEA,6200,Marketing,Opex,-1.152,SAP-BPC
2023-03,FY2023,Q1,Electronics,EMEA,6300,R&D,Opex,-1.536,SAP-BPC
2023-03,FY2023,Q1,Electronics,EMEA,6400,Travel,Opex,-0.384,SAP-BPC
2023-03,FY2023,Q1,Electronics,EMEA,6500,IT & Infrastructure,Opex,-0.922,SAP-BPC
2023-03,FY2023,Q1,Electronics,EMEA,6600,General & Admin,Opex,-0.614,SAP-BPC
2023-03,FY2023,Q1,Electronics,EMEA,7100,Depreciation,D&A,-1.92,SAP-BPC
2023-03,FY2023,Q1,Electronics,EMEA,8100,Interest Expense,Finance,-1.152,SAP-BPC
2023-03,FY2023,Q1,Electronics,EMEA,9100,Income Tax,Tax,-2.4,SAP-BPC
2023-03,FY2023,Q1,Electronics,Americas,4000,Product Revenue,Revenue,32.256,SAP-BPC
2023-03,FY2023,Q1,Electronics,Americas,4100,Service Revenue,Revenue,13.824,SAP-BPC
2023-03,FY2023,Q1,Electronics,Americas,5000,Cost of Goods Sold,COGS,-25.344,SAP-BPC
2023-03,FY2023,Q1,Electronics,Americas,6100,Salaries & Wages,Opex,-3.686,SAP-BPC
2023-03,FY2023,Q1,Electronics,Americas,6200,Marketing,Opex,-1.382,SAP-BPC
2023-03,FY2023,Q1,Electronics,Americas,6300,R&D,Opex,-1.843,SAP-BPC
2023-03,FY2023,Q1,Electronics,Americas,6400,Travel,Opex,-0.461,SAP-BPC
2023-03,FY2023,Q1,Electronics,Americas,6500,IT & Infrastructure,Opex,-1.106,SAP-BPC
2023-03,FY2023,Q1,Electronics,Americas,6600,General & Admin,Opex,-0.737,SAP-BPC
2023-03,FY2023,Q1,Electronics,Americas,7100,Depreciation,D&A,-2.304,SAP-BPC
2023-03,FY2023,Q1,Electronics,Americas,8100,Interest Expense,Finance,-1.382,SAP-BPC
2023-03,FY2023,Q1,Electronics,Americas,9100,Income Tax,Tax,-2.88,SAP-BPC
2023-03,FY2023,Q1,Automotive,APAC,4000,Product Revenue,Revenue,33.869,SAP-BPC
2023-03,FY2023,Q1,Automotive,APAC,4100,Service Revenue,Revenue,14.515,SAP-BPC
2023-03,FY2023,Q1,Automotive,APAC,5000,Cost of Goods Sold,COGS,-26.611,SAP-BPC
2023-03,FY2023,Q1,Automotive,APAC,6100,Salaries & Wages,Opex,-3.871,SAP-BPC
2023-03,FY2023,Q1,Automotive,APAC,6200,Marketing,Opex,-1.452,SAP-BPC
2023-03,FY2023,Q1,Automotive,APAC,6300,R&D,Opex,-1.935,SAP-BPC
2023-03,FY2023,Q1,Automotive,APAC,6400,Travel,Opex,-0.484,SAP-BPC
2023-03,FY2023,Q1,Automotive,APAC,6500,IT & Infrastructure,Opex,-1.161,SAP-BPC
2023-03,FY2023,Q1,Automotive,APAC,6600,General & Admin,Opex,-0.774,SAP-BPC
2023-03,FY2023,Q1,Automotive,APAC,7100,Depreciation,D&A,-2.419,SAP-BPC
2023-03,FY2023,Q1,Automotive,APAC,8100,Interest Expense,Finance,-1.452,SAP-BPC
2023-03,FY2023,Q1,Automotive,APAC,9100,Income Tax,Tax,-3.024,SAP-BPC
2023-03,FY2023,Q1,Automotive,EMEA,4000,Product Revenue,Revenue,37.632,SAP-BPC
2023-03,FY2023,Q1,Automotive,EMEA,4100,Service Revenue,Revenue,16.128,SAP-BPC
2023-03,FY2023,Q1,Automotive,EMEA,5000,Cost of Goods Sold,COGS,-29.568,SAP-BPC
2023-03,FY2023,Q1,Automotive,EMEA,6100,Salaries & Wages,Opex,-4.301,SAP-BPC
2023-03,FY2023,Q1,Automotive,EMEA,6200,Marketing,Opex,-1.613,SAP-BPC
2023-03,FY2023,Q1,Automotive,EMEA,6300,R&D,Opex,-2.15,SAP-BPC
2023-03,FY2023,Q1,Automotive,EMEA,6400,Travel,Opex,-0.538,SAP-BPC
2023-03,FY2023,Q1,Automotive,EMEA,6500,IT & Infrastructure,Opex,-1.29,SAP-BPC
2023-03,FY2023,Q1,Automotive,EMEA,6600,General & Admin,Opex,-0.86,SAP-BPC
2023-03,FY2023,Q1,Automotive,EMEA,7100,Depreciation,D&A,-2.688,SAP-BPC
2023-03,FY2023,Q1,Automotive,EMEA,8100,Interest Expense,Finance,-1.613,SAP-BPC
2023-03,FY2023,Q1,Automotive,EMEA,9100,Income Tax,Tax,-3.36,SAP-BPC
2023-03,FY2023,Q1,Automotive,Americas,4000,Product Revenue,Revenue,45.158,SAP-BPC
2023-03,FY2023,Q1,Automotive,Americas,4100,Service Revenue,Revenue,19.354,SAP-BPC
2023-03,FY2023,Q1,Automotive,Americas,5000,Cost of Goods Sold,COGS,-35.482,SAP-BPC
2023-03,FY2023,Q1,Automotive,Americas,6100,Salaries & Wages,Opex,-5.161,SAP-BPC
2023-03,FY2023,Q1,Automotive,Americas,6200,Marketing,Opex,-1.935,SAP-BPC
2023-03,FY2023,Q1,Automotive,Americas,6300,R&D,Opex,-2.58,SAP-BPC
2023-03,FY2023,Q1,Automotive,Americas,6400,Travel,Opex,-0.645,SAP-BPC
2023-03,FY2023,Q1,Automotive,Americas,6500,IT & Infrastructure,Opex,-1.548,SAP-BPC
2023-03,FY2023,Q1,Automotive,Americas,6600,General & Admin,Opex,-1.032,SAP-BPC
2023-03,FY2023,Q1,Automotive,Americas,7100,Depreciation,D&A,-3.226,SAP-BPC
2023-03,FY2023,Q1,Automotive,Americas,8100,Interest Expense,Finance,-1.935,SAP-BPC
2023-03,FY2023,Q1,Automotive,Americas,9100,Income Tax,Tax,-4.032,SAP-BPC
2023-03,FY2023,Q1,Healthcare,APAC,4000,Product Revenue,Revenue,16.934,SAP-BPC
2023-03,FY2023,Q1,Healthcare,APAC,4100,Service Revenue,Revenue,7.258,SAP-BPC
2023-03,FY2023,Q1,Healthcare,APAC,5000,Cost of Goods Sold,COGS,-13.306,SAP-BPC
2023-03,FY2023,Q1,Healthcare,APAC,6100,Salaries & Wages,Opex,-1.935,SAP-BPC
2023-03,FY2023,Q1,Healthcare,APAC,6200,Marketing,Opex,-0.726,SAP-BPC
2023-03,FY2023,Q1,Healthcare,APAC,6300,R&D,Opex,-0.968,SAP-BPC
2023-03,FY2023,Q1,Healthcare,APAC,6400,Travel,Opex,-0.242,SAP-BPC
2023-03,FY2023,Q1,Healthcare,APAC,6500,IT & Infrastructure,Opex,-0.581,SAP-BPC
2023-03,FY2023,Q1,Healthcare,APAC,6600,General & Admin,Opex,-0.387,SAP-BPC
2023-03,FY2023,Q1,Healthcare,APAC,7100,Depreciation,D&A,-1.21,SAP-BPC
2023-03,FY2023,Q1,Healthcare,APAC,8100,Interest Expense,Finance,-0.726,SAP-BPC
2023-03,FY2023,Q1,Healthcare,APAC,9100,Income Tax,Tax,-1.512,SAP-BPC
2023-03,FY2023,Q1,Healthcare,EMEA,4000,Product Revenue,Revenue,18.816,SAP-BPC
2023-03,FY2023,Q1,Healthcare,EMEA,4100,Service Revenue,Revenue,8.064,SAP-BPC
2023-03,FY2023,Q1,Healthcare,EMEA,5000,Cost of Goods Sold,COGS,-14.784,SAP-BPC
2023-03,FY2023,Q1,Healthcare,EMEA,6100,Salaries & Wages,Opex,-2.15,SAP-BPC
2023-03,FY2023,Q1,Healthcare,EMEA,6200,Marketing,Opex,-0.806,SAP-BPC
2023-03,FY2023,Q1,Healthcare,EMEA,6300,R&D,Opex,-1.075,SAP-BPC
2023-03,FY2023,Q1,Healthcare,EMEA,6400,Travel,Opex,-0.269,SAP-BPC
2023-03,FY2023,Q1,Healthcare,EMEA,6500,IT & Infrastructure,Opex,-0.645,SAP-BPC
2023-03,FY2023,Q1,Healthcare,EMEA,6600,General & Admin,Opex,-0.43,SAP-BPC
2023-03,FY2023,Q1,Healthcare,EMEA,7100,Depreciation,D&A,-1.344,SAP-BPC
2023-03,FY2023,Q1,Healthcare,EMEA,8100,Interest Expense,Finance,-0.806,SAP-BPC
2023-03,FY2023,Q1,Healthcare,EMEA,9100,Income Tax,Tax,-1.68,SAP-BPC
2023-03,FY2023,Q1,Healthcare,Americas,4000,Product Revenue,Revenue,22.579,SAP-BPC
2023-03,FY2023,Q1,Healthcare,Americas,4100,Service Revenue,Revenue,9.677,SAP-BPC
2023-03,FY2023,Q1,Healthcare,Americas,5000,Cost of Goods Sold,COGS,-17.741,SAP-BPC
2023-03,FY2023,Q1,Healthcare,Americas,6100,Salaries & Wages,Opex,-2.58,SAP-BPC
2023-03,FY2023,Q1,Healthcare,Americas,6200,Marketing,Opex,-0.968,SAP-BPC
2023-03,FY2023,Q1,Healthcare,Americas,6300,R&D,Opex,-1.29,SAP-BPC
2023-03,FY2023,Q1,Healthcare,Americas,6400,Travel,Opex,-0.323,SAP-BPC
2023-03,FY2023,Q1,Healthcare,Americas,6500,IT & Infrastructure,Opex,-0.774,SAP-BPC
2023-03,FY2023,Q1,Healthcare,Americas,6600,General & Admin,Opex,-0.516,SAP-BPC
2023-03,FY2023,Q1,Healthcare,Americas,7100,Depreciation,D&A,-1.613,SAP-BPC
2023-03,FY2023,Q1,Healthcare,Americas,8100,Interest Expense,Finance,-0.968,SAP-BPC
2023-03,FY2023,Q1,Healthcare,Americas,9100,Income Tax,Tax,-2.016,SAP-BPC
2023-04,FY2023,Q2,Electronics,APAC,4000,Product Revenue,Revenue,24.528,SAP-BPC
2023-04,FY2023,Q2,Electronics,APAC,4100,Service Revenue,Revenue,10.512,SAP-BPC
2023-04,FY2023,Q2,Electronics,APAC,5000,Cost of Goods Sold,COGS,-19.272,SAP-BPC
2023-04,FY2023,Q2,Electronics,APAC,6100,Salaries & Wages,Opex,-2.803,SAP-BPC
2023-04,FY2023,Q2,Electronics,APAC,6200,Marketing,Opex,-1.051,SAP-BPC
2023-04,FY2023,Q2,Electronics,APAC,6300,R&D,Opex,-1.402,SAP-BPC
2023-04,FY2023,Q2,Electronics,APAC,6400,Travel,Opex,-0.35,SAP-BPC
2023-04,FY2023,Q2,Electronics,APAC,6500,IT & Infrastructure,Opex,-0.841,SAP-BPC
2023-04,FY2023,Q2,Electronics,APAC,6600,General & Admin,Opex,-0.561,SAP-BPC
2023-04,FY2023,Q2,Electronics,APAC,7100,Depreciation,D&A,-1.752,SAP-BPC
2023-04,FY2023,Q2,Electronics,APAC,8100,Interest Expense,Finance,-1.051,SAP-BPC
2023-04,FY2023,Q2,Electronics,APAC,9100,Income Tax,Tax,-2.19,SAP-BPC
2023-04,FY2023,Q2,Electronics,EMEA,4000,Product Revenue,Revenue,27.253,SAP-BPC
2023-04,FY2023,Q2,Electronics,EMEA,4100,Service Revenue,Revenue,11.68,SAP-BPC
2023-04,FY2023,Q2,Electronics,EMEA,5000,Cost of Goods Sold,COGS,-21.413,SAP-BPC
2023-04,FY2023,Q2,Electronics,EMEA,6100,Salaries & Wages,Opex,-3.115,SAP-BPC
2023-04,FY2023,Q2,Electronics,EMEA,6200,Marketing,Opex,-1.168,SAP-BPC
2023-04,FY2023,Q2,Electronics,EMEA,6300,R&D,Opex,-1.557,SAP-BPC
2023-04,FY2023,Q2,Electronics,EMEA,6400,Travel,Opex,-0.389,SAP-BPC
2023-04,FY2023,Q2,Electronics,EMEA,6500,IT & Infrastructure,Opex,-0.934,SAP-BPC
2023-04,FY2023,Q2,Electronics,EMEA,6600,General & Admin,Opex,-0.623,SAP-BPC
2023-04,FY2023,Q2,Electronics,EMEA,7100,Depreciation,D&A,-1.947,SAP-BPC
2023-04,FY2023,Q2,Electronics,EMEA,8100,Interest Expense,Finance,-1.168,SAP-BPC
2023-04,FY2023,Q2,Electronics,EMEA,9100,Income Tax,Tax,-2.433,SAP-BPC
2023-04,FY2023,Q2,Electronics,Americas,4000,Product Revenue,Revenue,32.704,SAP-BPC
2023-04,FY2023,Q2,Electronics,Americas,4100,Service Revenue,Revenue,14.016,SAP-BPC
2023-04,FY2023,Q2,Electronics,Americas,5000,Cost of Goods Sold,COGS,-25.696,SAP-BPC
2023-04,FY2023,Q2,Electronics,Americas,6100,Salaries & Wages,Opex,-3.738,SAP-BPC
2023-04,FY2023,Q2,Electronics,Americas,6200,Marketing,Opex,-1.402,SAP-BPC
2023-04,FY2023,Q2,Electronics,Americas,6300,R&D,Opex,-1.869,SAP-BPC
2023-04,FY2023,Q2,Electronics,Americas,6400,Travel,Opex,-0.467,SAP-BPC
2023-04,FY2023,Q2,Electronics,Americas,6500,IT & Infrastructure,Opex,-1.121,SAP-BPC
2023-04,FY2023,Q2,Electronics,Americas,6600,General & Admin,Opex,-0.748,SAP-BPC
2023-04,FY2023,Q2,Electronics,Americas,7100,Depreciation,D&A,-2.336,SAP-BPC
2023-04,FY2023,Q2,Electronics,Americas,8100,Interest Expense,Finance,-1.402,SAP-BPC
2023-04,FY2023,Q2,Electronics,Americas,9100,Income Tax,Tax,-2.92,SAP-BPC
2023-04,FY2023,Q2,Automotive,APAC,4000,Product Revenue,Revenue,34.339,SAP-BPC
2023-04,FY2023,Q2,Automotive,APAC,4100,Service Revenue,Revenue,14.717,SAP-BPC
2023-04,FY2023,Q2,Automotive,APAC,5000,Cost of Goods Sold,COGS,-26.981,SAP-BPC
2023-04,FY2023,Q2,Automotive,APAC,6100,Salaries & Wages,Opex,-3.924,SAP-BPC
2023-04,FY2023,Q2,Automotive,APAC,6200,Marketing,Opex,-1.472,SAP-BPC
2023-04,FY2023,Q2,Automotive,APAC,6300,R&D,Opex,-1.962,SAP-BPC
2023-04,FY2023,Q2,Automotive,APAC,6400,Travel,Opex,-0.491,SAP-BPC
2023-04,FY2023,Q2,Automotive,APAC,6500,IT & Infrastructure,Opex,-1.177,SAP-BPC
2023-04,FY2023,Q2,Automotive,APAC,6600,General & Admin,Opex,-0.785,SAP-BPC
2023-04,FY2023,Q2,Automotive,APAC,7100,Depreciation,D&A,-2.453,SAP-BPC
2023-04,FY2023,Q2,Automotive,APAC,8100,Interest Expense,Finance,-1.472,SAP-BPC
2023-04,FY2023,Q2,Automotive,APAC,9100,Income Tax,Tax,-3.066,SAP-BPC
2023-04,FY2023,Q2,Automotive,EMEA,4000,Product Revenue,Revenue,38.155,SAP-BPC
2023-04,FY2023,Q2,Automotive,EMEA,4100,Service Revenue,Revenue,16.352,SAP-BPC
2023-04,FY2023,Q2,Automotive,EMEA,5000,Cost of Goods Sold,COGS,-29.979,SAP-BPC
2023-04,FY2023,Q2,Automotive,EMEA,6100,Salaries & Wages,Opex,-4.361,SAP-BPC
2023-04,FY2023,Q2,Automotive,EMEA,6200,Marketing,Opex,-1.635,SAP-BPC
2023-04,FY2023,Q2,Automotive,EMEA,6300,R&D,Opex,-2.18,SAP-BPC
2023-04,FY2023,Q2,Automotive,EMEA,6400,Travel,Opex,-0.545,SAP-BPC
2023-04,FY2023,Q2,Automotive,EMEA,6500,IT & Infrastructure,Opex,-1.308,SAP-BPC
2023-04,FY2023,Q2,Automotive,EMEA,6600,General & Admin,Opex,-0.872,SAP-BPC
2023-04,FY2023,Q2,Automotive,EMEA,7100,Depreciation,D&A,-2.725,SAP-BPC
2023-04,FY2023,Q2,Automotive,EMEA,8100,Interest Expense,Finance,-1.635,SAP-BPC
2023-04,FY2023,Q2,Automotive,EMEA,9100,Income Tax,Tax,-3.407,SAP-BPC
2023-04,FY2023,Q2,Automotive,Americas,4000,Product Revenue,Revenue,45.786,SAP-BPC
2023-04,FY2023,Q2,Automotive,Americas,4100,Service Revenue,Revenue,19.622,SAP-BPC
2023-04,FY2023,Q2,Automotive,Americas,5000,Cost of Goods Sold,COGS,-35.974,SAP-BPC
2023-04,FY2023,Q2,Automotive,Americas,6100,Salaries & Wages,Opex,-5.233,SAP-BPC
2023-04,FY2023,Q2,Automotive,Americas,6200,Marketing,Opex,-1.962,SAP-BPC
2023-04,FY2023,Q2,Automotive,Americas,6300,R&D,Opex,-2.616,SAP-BPC
2023-04,FY2023,Q2,Automotive,Americas,6400,Travel,Opex,-0.654,SAP-BPC
2023-04,FY2023,Q2,Automotive,Americas,6500,IT & Infrastructure,Opex,-1.57,SAP-BPC
2023-04,FY2023,Q2,Automotive,Americas,6600,General & Admin,Opex,-1.047,SAP-BPC
2023-04,FY2023,Q2,Automotive,Americas,7100,Depreciation,D&A,-3.27,SAP-BPC
2023-04,FY2023,Q2,Automotive,Americas,8100,Interest Expense,Finance,-1.962,SAP-BPC
2023-04,FY2023,Q2,Automotive,Americas,9100,Income Tax,Tax,-4.088,SAP-BPC
2023-04,FY2023,Q2,Healthcare,APAC,4000,Product Revenue,Revenue,17.17,SAP-BPC
2023-04,FY2023,Q2,Healthcare,APAC,4100,Service Revenue,Revenue,7.358,SAP-BPC
2023-04,FY2023,Q2,Healthcare,APAC,5000,Cost of Goods Sold,COGS,-13.49,SAP-BPC
2023-04,FY2023,Q2,Healthcare,APAC,6100,Salaries & Wages,Opex,-1.962,SAP-BPC
2023-04,FY2023,Q2,Healthcare,APAC,6200,Marketing,Opex,-0.736,SAP-BPC
2023-04,FY2023,Q2,Healthcare,APAC,6300,R&D,Opex,-0.981,SAP-BPC
2023-04,FY2023,Q2,Healthcare,APAC,6400,Travel,Opex,-0.245,SAP-BPC
2023-04,FY2023,Q2,Healthcare,APAC,6500,IT & Infrastructure,Opex,-0.589,SAP-BPC
2023-04,FY2023,Q2,Healthcare,APAC,6600,General & Admin,Opex,-0.392,SAP-BPC
2023-04,FY2023,Q2,Healthcare,APAC,7100,Depreciation,D&A,-1.226,SAP-BPC
2023-04,FY2023,Q2,Healthcare,APAC,8100,Interest Expense,Finance,-0.736,SAP-BPC
2023-04,FY2023,Q2,Healthcare,APAC,9100,Income Tax,Tax,-1.533,SAP-BPC
2023-04,FY2023,Q2,Healthcare,EMEA,4000,Product Revenue,Revenue,19.077,SAP-BPC
2023-04,FY2023,Q2,Healthcare,EMEA,4100,Service Revenue,Revenue,8.176,SAP-BPC
2023-04,FY2023,Q2,Healthcare,EMEA,5000,Cost of Goods Sold,COGS,-14.989,SAP-BPC
2023-04,FY2023,Q2,Healthcare,EMEA,6100,Salaries & Wages,Opex,-2.18,SAP-BPC
2023-04,FY2023,Q2,Healthcare,EMEA,6200,Marketing,Opex,-0.818,SAP-BPC
2023-04,FY2023,Q2,Healthcare,EMEA,6300,R&D,Opex,-1.09,SAP-BPC
2023-04,FY2023,Q2,Healthcare,EMEA,6400,Travel,Opex,-0.273,SAP-BPC
2023-04,FY2023,Q2,Healthcare,EMEA,6500,IT & Infrastructure,Opex,-0.654,SAP-BPC
2023-04,FY2023,Q2,Healthcare,EMEA,6600,General & Admin,Opex,-0.436,SAP-BPC
2023-04,FY2023,Q2,Healthcare,EMEA,7100,Depreciation,D&A,-1.363,SAP-BPC
2023-04,FY2023,Q2,Healthcare,EMEA,8100,Interest Expense,Finance,-0.818,SAP-BPC
2023-04,FY2023,Q2,Healthcare,EMEA,9100,Income Tax,Tax,-1.703,SAP-BPC
2023-04,FY2023,Q2,Healthcare,Americas,4000,Product Revenue,Revenue,22.893,SAP-BPC
2023-04,FY2023,Q2,Healthcare,Americas,4100,Service Revenue,Revenue,9.811,SAP-BPC
2023-04,FY2023,Q2,Healthcare,Americas,5000,Cost of Goods Sold,COGS,-17.987,SAP-BPC
2023-04,FY2023,Q2,Healthcare,Americas,6100,Salaries & Wages,Opex,-2.616,SAP-BPC
2023-04,FY2023,Q2,Healthcare,Americas,6200,Marketing,Opex,-0.981,SAP-BPC
2023-04,FY2023,Q2,Healthcare,Americas,6300,R&D,Opex,-1.308,SAP-BPC
2023-04,FY2023,Q2,Healthcare,Americas,6400,Travel,Opex,-0.327,SAP-BPC
2023-04,FY2023,Q2,Healthcare,Americas,6500,IT & Infrastructure,Opex,-0.785,SAP-BPC
2023-04,FY2023,Q2,Healthcare,Americas,6600,General & Admin,Opex,-0.523,SAP-BPC
2023-04,FY2023,Q2,Healthcare,Americas,7100,Depreciation,D&A,-1.635,SAP-BPC
2023-04,FY2023,Q2,Healthcare,Americas,8100,Interest Expense,Finance,-0.981,SAP-BPC
2023-04,FY2023,Q2,Healthcare,Americas,9100,Income Tax,Tax,-2.044,SAP-BPC
2023-05,FY2023,Q2,Electronics,APAC,4000,Product Revenue,Revenue,24.864,SAP-BPC
2023-05,FY2023,Q2,Electronics,APAC,4100,Service Revenue,Revenue,10.656,SAP-BPC
2023-05,FY2023,Q2,Electronics,APAC,5000,Cost of Goods Sold,COGS,-19.536,SAP-BPC
2023-05,FY2023,Q2,Electronics,APAC,6100,Salaries & Wages,Opex,-2.842,SAP-BPC
2023-05,FY2023,Q2,Electronics,APAC,6200,Marketing,Opex,-1.066,SAP-BPC
2023-05,FY2023,Q2,Electronics,APAC,6300,R&D,Opex,-1.421,SAP-BPC
2023-05,FY2023,Q2,Electronics,APAC,6400,Travel,Opex,-0.355,SAP-BPC
2023-05,FY2023,Q2,Electronics,APAC,6500,IT & Infrastructure,Opex,-0.852,SAP-BPC
2023-05,FY2023,Q2,Electronics,APAC,6600,General & Admin,Opex,-0.568,SAP-BPC
2023-05,FY2023,Q2,Electronics,APAC,7100,Depreciation,D&A,-1.776,SAP-BPC
2023-05,FY2023,Q2,Electronics,APAC,8100,Interest Expense,Finance,-1.066,SAP-BPC
2023-05,FY2023,Q2,Electronics,APAC,9100,Income Tax,Tax,-2.22,SAP-BPC
2023-05,FY2023,Q2,Electronics,EMEA,4000,Product Revenue,Revenue,27.627,SAP-BPC
2023-05,FY2023,Q2,Electronics,EMEA,4100,Service Revenue,Revenue,11.84,SAP-BPC
2023-05,FY2023,Q2,Electronics,EMEA,5000,Cost of Goods Sold,COGS,-21.707,SAP-BPC
2023-05,FY2023,Q2,Electronics,EMEA,6100,Salaries & Wages,Opex,-3.157,SAP-BPC
2023-05,FY2023,Q2,Electronics,EMEA,6200,Marketing,Opex,-1.184,SAP-BPC
2023-05,FY2023,Q2,Electronics,EMEA,6300,R&D,Opex,-1.579,SAP-BPC
2023-05,FY2023,Q2,Electronics,EMEA,6400,Travel,Opex,-0.395,SAP-BPC
2023-05,FY2023,Q2,Electronics,EMEA,6500,IT & Infrastructure,Opex,-0.947,SAP-BPC
2023-05,FY2023,Q2,Electronics,EMEA,6600,General & Admin,Opex,-0.631,SAP-BPC
2023-05,FY2023,Q2,Electronics,EMEA,7100,Depreciation,D&A,-1.973,SAP-BPC
2023-05,FY2023,Q2,Electronics,EMEA,8100,Interest Expense,Finance,-1.184,SAP-BPC
2023-05,FY2023,Q2,Electronics,EMEA,9100,Income Tax,Tax,-2.467,SAP-BPC
2023-05,FY2023,Q2,Electronics,Americas,4000,Product Revenue,Revenue,33.152,SAP-BPC
2023-05,FY2023,Q2,Electronics,Americas,4100,Service Revenue,Revenue,14.208,SAP-BPC
2023-05,FY2023,Q2,Electronics,Americas,5000,Cost of Goods Sold,COGS,-26.048,SAP-BPC
2023-05,FY2023,Q2,Electronics,Americas,6100,Salaries & Wages,Opex,-3.789,SAP-BPC
2023-05,FY2023,Q2,Electronics,Americas,6200,Marketing,Opex,-1.421,SAP-BPC
2023-05,FY2023,Q2,Electronics,Americas,6300,R&D,Opex,-1.894,SAP-BPC
2023-05,FY2023,Q2,Electronics,Americas,6400,Travel,Opex,-0.474,SAP-BPC
2023-05,FY2023,Q2,Electronics,Americas,6500,IT & Infrastructure,Opex,-1.137,SAP-BPC
2023-05,FY2023,Q2,Electronics,Americas,6600,General & Admin,Opex,-0.758,SAP-BPC
2023-05,FY2023,Q2,Electronics,Americas,7100,Depreciation,D&A,-2.368,SAP-BPC
2023-05,FY2023,Q2,Electronics,Americas,8100,Interest Expense,Finance,-1.421,SAP-BPC
2023-05,FY2023,Q2,Electronics,Americas,9100,Income Tax,Tax,-2.96,SAP-BPC
2023-05,FY2023,Q2,Automotive,APAC,4000,Product Revenue,Revenue,34.81,SAP-BPC
2023-05,FY2023,Q2,Automotive,APAC,4100,Service Revenue,Revenue,14.918,SAP-BPC
2023-05,FY2023,Q2,Automotive,APAC,5000,Cost of Goods Sold,COGS,-27.35,SAP-BPC
2023-05,FY2023,Q2,Automotive,APAC,6100,Salaries & Wages,Opex,-3.978,SAP-BPC
2023-05,FY2023,Q2,Automotive,APAC,6200,Marketing,Opex,-1.492,SAP-BPC
2023-05,FY2023,Q2,Automotive,APAC,6300,R&D,Opex,-1.989,SAP-BPC
2023-05,FY2023,Q2,Automotive,APAC,6400,Travel,Opex,-0.497,SAP-BPC
2023-05,FY2023,Q2,Automotive,APAC,6500,IT & Infrastructure,Opex,-1.193,SAP-BPC
2023-05,FY2023,Q2,Automotive,APAC,6600,General & Admin,Opex,-0.796,SAP-BPC
2023-05,FY2023,Q2,Automotive,APAC,7100,Depreciation,D&A,-2.486,SAP-BPC
2023-05,FY2023,Q2,Automotive,APAC,8100,Interest Expense,Finance,-1.492,SAP-BPC
2023-05,FY2023,Q2,Automotive,APAC,9100,Income Tax,Tax,-3.108,SAP-BPC
2023-05,FY2023,Q2,Automotive,EMEA,4000,Product Revenue,Revenue,38.677,SAP-BPC
2023-05,FY2023,Q2,Automotive,EMEA,4100,Service Revenue,Revenue,16.576,SAP-BPC
2023-05,FY2023,Q2,Automotive,EMEA,5000,Cost of Goods Sold,COGS,-30.389,SAP-BPC
2023-05,FY2023,Q2,Automotive,EMEA,6100,Salaries & Wages,Opex,-4.42,SAP-BPC
2023-05,FY2023,Q2,Automotive,EMEA,6200,Marketing,Opex,-1.658,SAP-BPC
2023-05,FY2023,Q2,Automotive,EMEA,6300,R&D,Opex,-2.21,SAP-BPC
2023-05,FY2023,Q2,Automotive,EMEA,6400,Travel,Opex,-0.553,SAP-BPC
2023-05,FY2023,Q2,Automotive,EMEA,6500,IT & Infrastructure,Opex,-1.326,SAP-BPC
2023-05,FY2023,Q2,Automotive,EMEA,6600,General & Admin,Opex,-0.884,SAP-BPC
2023-05,FY2023,Q2,Automotive,EMEA,7100,Depreciation,D&A,-2.763,SAP-BPC
2023-05,FY2023,Q2,Automotive,EMEA,8100,Interest Expense,Finance,-1.658,SAP-BPC
2023-05,FY2023,Q2,Automotive,EMEA,9100,Income Tax,Tax,-3.453,SAP-BPC
2023-05,FY2023,Q2,Automotive,Americas,4000,Product Revenue,Revenue,46.413,SAP-BPC
2023-05,FY2023,Q2,Automotive,Americas,4100,Service Revenue,Revenue,19.891,SAP-BPC
2023-05,FY2023,Q2,Automotive,Americas,5000,Cost of Goods Sold,COGS,-36.467,SAP-BPC
2023-05,FY2023,Q2,Automotive,Americas,6100,Salaries & Wages,Opex,-5.304,SAP-BPC
2023-05,FY2023,Q2,Automotive,Americas,6200,Marketing,Opex,-1.989,SAP-BPC
2023-05,FY2023,Q2,Automotive,Americas,6300,R&D,Opex,-2.652,SAP-BPC
2023-05,FY2023,Q2,Automotive,Americas,6400,Travel,Opex,-0.663,SAP-BPC
2023-05,FY2023,Q2,Automotive,Americas,6500,IT & Infrastructure,Opex,-1.591,SAP-BPC
2023-05,FY2023,Q2,Automotive,Americas,6600,General & Admin,Opex,-1.061,SAP-BPC
2023-05,FY2023,Q2,Automotive,Americas,7100,Depreciation,D&A,-3.315,SAP-BPC
2023-05,FY2023,Q2,Automotive,Americas,8100,Interest Expense,Finance,-1.989,SAP-BPC
2023-05,FY2023,Q2,Automotive,Americas,9100,Income Tax,Tax,-4.144,SAP-BPC
2023-05,FY2023,Q2,Healthcare,APAC,4000,Product Revenue,Revenue,17.405,SAP-BPC
2023-05,FY2023,Q2,Healthcare,APAC,4100,Service Revenue,Revenue,7.459,SAP-BPC
2023-05,FY2023,Q2,Healthcare,APAC,5000,Cost of Goods Sold,COGS,-13.675,SAP-BPC
2023-05,FY2023,Q2,Healthcare,APAC,6100,Salaries & Wages,Opex,-1.989,SAP-BPC
2023-05,FY2023,Q2,Healthcare,APAC,6200,Marketing,Opex,-0.746,SAP-BPC
2023-05,FY2023,Q2,Healthcare,APAC,6300,R&D,Opex,-0.995,SAP-BPC
2023-05,FY2023,Q2,Healthcare,APAC,6400,Travel,Opex,-0.249,SAP-BPC
2023-05,FY2023,Q2,Healthcare,APAC,6500,IT & Infrastructure,Opex,-0.597,SAP-BPC
2023-05,FY2023,Q2,Healthcare,APAC,6600,General & Admin,Opex,-0.398,SAP-BPC
2023-05,FY2023,Q2,Healthcare,APAC,7100,Depreciation,D&A,-1.243,SAP-BPC
2023-05,FY2023,Q2,Healthcare,APAC,8100,Interest Expense,Finance,-0.746,SAP-BPC
2023-05,FY2023,Q2,Healthcare,APAC,9100,Income Tax,Tax,-1.554,SAP-BPC
2023-05,FY2023,Q2,Healthcare,EMEA,4000,Product Revenue,Revenue,19.339,SAP-BPC
2023-05,FY2023,Q2,Healthcare,EMEA,4100,Service Revenue,Revenue,8.288,SAP-BPC
2023-05,FY2023,Q2,Healthcare,EMEA,5000,Cost of Goods Sold,COGS,-15.195,SAP-BPC
2023-05,FY2023,Q2,Healthcare,EMEA,6100,Salaries & Wages,Opex,-2.21,SAP-BPC
2023-05,FY2023,Q2,Healthcare,EMEA,6200,Marketing,Opex,-0.829,SAP-BPC
2023-05,FY2023,Q2,Healthcare,EMEA,6300,R&D,Opex,-1.105,SAP-BPC
2023-05,FY2023,Q2,Healthcare,EMEA,6400,Travel,Opex,-0.276,SAP-BPC
2023-05,FY2023,Q2,Healthcare,EMEA,6500,IT & Infrastructure,Opex,-0.663,SAP-BPC
2023-05,FY2023,Q2,Healthcare,EMEA,6600,General & Admin,Opex,-0.442,SAP-BPC
2023-05,FY2023,Q2,Healthcare,EMEA,7100,Depreciation,D&A,-1.381,SAP-BPC
2023-05,FY2023,Q2,Healthcare,EMEA,8100,Interest Expense,Finance,-0.829,SAP-BPC
2023-05,FY2023,Q2,Healthcare,EMEA,9100,Income Tax,Tax,-1.727,SAP-BPC
2023-05,FY2023,Q2,Healthcare,Americas,4000,Product Revenue,Revenue,23.206,SAP-BPC
2023-05,FY2023,Q2,Healthcare,Americas,4100,Service Revenue,Revenue,9.946,SAP-BPC
2023-05,FY2023,Q2,Healthcare,Americas,5000,Cost of Goods Sold,COGS,-18.234,SAP-BPC
2023-05,FY2023,Q2,Healthcare,Americas,6100,Salaries & Wages,Opex,-2.652,SAP-BPC
2023-05,FY2023,Q2,Healthcare,Americas,6200,Marketing,Opex,-0.995,SAP-BPC
2023-05,FY2023,Q2,Healthcare,Americas,6300,R&D,Opex,-1.326,SAP-BPC
2023-05,FY2023,Q2,Healthcare,Americas,6400,Travel,Opex,-0.332,SAP-BPC
2023-05,FY2023,Q2,Healthcare,Americas,6500,IT & Infrastructure,Opex,-0.796,SAP-BPC
2023-05,FY2023,Q2,Healthcare,Americas,6600,General & Admin,Opex,-0.53,SAP-BPC
2023-05,FY2023,Q2,Healthcare,Americas,7100,Depreciation,D&A,-1.658,SAP-BPC
2023-05,FY2023,Q2,Healthcare,Americas,8100,Interest Expense,Finance,-0.995,SAP-BPC
2023-05,FY2023,Q2,Healthcare,Americas,9100,Income Tax,Tax,-2.072,SAP-BPC
2023-06,FY2023,Q2,Electronics,APAC,4000,Product Revenue,Revenue,25.2,SAP-BPC
2023-06,FY2023,Q2,Electronics,APAC,4100,Service Revenue,Revenue,10.8,SAP-BPC
2023-06,FY2023,Q2,Electronics,APAC,5000,Cost of Goods Sold,COGS,-19.8,SAP-BPC
2023-06,FY2023,Q2,Electronics,APAC,6100,Salaries & Wages,Opex,-2.88,SAP-BPC
2023-06,FY2023,Q2,Electronics,APAC,6200,Marketing,Opex,-1.08,SAP-BPC
2023-06,FY2023,Q2,Electronics,APAC,6300,R&D,Opex,-1.44,SAP-BPC
2023-06,FY2023,Q2,Electronics,APAC,6400,Travel,Opex,-0.36,SAP-BPC
2023-06,FY2023,Q2,Electronics,APAC,6500,IT & Infrastructure,Opex,-0.864,SAP-BPC
2023-06,FY2023,Q2,Electronics,APAC,6600,General & Admin,Opex,-0.576,SAP-BPC
2023-06,FY2023,Q2,Electronics,APAC,7100,Depreciation,D&A,-1.8,SAP-BPC
2023-06,FY2023,Q2,Electronics,APAC,8100,Interest Expense,Finance,-1.08,SAP-BPC
2023-06,FY2023,Q2,Electronics,APAC,9100,Income Tax,Tax,-2.25,SAP-BPC
2023-06,FY2023,Q2,Electronics,EMEA,4000,Product Revenue,Revenue,28.0,SAP-BPC
2023-06,FY2023,Q2,Electronics,EMEA,4100,Service Revenue,Revenue,12.0,SAP-BPC
2023-06,FY2023,Q2,Electronics,EMEA,5000,Cost of Goods Sold,COGS,-22.0,SAP-BPC
2023-06,FY2023,Q2,Electronics,EMEA,6100,Salaries & Wages,Opex,-3.2,SAP-BPC
2023-06,FY2023,Q2,Electronics,EMEA,6200,Marketing,Opex,-1.2,SAP-BPC
2023-06,FY2023,Q2,Electronics,EMEA,6300,R&D,Opex,-1.6,SAP-BPC
2023-06,FY2023,Q2,Electronics,EMEA,6400,Travel,Opex,-0.4,SAP-BPC
2023-06,FY2023,Q2,Electronics,EMEA,6500,IT & Infrastructure,Opex,-0.96,SAP-BPC
2023-06,FY2023,Q2,Electronics,EMEA,6600,General & Admin,Opex,-0.64,SAP-BPC
2023-06,FY2023,Q2,Electronics,EMEA,7100,Depreciation,D&A,-2.0,SAP-BPC
2023-06,FY2023,Q2,Electronics,EMEA,8100,Interest Expense,Finance,-1.2,SAP-BPC
2023-06,FY2023,Q2,Electronics,EMEA,9100,Income Tax,Tax,-2.5,SAP-BPC
2023-06,FY2023,Q2,Electronics,Americas,4000,Product Revenue,Revenue,33.6,SAP-BPC
2023-06,FY2023,Q2,Electronics,Americas,4100,Service Revenue,Revenue,14.4,SAP-BPC
2023-06,FY2023,Q2,Electronics,Americas,5000,Cost of Goods Sold,COGS,-26.4,SAP-BPC
2023-06,FY2023,Q2,Electronics,Americas,6100,Salaries & Wages,Opex,-3.84,SAP-BPC
2023-06,FY2023,Q2,Electronics,Americas,6200,Marketing,Opex,-1.44,SAP-BPC
2023-06,FY2023,Q2,Electronics,Americas,6300,R&D,Opex,-1.92,SAP-BPC
2023-06,FY2023,Q2,Electronics,Americas,6400,Travel,Opex,-0.48,SAP-BPC
2023-06,FY2023,Q2,Electronics,Americas,6500,IT & Infrastructure,Opex,-1.152,SAP-BPC
2023-06,FY2023,Q2,Electronics,Americas,6600,General & Admin,Opex,-0.768,SAP-BPC
2023-06,FY2023,Q2,Electronics,Americas,7100,Depreciation,D&A,-2.4,SAP-BPC
2023-06,FY2023,Q2,Electronics,Americas,8100,Interest Expense,Finance,-1.44,SAP-BPC
2023-06,FY2023,Q2,Electronics,Americas,9100,Income Tax,Tax,-3.0,SAP-BPC
2023-06,FY2023,Q2,Automotive,APAC,4000,Product Revenue,Revenue,35.28,SAP-BPC
2023-06,FY2023,Q2,Automotive,APAC,4100,Service Revenue,Revenue,15.12,SAP-BPC
2023-06,FY2023,Q2,Automotive,APAC,5000,Cost of Goods Sold,COGS,-27.72,SAP-BPC
2023-06,FY2023,Q2,Automotive,APAC,6100,Salaries & Wages,Opex,-4.032,SAP-BPC
2023-06,FY2023,Q2,Automotive,APAC,6200,Marketing,Opex,-1.512,SAP-BPC
2023-06,FY2023,Q2,Automotive,APAC,6300,R&D,Opex,-2.016,SAP-BPC
2023-06,FY2023,Q2,Automotive,APAC,6400,Travel,Opex,-0.504,SAP-BPC
2023-06,FY2023,Q2,Automotive,APAC,6500,IT & Infrastructure,Opex,-1.21,SAP-BPC
2023-06,FY2023,Q2,Automotive,APAC,6600,General & Admin,Opex,-0.806,SAP-BPC
2023-06,FY2023,Q2,Automotive,APAC,7100,Depreciation,D&A,-2.52,SAP-BPC
2023-06,FY2023,Q2,Automotive,APAC,8100,Interest Expense,Finance,-1.512,SAP-BPC
2023-06,FY2023,Q2,Automotive,APAC,9100,Income Tax,Tax,-3.15,SAP-BPC
2023-06,FY2023,Q2,Automotive,EMEA,4000,Product Revenue,Revenue,39.2,SAP-BPC
2023-06,FY2023,Q2,Automotive,EMEA,4100,Service Revenue,Revenue,16.8,SAP-BPC
2023-06,FY2023,Q2,Automotive,EMEA,5000,Cost of Goods Sold,COGS,-30.8,SAP-BPC
2023-06,FY2023,Q2,Automotive,EMEA,6100,Salaries & Wages,Opex,-4.48,SAP-BPC
2023-06,FY2023,Q2,Automotive,EMEA,6200,Marketing,Opex,-1.68,SAP-BPC
2023-06,FY2023,Q2,Automotive,EMEA,6300,R&D,Opex,-2.24,SAP-BPC
2023-06,FY2023,Q2,Automotive,EMEA,6400,Travel,Opex,-0.56,SAP-BPC
2023-06,FY2023,Q2,Automotive,EMEA,6500,IT & Infrastructure,Opex,-1.344,SAP-BPC
2023-06,FY2023,Q2,Automotive,EMEA,6600,General & Admin,Opex,-0.896,SAP-BPC
2023-06,FY2023,Q2,Automotive,EMEA,7100,Depreciation,D&A,-2.8,SAP-BPC
2023-06,FY2023,Q2,Automotive,EMEA,8100,Interest Expense,Finance,-1.68,SAP-BPC
2023-06,FY2023,Q2,Automotive,EMEA,9100,Income Tax,Tax,-3.5,SAP-BPC
2023-06,FY2023,Q2,Automotive,Americas,4000,Product Revenue,Revenue,47.04,SAP-BPC
2023-06,FY2023,Q2,Automotive,Americas,4100,Service Revenue,Revenue,20.16,SAP-BPC
2023-06,FY2023,Q2,Automotive,Americas,5000,Cost of Goods Sold,COGS,-36.96,SAP-BPC
2023-06,FY2023,Q2,Automotive,Americas,6100,Salaries & Wages,Opex,-5.376,SAP-BPC
2023-06,FY2023,Q2,Automotive,Americas,6200,Marketing,Opex,-2.016,SAP-BPC
2023-06,FY2023,Q2,Automotive,Americas,6300,R&D,Opex,-2.688,SAP-BPC
2023-06,FY2023,Q2,Automotive,Americas,6400,Travel,Opex,-0.672,SAP-BPC
2023-06,FY2023,Q2,Automotive,Americas,6500,IT & Infrastructure,Opex,-1.613,SAP-BPC
2023-06,FY2023,Q2,Automotive,Americas,6600,General & Admin,Opex,-1.075,SAP-BPC
2023-06,FY2023,Q2,Automotive,Americas,7100,Depreciation,D&A,-3.36,SAP-BPC
2023-06,FY2023,Q2,Automotive,Americas,8100,Interest Expense,Finance,-2.016,SAP-BPC
2023-06,FY2023,Q2,Automotive,Americas,9100,Income Tax,Tax,-4.2,SAP-BPC
2023-06,FY2023,Q2,Healthcare,APAC,4000,Product Revenue,Revenue,17.64,SAP-BPC
2023-06,FY2023,Q2,Healthcare,APAC,4100,Service Revenue,Revenue,7.56,SAP-BPC
2023-06,FY2023,Q2,Healthcare,APAC,5000,Cost of Goods Sold,COGS,-13.86,SAP-BPC
2023-06,FY2023,Q2,Healthcare,APAC,6100,Salaries & Wages,Opex,-2.016,SAP-BPC
2023-06,FY2023,Q2,Healthcare,APAC,6200,Marketing,Opex,-0.756,SAP-BPC
2023-06,FY2023,Q2,Healthcare,APAC,6300,R&D,Opex,-1.008,SAP-BPC
2023-06,FY2023,Q2,Healthcare,APAC,6400,Travel,Opex,-0.252,SAP-BPC
2023-06,FY2023,Q2,Healthcare,APAC,6500,IT & Infrastructure,Opex,-0.605,SAP-BPC
2023-06,FY2023,Q2,Healthcare,APAC,6600,General & Admin,Opex,-0.403,SAP-BPC
2023-06,FY2023,Q2,Healthcare,APAC,7100,Depreciation,D&A,-1.26,SAP-BPC
2023-06,FY2023,Q2,Healthcare,APAC,8100,Interest Expense,Finance,-0.756,SAP-BPC
2023-06,FY2023,Q2,Healthcare,APAC,9100,Income Tax,Tax,-1.575,SAP-BPC
2023-06,FY2023,Q2,Healthcare,EMEA,4000,Product Revenue,Revenue,19.6,SAP-BPC
2023-06,FY2023,Q2,Healthcare,EMEA,4100,Service Revenue,Revenue,8.4,SAP-BPC
2023-06,FY2023,Q2,Healthcare,EMEA,5000,Cost of Goods Sold,COGS,-15.4,SAP-BPC
2023-06,FY2023,Q2,Healthcare,EMEA,6100,Salaries & Wages,Opex,-2.24,SAP-BPC
2023-06,FY2023,Q2,Healthcare,EMEA,6200,Marketing,Opex,-0.84,SAP-BPC
2023-06,FY2023,Q2,Healthcare,EMEA,6300,R&D,Opex,-1.12,SAP-BPC
2023-06,FY2023,Q2,Healthcare,EMEA,6400,Travel,Opex,-0.28,SAP-BPC
2023-06,FY2023,Q2,Healthcare,EMEA,6500,IT & Infrastructure,Opex,-0.672,SAP-BPC
2023-06,FY2023,Q2,Healthcare,EMEA,6600,General & Admin,Opex,-0.448,SAP-BPC
2023-06,FY2023,Q2,Healthcare,EMEA,7100,Depreciation,D&A,-1.4,SAP-BPC
2023-06,FY2023,Q2,Healthcare,EMEA,8100,Interest Expense,Finance,-0.84,SAP-BPC
2023-06,FY2023,Q2,Healthcare,EMEA,9100,Income Tax,Tax,-1.75,SAP-BPC
2023-06,FY2023,Q2,Healthcare,Americas,4000,Product Revenue,Revenue,23.52,SAP-BPC
2023-06,FY2023,Q2,Healthcare,Americas,4100,Service Revenue,Revenue,10.08,SAP-BPC
2023-06,FY2023,Q2,Healthcare,Americas,5000,Cost of Goods Sold,COGS,-18.48,SAP-BPC
2023-06,FY2023,Q2,Healthcare,Americas,6100,Salaries & Wages,Opex,-2.688,SAP-BPC
2023-06,FY2023,Q2,Healthcare,Americas,6200,Marketing,Opex,-1.008,SAP-BPC
2023-06,FY2023,Q2,Healthcare,Americas,6300,R&D,Opex,-1.344,SAP-BPC
2023-06,FY2023,Q2,Healthcare,Americas,6400,Travel,Opex,-0.336,SAP-BPC
2023-06,FY2023,Q2,Healthcare,Americas,6500,IT & Infrastructure,Opex,-0.806,SAP-BPC
2023-06,FY2023,Q2,Healthcare,Americas,6600,General & Admin,Opex,-0.538,SAP-BPC
2023-06,FY2023,Q2,Healthcare,Americas,7100,Depreciation,D&A,-1.68,SAP-BPC
2023-06,FY2023,Q2,Healthcare,Americas,8100,Interest Expense,Finance,-1.008,SAP-BPC
2023-06,FY2023,Q2,Healthcare,Americas,9100,Income Tax,Tax,-2.1,SAP-BPC
2023-07,FY2023,Q3,Electronics,APAC,4000,Product Revenue,Revenue,25.536,SAP-BPC
2023-07,FY2023,Q3,Electronics,APAC,4100,Service Revenue,Revenue,10.944,SAP-BPC
2023-07,FY2023,Q3,Electronics,APAC,5000,Cost of Goods Sold,COGS,-20.064,SAP-BPC
2023-07,FY2023,Q3,Electronics,APAC,6100,Salaries & Wages,Opex,-2.918,SAP-BPC
2023-07,FY2023,Q3,Electronics,APAC,6200,Marketing,Opex,-1.094,SAP-BPC
2023-07,FY2023,Q3,Electronics,APAC,6300,R&D,Opex,-1.459,SAP-BPC
2023-07,FY2023,Q3,Electronics,APAC,6400,Travel,Opex,-0.365,SAP-BPC
2023-07,FY2023,Q3,Electronics,APAC,6500,IT & Infrastructure,Opex,-0.876,SAP-BPC
2023-07,FY2023,Q3,Electronics,APAC,6600,General & Admin,Opex,-0.584,SAP-BPC
2023-07,FY2023,Q3,Electronics,APAC,7100,Depreciation,D&A,-1.824,SAP-BPC
2023-07,FY2023,Q3,Electronics,APAC,8100,Interest Expense,Finance,-1.094,SAP-BPC
2023-07,FY2023,Q3,Electronics,APAC,9100,Income Tax,Tax,-2.28,SAP-BPC
2023-07,FY2023,Q3,Electronics,EMEA,4000,Product Revenue,Revenue,28.373,SAP-BPC
2023-07,FY2023,Q3,Electronics,EMEA,4100,Service Revenue,Revenue,12.16,SAP-BPC
2023-07,FY2023,Q3,Electronics,EMEA,5000,Cost of Goods Sold,COGS,-22.293,SAP-BPC
2023-07,FY2023,Q3,Electronics,EMEA,6100,Salaries & Wages,Opex,-3.243,SAP-BPC
2023-07,FY2023,Q3,Electronics,EMEA,6200,Marketing,Opex,-1.216,SAP-BPC
2023-07,FY2023,Q3,Electronics,EMEA,6300,R&D,Opex,-1.621,SAP-BPC
2023-07,FY2023,Q3,Electronics,EMEA,6400,Travel,Opex,-0.405,SAP-BPC
2023-07,FY2023,Q3,Electronics,EMEA,6500,IT & Infrastructure,Opex,-0.973,SAP-BPC
2023-07,FY2023,Q3,Electronics,EMEA,6600,General & Admin,Opex,-0.649,SAP-BPC
2023-07,FY2023,Q3,Electronics,EMEA,7100,Depreciation,D&A,-2.027,SAP-BPC
2023-07,FY2023,Q3,Electronics,EMEA,8100,Interest Expense,Finance,-1.216,SAP-BPC
2023-07,FY2023,Q3,Electronics,EMEA,9100,Income Tax,Tax,-2.533,SAP-BPC
2023-07,FY2023,Q3,Electronics,Americas,4000,Product Revenue,Revenue,34.048,SAP-BPC
2023-07,FY2023,Q3,Electronics,Americas,4100,Service Revenue,Revenue,14.592,SAP-BPC
2023-07,FY2023,Q3,Electronics,Americas,5000,Cost of Goods Sold,COGS,-26.752,SAP-BPC
2023-07,FY2023,Q3,Electronics,Americas,6100,Salaries & Wages,Opex,-3.891,SAP-BPC
2023-07,FY2023,Q3,Electronics,Americas,6200,Marketing,Opex,-1.459,SAP-BPC
2023-07,FY2023,Q3,Electronics,Americas,6300,R&D,Opex,-1.946,SAP-BPC
2023-07,FY2023,Q3,Electronics,Americas,6400,Travel,Opex,-0.486,SAP-BPC
2023-07,FY2023,Q3,Electronics,Americas,6500,IT & Infrastructure,Opex,-1.167,SAP-BPC
2023-07,FY2023,Q3,Electronics,Americas,6600,General & Admin,Opex,-0.778,SAP-BPC
2023-07,FY2023,Q3,Electronics,Americas,7100,Depreciation,D&A,-2.432,SAP-BPC
2023-07,FY2023,Q3,Electronics,Americas,8100,Interest Expense,Finance,-1.459,SAP-BPC
2023-07,FY2023,Q3,Electronics,Americas,9100,Income Tax,Tax,-3.04,SAP-BPC
2023-07,FY2023,Q3,Automotive,APAC,4000,Product Revenue,Revenue,35.75,SAP-BPC
2023-07,FY2023,Q3,Automotive,APAC,4100,Service Revenue,Revenue,15.322,SAP-BPC
2023-07,FY2023,Q3,Automotive,APAC,5000,Cost of Goods Sold,COGS,-28.09,SAP-BPC
2023-07,FY2023,Q3,Automotive,APAC,6100,Salaries & Wages,Opex,-4.086,SAP-BPC
2023-07,FY2023,Q3,Automotive,APAC,6200,Marketing,Opex,-1.532,SAP-BPC
2023-07,FY2023,Q3,Automotive,APAC,6300,R&D,Opex,-2.043,SAP-BPC
2023-07,FY2023,Q3,Automotive,APAC,6400,Travel,Opex,-0.511,SAP-BPC
2023-07,FY2023,Q3,Automotive,APAC,6500,IT & Infrastructure,Opex,-1.226,SAP-BPC
2023-07,FY2023,Q3,Automotive,APAC,6600,General & Admin,Opex,-0.817,SAP-BPC
2023-07,FY2023,Q3,Automotive,APAC,7100,Depreciation,D&A,-2.554,SAP-BPC
2023-07,FY2023,Q3,Automotive,APAC,8100,Interest Expense,Finance,-1.532,SAP-BPC
2023-07,FY2023,Q3,Automotive,APAC,9100,Income Tax,Tax,-3.192,SAP-BPC
2023-07,FY2023,Q3,Automotive,EMEA,4000,Product Revenue,Revenue,39.723,SAP-BPC
2023-07,FY2023,Q3,Automotive,EMEA,4100,Service Revenue,Revenue,17.024,SAP-BPC
2023-07,FY2023,Q3,Automotive,EMEA,5000,Cost of Goods Sold,COGS,-31.211,SAP-BPC
2023-07,FY2023,Q3,Automotive,EMEA,6100,Salaries & Wages,Opex,-4.54,SAP-BPC
2023-07,FY2023,Q3,Automotive,EMEA,6200,Marketing,Opex,-1.702,SAP-BPC
2023-07,FY2023,Q3,Automotive,EMEA,6300,R&D,Opex,-2.27,SAP-BPC
2023-07,FY2023,Q3,Automotive,EMEA,6400,Travel,Opex,-0.567,SAP-BPC
2023-07,FY2023,Q3,Automotive,EMEA,6500,IT & Infrastructure,Opex,-1.362,SAP-BPC
2023-07,FY2023,Q3,Automotive,EMEA,6600,General & Admin,Opex,-0.908,SAP-BPC
2023-07,FY2023,Q3,Automotive,EMEA,7100,Depreciation,D&A,-2.837,SAP-BPC
2023-07,FY2023,Q3,Automotive,EMEA,8100,Interest Expense,Finance,-1.702,SAP-BPC
2023-07,FY2023,Q3,Automotive,EMEA,9100,Income Tax,Tax,-3.547,SAP-BPC
2023-07,FY2023,Q3,Automotive,Americas,4000,Product Revenue,Revenue,47.667,SAP-BPC
2023-07,FY2023,Q3,Automotive,Americas,4100,Service Revenue,Revenue,20.429,SAP-BPC
2023-07,FY2023,Q3,Automotive,Americas,5000,Cost of Goods Sold,COGS,-37.453,SAP-BPC
2023-07,FY2023,Q3,Automotive,Americas,6100,Salaries & Wages,Opex,-5.448,SAP-BPC
2023-07,FY2023,Q3,Automotive,Americas,6200,Marketing,Opex,-2.043,SAP-BPC
2023-07,FY2023,Q3,Automotive,Americas,6300,R&D,Opex,-2.724,SAP-BPC
2023-07,FY2023,Q3,Automotive,Americas,6400,Travel,Opex,-0.681,SAP-BPC
2023-07,FY2023,Q3,Automotive,Americas,6500,IT & Infrastructure,Opex,-1.634,SAP-BPC
2023-07,FY2023,Q3,Automotive,Americas,6600,General & Admin,Opex,-1.09,SAP-BPC
2023-07,FY2023,Q3,Automotive,Americas,7100,Depreciation,D&A,-3.405,SAP-BPC
2023-07,FY2023,Q3,Automotive,Americas,8100,Interest Expense,Finance,-2.043,SAP-BPC
2023-07,FY2023,Q3,Automotive,Americas,9100,Income Tax,Tax,-4.256,SAP-BPC
2023-07,FY2023,Q3,Healthcare,APAC,4000,Product Revenue,Revenue,17.875,SAP-BPC
2023-07,FY2023,Q3,Healthcare,APAC,4100,Service Revenue,Revenue,7.661,SAP-BPC
2023-07,FY2023,Q3,Healthcare,APAC,5000,Cost of Goods Sold,COGS,-14.045,SAP-BPC
2023-07,FY2023,Q3,Healthcare,APAC,6100,Salaries & Wages,Opex,-2.043,SAP-BPC
2023-07,FY2023,Q3,Healthcare,APAC,6200,Marketing,Opex,-0.766,SAP-BPC
2023-07,FY2023,Q3,Healthcare,APAC,6300,R&D,Opex,-1.021,SAP-BPC
2023-07,FY2023,Q3,Healthcare,APAC,6400,Travel,Opex,-0.255,SAP-BPC
2023-07,FY2023,Q3,Healthcare,APAC,6500,IT & Infrastructure,Opex,-0.613,SAP-BPC
2023-07,FY2023,Q3,Healthcare,APAC,6600,General & Admin,Opex,-0.409,SAP-BPC
2023-07,FY2023,Q3,Healthcare,APAC,7100,Depreciation,D&A,-1.277,SAP-BPC
2023-07,FY2023,Q3,Healthcare,APAC,8100,Interest Expense,Finance,-0.766,SAP-BPC
2023-07,FY2023,Q3,Healthcare,APAC,9100,Income Tax,Tax,-1.596,SAP-BPC
2023-07,FY2023,Q3,Healthcare,EMEA,4000,Product Revenue,Revenue,19.861,SAP-BPC
2023-07,FY2023,Q3,Healthcare,EMEA,4100,Service Revenue,Revenue,8.512,SAP-BPC
2023-07,FY2023,Q3,Healthcare,EMEA,5000,Cost of Goods Sold,COGS,-15.605,SAP-BPC
2023-07,FY2023,Q3,Healthcare,EMEA,6100,Salaries & Wages,Opex,-2.27,SAP-BPC
2023-07,FY2023,Q3,Healthcare,EMEA,6200,Marketing,Opex,-0.851,SAP-BPC
2023-07,FY2023,Q3,Healthcare,EMEA,6300,R&D,Opex,-1.135,SAP-BPC
2023-07,FY2023,Q3,Healthcare,EMEA,6400,Travel,Opex,-0.284,SAP-BPC
2023-07,FY2023,Q3,Healthcare,EMEA,6500,IT & Infrastructure,Opex,-0.681,SAP-BPC
2023-07,FY2023,Q3,Healthcare,EMEA,6600,General & Admin,Opex,-0.454,SAP-BPC
2023-07,FY2023,Q3,Healthcare,EMEA,7100,Depreciation,D&A,-1.419,SAP-BPC
2023-07,FY2023,Q3,Healthcare,EMEA,8100,Interest Expense,Finance,-0.851,SAP-BPC
2023-07,FY2023,Q3,Healthcare,EMEA,9100,Income Tax,Tax,-1.773,SAP-BPC
2023-07,FY2023,Q3,Healthcare,Americas,4000,Product Revenue,Revenue,23.834,SAP-BPC
2023-07,FY2023,Q3,Healthcare,Americas,4100,Service Revenue,Revenue,10.214,SAP-BPC
2023-07,FY2023,Q3,Healthcare,Americas,5000,Cost of Goods Sold,COGS,-18.726,SAP-BPC
2023-07,FY2023,Q3,Healthcare,Americas,6100,Salaries & Wages,Opex,-2.724,SAP-BPC
2023-07,FY2023,Q3,Healthcare,Americas,6200,Marketing,Opex,-1.021,SAP-BPC
2023-07,FY2023,Q3,Healthcare,Americas,6300,R&D,Opex,-1.362,SAP-BPC
2023-07,FY2023,Q3,Healthcare,Americas,6400,Travel,Opex,-0.34,SAP-BPC
2023-07,FY2023,Q3,Healthcare,Americas,6500,IT & Infrastructure,Opex,-0.817,SAP-BPC
2023-07,FY2023,Q3,Healthcare,Americas,6600,General & Admin,Opex,-0.545,SAP-BPC
2023-07,FY2023,Q3,Healthcare,Americas,7100,Depreciation,D&A,-1.702,SAP-BPC
2023-07,FY2023,Q3,Healthcare,Americas,8100,Interest Expense,Finance,-1.021,SAP-BPC
2023-07,FY2023,Q3,Healthcare,Americas,9100,Income Tax,Tax,-2.128,SAP-BPC
2023-08,FY2023,Q3,Electronics,APAC,4000,Product Revenue,Revenue,25.872,SAP-BPC
2023-08,FY2023,Q3,Electronics,APAC,4100,Service Revenue,Revenue,11.088,SAP-BPC
2023-08,FY2023,Q3,Electronics,APAC,5000,Cost of Goods Sold,COGS,-20.328,SAP-BPC
2023-08,FY2023,Q3,Electronics,APAC,6100,Salaries & Wages,Opex,-2.957,SAP-BPC
2023-08,FY2023,Q3,Electronics,APAC,6200,Marketing,Opex,-1.109,SAP-BPC
2023-08,FY2023,Q3,Electronics,APAC,6300,R&D,Opex,-1.478,SAP-BPC
2023-08,FY2023,Q3,Electronics,APAC,6400,Travel,Opex,-0.37,SAP-BPC
2023-08,FY2023,Q3,Electronics,APAC,6500,IT & Infrastructure,Opex,-0.887,SAP-BPC
2023-08,FY2023,Q3,Electronics,APAC,6600,General & Admin,Opex,-0.591,SAP-BPC
2023-08,FY2023,Q3,Electronics,APAC,7100,Depreciation,D&A,-1.848,SAP-BPC
2023-08,FY2023,Q3,Electronics,APAC,8100,Interest Expense,Finance,-1.109,SAP-BPC
2023-08,FY2023,Q3,Electronics,APAC,9100,Income Tax,Tax,-2.31,SAP-BPC
2023-08,FY2023,Q3,Electronics,EMEA,4000,Product Revenue,Revenue,28.747,SAP-BPC
2023-08,FY2023,Q3,Electronics,EMEA,4100,Service Revenue,Revenue,12.32,SAP-BPC
2023-08,FY2023,Q3,Electronics,EMEA,5000,Cost of Goods Sold,COGS,-22.587,SAP-BPC
2023-08,FY2023,Q3,Electronics,EMEA,6100,Salaries & Wages,Opex,-3.285,SAP-BPC
2023-08,FY2023,Q3,Electronics,EMEA,6200,Marketing,Opex,-1.232,SAP-BPC
2023-08,FY2023,Q3,Electronics,EMEA,6300,R&D,Opex,-1.643,SAP-BPC
2023-08,FY2023,Q3,Electronics,EMEA,6400,Travel,Opex,-0.411,SAP-BPC
2023-08,FY2023,Q3,Electronics,EMEA,6500,IT & Infrastructure,Opex,-0.986,SAP-BPC
2023-08,FY2023,Q3,Electronics,EMEA,6600,General & Admin,Opex,-0.657,SAP-BPC
2023-08,FY2023,Q3,Electronics,EMEA,7100,Depreciation,D&A,-2.053,SAP-BPC
2023-08,FY2023,Q3,Electronics,EMEA,8100,Interest Expense,Finance,-1.232,SAP-BPC
2023-08,FY2023,Q3,Electronics,EMEA,9100,Income Tax,Tax,-2.567,SAP-BPC
2023-08,FY2023,Q3,Electronics,Americas,4000,Product Revenue,Revenue,34.496,SAP-BPC
2023-08,FY2023,Q3,Electronics,Americas,4100,Service Revenue,Revenue,14.784,SAP-BPC
2023-08,FY2023,Q3,Electronics,Americas,5000,Cost of Goods Sold,COGS,-27.104,SAP-BPC
2023-08,FY2023,Q3,Electronics,Americas,6100,Salaries & Wages,Opex,-3.942,SAP-BPC
2023-08,FY2023,Q3,Electronics,Americas,6200,Marketing,Opex,-1.478,SAP-BPC
2023-08,FY2023,Q3,Electronics,Americas,6300,R&D,Opex,-1.971,SAP-BPC
2023-08,FY2023,Q3,Electronics,Americas,6400,Travel,Opex,-0.493,SAP-BPC
2023-08,FY2023,Q3,Electronics,Americas,6500,IT & Infrastructure,Opex,-1.183,SAP-BPC
2023-08,FY2023,Q3,Electronics,Americas,6600,General & Admin,Opex,-0.788,SAP-BPC
2023-08,FY2023,Q3,Electronics,Americas,7100,Depreciation,D&A,-2.464,SAP-BPC
2023-08,FY2023,Q3,Electronics,Americas,8100,Interest Expense,Finance,-1.478,SAP-BPC
2023-08,FY2023,Q3,Electronics,Americas,9100,Income Tax,Tax,-3.08,SAP-BPC
2023-08,FY2023,Q3,Automotive,APAC,4000,Product Revenue,Revenue,36.221,SAP-BPC
2023-08,FY2023,Q3,Automotive,APAC,4100,Service Revenue,Revenue,15.523,SAP-BPC
2023-08,FY2023,Q3,Automotive,APAC,5000,Cost of Goods Sold,COGS,-28.459,SAP-BPC
2023-08,FY2023,Q3,Automotive,APAC,6100,Salaries & Wages,Opex,-4.14,SAP-BPC
2023-08,FY2023,Q3,Automotive,APAC,6200,Marketing,Opex,-1.552,SAP-BPC
2023-08,FY2023,Q3,Automotive,APAC,6300,R&D,Opex,-2.07,SAP-BPC
2023-08,FY2023,Q3,Automotive,APAC,6400,Travel,Opex,-0.517,SAP-BPC
2023-08,FY2023,Q3,Automotive,APAC,6500,IT & Infrastructure,Opex,-1.242,SAP-BPC
2023-08,FY2023,Q3,Automotive,APAC,6600,General & Admin,Opex,-0.828,SAP-BPC
2023-08,FY2023,Q3,Automotive,APAC,7100,Depreciation,D&A,-2.587,SAP-BPC
2023-08,FY2023,Q3,Automotive,APAC,8100,Interest Expense,Finance,-1.552,SAP-BPC
2023-08,FY2023,Q3,Automotive,APAC,9100,Income Tax,Tax,-3.234,SAP-BPC
2023-08,FY2023,Q3,Automotive,EMEA,4000,Product Revenue,Revenue,40.245,SAP-BPC
2023-08,FY2023,Q3,Automotive,EMEA,4100,Service Revenue,Revenue,17.248,SAP-BPC
2023-08,FY2023,Q3,Automotive,EMEA,5000,Cost of Goods Sold,COGS,-31.621,SAP-BPC
2023-08,FY2023,Q3,Automotive,EMEA,6100,Salaries & Wages,Opex,-4.599,SAP-BPC
2023-08,FY2023,Q3,Automotive,EMEA,6200,Marketing,Opex,-1.725,SAP-BPC
2023-08,FY2023,Q3,Automotive,EMEA,6300,R&D,Opex,-2.3,SAP-BPC
2023-08,FY2023,Q3,Automotive,EMEA,6400,Travel,Opex,-0.575,SAP-BPC
2023-08,FY2023,Q3,Automotive,EMEA,6500,IT & Infrastructure,Opex,-1.38,SAP-BPC
2023-08,FY2023,Q3,Automotive,EMEA,6600,General & Admin,Opex,-0.92,SAP-BPC
2023-08,FY2023,Q3,Automotive,EMEA,7100,Depreciation,D&A,-2.875,SAP-BPC
2023-08,FY2023,Q3,Automotive,EMEA,8100,Interest Expense,Finance,-1.725,SAP-BPC
2023-08,FY2023,Q3,Automotive,EMEA,9100,Income Tax,Tax,-3.593,SAP-BPC
2023-08,FY2023,Q3,Automotive,Americas,4000,Product Revenue,Revenue,48.294,SAP-BPC
2023-08,FY2023,Q3,Automotive,Americas,4100,Service Revenue,Revenue,20.698,SAP-BPC
2023-08,FY2023,Q3,Automotive,Americas,5000,Cost of Goods Sold,COGS,-37.946,SAP-BPC
2023-08,FY2023,Q3,Automotive,Americas,6100,Salaries & Wages,Opex,-5.519,SAP-BPC
2023-08,FY2023,Q3,Automotive,Americas,6200,Marketing,Opex,-2.07,SAP-BPC
2023-08,FY2023,Q3,Automotive,Americas,6300,R&D,Opex,-2.76,SAP-BPC
2023-08,FY2023,Q3,Automotive,Americas,6400,Travel,Opex,-0.69,SAP-BPC
2023-08,FY2023,Q3,Automotive,Americas,6500,IT & Infrastructure,Opex,-1.656,SAP-BPC
2023-08,FY2023,Q3,Automotive,Americas,6600,General & Admin,Opex,-1.104,SAP-BPC
2023-08,FY2023,Q3,Automotive,Americas,7100,Depreciation,D&A,-3.45,SAP-BPC
2023-08,FY2023,Q3,Automotive,Americas,8100,Interest Expense,Finance,-2.07,SAP-BPC
2023-08,FY2023,Q3,Automotive,Americas,9100,Income Tax,Tax,-4.312,SAP-BPC
2023-08,FY2023,Q3,Healthcare,APAC,4000,Product Revenue,Revenue,18.11,SAP-BPC
2023-08,FY2023,Q3,Healthcare,APAC,4100,Service Revenue,Revenue,7.762,SAP-BPC
2023-08,FY2023,Q3,Healthcare,APAC,5000,Cost of Goods Sold,COGS,-14.23,SAP-BPC
2023-08,FY2023,Q3,Healthcare,APAC,6100,Salaries & Wages,Opex,-2.07,SAP-BPC
2023-08,FY2023,Q3,Healthcare,APAC,6200,Marketing,Opex,-0.776,SAP-BPC
2023-08,FY2023,Q3,Healthcare,APAC,6300,R&D,Opex,-1.035,SAP-BPC
2023-08,FY2023,Q3,Healthcare,APAC,6400,Travel,Opex,-0.259,SAP-BPC
2023-08,FY2023,Q3,Healthcare,APAC,6500,IT & Infrastructure,Opex,-0.621,SAP-BPC
2023-08,FY2023,Q3,Healthcare,APAC,6600,General & Admin,Opex,-0.414,SAP-BPC
2023-08,FY2023,Q3,Healthcare,APAC,7100,Depreciation,D&A,-1.294,SAP-BPC
2023-08,FY2023,Q3,Healthcare,APAC,8100,Interest Expense,Finance,-0.776,SAP-BPC
2023-08,FY2023,Q3,Healthcare,APAC,9100,Income Tax,Tax,-1.617,SAP-BPC
2023-08,FY2023,Q3,Healthcare,EMEA,4000,Product Revenue,Revenue,20.123,SAP-BPC
2023-08,FY2023,Q3,Healthcare,EMEA,4100,Service Revenue,Revenue,8.624,SAP-BPC
2023-08,FY2023,Q3,Healthcare,EMEA,5000,Cost of Goods Sold,COGS,-15.811,SAP-BPC
2023-08,FY2023,Q3,Healthcare,EMEA,6100,Salaries & Wages,Opex,-2.3,SAP-BPC
2023-08,FY2023,Q3,Healthcare,EMEA,6200,Marketing,Opex,-0.862,SAP-BPC
2023-08,FY2023,Q3,Healthcare,EMEA,6300,R&D,Opex,-1.15,SAP-BPC
2023-08,FY2023,Q3,Healthcare,EMEA,6400,Travel,Opex,-0.287,SAP-BPC
2023-08,FY2023,Q3,Healthcare,EMEA,6500,IT & Infrastructure,Opex,-0.69,SAP-BPC
2023-08,FY2023,Q3,Healthcare,EMEA,6600,General & Admin,Opex,-0.46,SAP-BPC
2023-08,FY2023,Q3,Healthcare,EMEA,7100,Depreciation,D&A,-1.437,SAP-BPC
2023-08,FY2023,Q3,Healthcare,EMEA,8100,Interest Expense,Finance,-0.862,SAP-BPC
2023-08,FY2023,Q3,Healthcare,EMEA,9100,Income Tax,Tax,-1.797,SAP-BPC
2023-08,FY2023,Q3,Healthcare,Americas,4000,Product Revenue,Revenue,24.147,SAP-BPC
2023-08,FY2023,Q3,Healthcare,Americas,4100,Service Revenue,Revenue,10.349,SAP-BPC
2023-08,FY2023,Q3,Healthcare,Americas,5000,Cost of Goods Sold,COGS,-18.973,SAP-BPC
2023-08,FY2023,Q3,Healthcare,Americas,6100,Salaries & Wages,Opex,-2.76,SAP-BPC
2023-08,FY2023,Q3,Healthcare,Americas,6200,Marketing,Opex,-1.035,SAP-BPC
2023-08,FY2023,Q3,Healthcare,Americas,6300,R&D,Opex,-1.38,SAP-BPC
2023-08,FY2023,Q3,Healthcare,Americas,6400,Travel,Opex,-0.345,SAP-BPC
2023-08,FY2023,Q3,Healthcare,Americas,6500,IT & Infrastructure,Opex,-0.828,SAP-BPC
2023-08,FY2023,Q3,Healthcare,Americas,6600,General & Admin,Opex,-0.552,SAP-BPC
2023-08,FY2023,Q3,Healthcare,Americas,7100,Depreciation,D&A,-1.725,SAP-BPC
2023-08,FY2023,Q3,Healthcare,Americas,8100,Interest Expense,Finance,-1.035,SAP-BPC
2023-08,FY2023,Q3,Healthcare,Americas,9100,Income Tax,Tax,-2.156,SAP-BPC
2023-09,FY2023,Q3,Electronics,APAC,4000,Product Revenue,Revenue,26.208,SAP-BPC
2023-09,FY2023,Q3,Electronics,APAC,4100,Service Revenue,Revenue,11.232,SAP-BPC
2023-09,FY2023,Q3,Electronics,APAC,5000,Cost of Goods Sold,COGS,-20.592,SAP-BPC
2023-09,FY2023,Q3,Electronics,APAC,6100,Salaries & Wages,Opex,-2.995,SAP-BPC
2023-09,FY2023,Q3,Electronics,APAC,6200,Marketing,Opex,-1.123,SAP-BPC
2023-09,FY2023,Q3,Electronics,APAC,6300,R&D,Opex,-1.498,SAP-BPC
2023-09,FY2023,Q3,Electronics,APAC,6400,Travel,Opex,-0.374,SAP-BPC
2023-09,FY2023,Q3,Electronics,APAC,6500,IT & Infrastructure,Opex,-0.899,SAP-BPC
2023-09,FY2023,Q3,Electronics,APAC,6600,General & Admin,Opex,-0.599,SAP-BPC
2023-09,FY2023,Q3,Electronics,APAC,7100,Depreciation,D&A,-1.872,SAP-BPC
2023-09,FY2023,Q3,Electronics,APAC,8100,Interest Expense,Finance,-1.123,SAP-BPC
2023-09,FY2023,Q3,Electronics,APAC,9100,Income Tax,Tax,-2.34,SAP-BPC
2023-09,FY2023,Q3,Electronics,EMEA,4000,Product Revenue,Revenue,29.12,SAP-BPC
2023-09,FY2023,Q3,Electronics,EMEA,4100,Service Revenue,Revenue,12.48,SAP-BPC
2023-09,FY2023,Q3,Electronics,EMEA,5000,Cost of Goods Sold,COGS,-22.88,SAP-BPC
2023-09,FY2023,Q3,Electronics,EMEA,6100,Salaries & Wages,Opex,-3.328,SAP-BPC
2023-09,FY2023,Q3,Electronics,EMEA,6200,Marketing,Opex,-1.248,SAP-BPC
2023-09,FY2023,Q3,Electronics,EMEA,6300,R&D,Opex,-1.664,SAP-BPC
2023-09,FY2023,Q3,Electronics,EMEA,6400,Travel,Opex,-0.416,SAP-BPC
2023-09,FY2023,Q3,Electronics,EMEA,6500,IT & Infrastructure,Opex,-0.998,SAP-BPC
2023-09,FY2023,Q3,Electronics,EMEA,6600,General & Admin,Opex,-0.666,SAP-BPC
2023-09,FY2023,Q3,Electronics,EMEA,7100,Depreciation,D&A,-2.08,SAP-BPC
2023-09,FY2023,Q3,Electronics,EMEA,8100,Interest Expense,Finance,-1.248,SAP-BPC
2023-09,FY2023,Q3,Electronics,EMEA,9100,Income Tax,Tax,-2.6,SAP-BPC
2023-09,FY2023,Q3,Electronics,Americas,4000,Product Revenue,Revenue,34.944,SAP-BPC
2023-09,FY2023,Q3,Electronics,Americas,4100,Service Revenue,Revenue,14.976,SAP-BPC
2023-09,FY2023,Q3,Electronics,Americas,5000,Cost of Goods Sold,COGS,-27.456,SAP-BPC
2023-09,FY2023,Q3,Electronics,Americas,6100,Salaries & Wages,Opex,-3.994,SAP-BPC
2023-09,FY2023,Q3,Electronics,Americas,6200,Marketing,Opex,-1.498,SAP-BPC
2023-09,FY2023,Q3,Electronics,Americas,6300,R&D,Opex,-1.997,SAP-BPC
2023-09,FY2023,Q3,Electronics,Americas,6400,Travel,Opex,-0.499,SAP-BPC
2023-09,FY2023,Q3,Electronics,Americas,6500,IT & Infrastructure,Opex,-1.198,SAP-BPC
2023-09,FY2023,Q3,Electronics,Americas,6600,General & Admin,Opex,-0.799,SAP-BPC
2023-09,FY2023,Q3,Electronics,Americas,7100,Depreciation,D&A,-2.496,SAP-BPC
2023-09,FY2023,Q3,Electronics,Americas,8100,Interest Expense,Finance,-1.498,SAP-BPC
2023-09,FY2023,Q3,Electronics,Americas,9100,Income Tax,Tax,-3.12,SAP-BPC
2023-09,FY2023,Q3,Automotive,APAC,4000,Product Revenue,Revenue,36.691,SAP-BPC
2023-09,FY2023,Q3,Automotive,APAC,4100,Service Revenue,Revenue,15.725,SAP-BPC
2023-09,FY2023,Q3,Automotive,APAC,5000,Cost of Goods Sold,COGS,-28.829,SAP-BPC
2023-09,FY2023,Q3,Automotive,APAC,6100,Salaries & Wages,Opex,-4.193,SAP-BPC
2023-09,FY2023,Q3,Automotive,APAC,6200,Marketing,Opex,-1.572,SAP-BPC
2023-09,FY2023,Q3,Automotive,APAC,6300,R&D,Opex,-2.097,SAP-BPC
2023-09,FY2023,Q3,Automotive,APAC,6400,Travel,Opex,-0.524,SAP-BPC
2023-09,FY2023,Q3,Automotive,APAC,6500,IT & Infrastructure,Opex,-1.258,SAP-BPC
2023-09,FY2023,Q3,Automotive,APAC,6600,General & Admin,Opex,-0.839,SAP-BPC
2023-09,FY2023,Q3,Automotive,APAC,7100,Depreciation,D&A,-2.621,SAP-BPC
2023-09,FY2023,Q3,Automotive,APAC,8100,Interest Expense,Finance,-1.572,SAP-BPC
2023-09,FY2023,Q3,Automotive,APAC,9100,Income Tax,Tax,-3.276,SAP-BPC
2023-09,FY2023,Q3,Automotive,EMEA,4000,Product Revenue,Revenue,40.768,SAP-BPC
2023-09,FY2023,Q3,Automotive,EMEA,4100,Service Revenue,Revenue,17.472,SAP-BPC
2023-09,FY2023,Q3,Automotive,EMEA,5000,Cost of Goods Sold,COGS,-32.032,SAP-BPC
2023-09,FY2023,Q3,Automotive,EMEA,6100,Salaries & Wages,Opex,-4.659,SAP-BPC
2023-09,FY2023,Q3,Automotive,EMEA,6200,Marketing,Opex,-1.747,SAP-BPC
2023-09,FY2023,Q3,Automotive,EMEA,6300,R&D,Opex,-2.33,SAP-BPC
2023-09,FY2023,Q3,Automotive,EMEA,6400,Travel,Opex,-0.582,SAP-BPC
2023-09,FY2023,Q3,Automotive,EMEA,6500,IT & Infrastructure,Opex,-1.398,SAP-BPC
2023-09,FY2023,Q3,Automotive,EMEA,6600,General & Admin,Opex,-0.932,SAP-BPC
2023-09,FY2023,Q3,Automotive,EMEA,7100,Depreciation,D&A,-2.912,SAP-BPC
2023-09,FY2023,Q3,Automotive,EMEA,8100,Interest Expense,Finance,-1.747,SAP-BPC
2023-09,FY2023,Q3,Automotive,EMEA,9100,Income Tax,Tax,-3.64,SAP-BPC
2023-09,FY2023,Q3,Automotive,Americas,4000,Product Revenue,Revenue,48.922,SAP-BPC
2023-09,FY2023,Q3,Automotive,Americas,4100,Service Revenue,Revenue,20.966,SAP-BPC
2023-09,FY2023,Q3,Automotive,Americas,5000,Cost of Goods Sold,COGS,-38.438,SAP-BPC
2023-09,FY2023,Q3,Automotive,Americas,6100,Salaries & Wages,Opex,-5.591,SAP-BPC
2023-09,FY2023,Q3,Automotive,Americas,6200,Marketing,Opex,-2.097,SAP-BPC
2023-09,FY2023,Q3,Automotive,Americas,6300,R&D,Opex,-2.796,SAP-BPC
2023-09,FY2023,Q3,Automotive,Americas,6400,Travel,Opex,-0.699,SAP-BPC
2023-09,FY2023,Q3,Automotive,Americas,6500,IT & Infrastructure,Opex,-1.677,SAP-BPC
2023-09,FY2023,Q3,Automotive,Americas,6600,General & Admin,Opex,-1.118,SAP-BPC
2023-09,FY2023,Q3,Automotive,Americas,7100,Depreciation,D&A,-3.494,SAP-BPC
2023-09,FY2023,Q3,Automotive,Americas,8100,Interest Expense,Finance,-2.097,SAP-BPC
2023-09,FY2023,Q3,Automotive,Americas,9100,Income Tax,Tax,-4.368,SAP-BPC
2023-09,FY2023,Q3,Healthcare,APAC,4000,Product Revenue,Revenue,18.346,SAP-BPC
2023-09,FY2023,Q3,Healthcare,APAC,4100,Service Revenue,Revenue,7.862,SAP-BPC
2023-09,FY2023,Q3,Healthcare,APAC,5000,Cost of Goods Sold,COGS,-14.414,SAP-BPC
2023-09,FY2023,Q3,Healthcare,APAC,6100,Salaries & Wages,Opex,-2.097,SAP-BPC
2023-09,FY2023,Q3,Healthcare,APAC,6200,Marketing,Opex,-0.786,SAP-BPC
2023-09,FY2023,Q3,Healthcare,APAC,6300,R&D,Opex,-1.048,SAP-BPC
2023-09,FY2023,Q3,Healthcare,APAC,6400,Travel,Opex,-0.262,SAP-BPC
2023-09,FY2023,Q3,Healthcare,APAC,6500,IT & Infrastructure,Opex,-0.629,SAP-BPC
2023-09,FY2023,Q3,Healthcare,APAC,6600,General & Admin,Opex,-0.419,SAP-BPC
2023-09,FY2023,Q3,Healthcare,APAC,7100,Depreciation,D&A,-1.31,SAP-BPC
2023-09,FY2023,Q3,Healthcare,APAC,8100,Interest Expense,Finance,-0.786,SAP-BPC
2023-09,FY2023,Q3,Healthcare,APAC,9100,Income Tax,Tax,-1.638,SAP-BPC
2023-09,FY2023,Q3,Healthcare,EMEA,4000,Product Revenue,Revenue,20.384,SAP-BPC
2023-09,FY2023,Q3,Healthcare,EMEA,4100,Service Revenue,Revenue,8.736,SAP-BPC
2023-09,FY2023,Q3,Healthcare,EMEA,5000,Cost of Goods Sold,COGS,-16.016,SAP-BPC
2023-09,FY2023,Q3,Healthcare,EMEA,6100,Salaries & Wages,Opex,-2.33,SAP-BPC
2023-09,FY2023,Q3,Healthcare,EMEA,6200,Marketing,Opex,-0.874,SAP-BPC
2023-09,FY2023,Q3,Healthcare,EMEA,6300,R&D,Opex,-1.165,SAP-BPC
2023-09,FY2023,Q3,Healthcare,EMEA,6400,Travel,Opex,-0.291,SAP-BPC
2023-09,FY2023,Q3,Healthcare,EMEA,6500,IT & Infrastructure,Opex,-0.699,SAP-BPC
2023-09,FY2023,Q3,Healthcare,EMEA,6600,General & Admin,Opex,-0.466,SAP-BPC
2023-09,FY2023,Q3,Healthcare,EMEA,7100,Depreciation,D&A,-1.456,SAP-BPC
2023-09,FY2023,Q3,Healthcare,EMEA,8100,Interest Expense,Finance,-0.874,SAP-BPC
2023-09,FY2023,Q3,Healthcare,EMEA,9100,Income Tax,Tax,-1.82,SAP-BPC
2023-09,FY2023,Q3,Healthcare,Americas,4000,Product Revenue,Revenue,24.461,SAP-BPC
2023-09,FY2023,Q3,Healthcare,Americas,4100,Service Revenue,Revenue,10.483,SAP-BPC
2023-09,FY2023,Q3,Healthcare,Americas,5000,Cost of Goods Sold,COGS,-19.219,SAP-BPC
2023-09,FY2023,Q3,Healthcare,Americas,6100,Salaries & Wages,Opex,-2.796,SAP-BPC
2023-09,FY2023,Q3,Healthcare,Americas,6200,Marketing,Opex,-1.048,SAP-BPC
2023-09,FY2023,Q3,Healthcare,Americas,6300,R&D,Opex,-1.398,SAP-BPC
2023-09,FY2023,Q3,Healthcare,Americas,6400,Travel,Opex,-0.349,SAP-BPC
2023-09,FY2023,Q3,Healthcare,Americas,6500,IT & Infrastructure,Opex,-0.839,SAP-BPC
2023-09,FY2023,Q3,Healthcare,Americas,6600,General & Admin,Opex,-0.559,SAP-BPC
2023-09,FY2023,Q3,Healthcare,Americas,7100,Depreciation,D&A,-1.747,SAP-BPC
2023-09,FY2023,Q3,Healthcare,Americas,8100,Interest Expense,Finance,-1.048,SAP-BPC
2023-09,FY2023,Q3,Healthcare,Americas,9100,Income Tax,Tax,-2.184,SAP-BPC
2023-10,FY2023,Q4,Electronics,APAC,4000,Product Revenue,Revenue,26.544,SAP-BPC
2023-10,FY2023,Q4,Electronics,APAC,4100,Service Revenue,Revenue,11.376,SAP-BPC
2023-10,FY2023,Q4,Electronics,APAC,5000,Cost of Goods Sold,COGS,-20.856,SAP-BPC
2023-10,FY2023,Q4,Electronics,APAC,6100,Salaries & Wages,Opex,-3.034,SAP-BPC
2023-10,FY2023,Q4,Electronics,APAC,6200,Marketing,Opex,-1.138,SAP-BPC
2023-10,FY2023,Q4,Electronics,APAC,6300,R&D,Opex,-1.517,SAP-BPC
2023-10,FY2023,Q4,Electronics,APAC,6400,Travel,Opex,-0.379,SAP-BPC
2023-10,FY2023,Q4,Electronics,APAC,6500,IT & Infrastructure,Opex,-0.91,SAP-BPC
2023-10,FY2023,Q4,Electronics,APAC,6600,General & Admin,Opex,-0.607,SAP-BPC
2023-10,FY2023,Q4,Electronics,APAC,7100,Depreciation,D&A,-1.896,SAP-BPC
2023-10,FY2023,Q4,Electronics,APAC,8100,Interest Expense,Finance,-1.138,SAP-BPC
2023-10,FY2023,Q4,Electronics,APAC,9100,Income Tax,Tax,-2.37,SAP-BPC
2023-10,FY2023,Q4,Electronics,EMEA,4000,Product Revenue,Revenue,29.493,SAP-BPC
2023-10,FY2023,Q4,Electronics,EMEA,4100,Service Revenue,Revenue,12.64,SAP-BPC
2023-10,FY2023,Q4,Electronics,EMEA,5000,Cost of Goods Sold,COGS,-23.173,SAP-BPC
2023-10,FY2023,Q4,Electronics,EMEA,6100,Salaries & Wages,Opex,-3.371,SAP-BPC
2023-10,FY2023,Q4,Electronics,EMEA,6200,Marketing,Opex,-1.264,SAP-BPC
2023-10,FY2023,Q4,Electronics,EMEA,6300,R&D,Opex,-1.685,SAP-BPC
2023-10,FY2023,Q4,Electronics,EMEA,6400,Travel,Opex,-0.421,SAP-BPC
2023-10,FY2023,Q4,Electronics,EMEA,6500,IT & Infrastructure,Opex,-1.011,SAP-BPC
2023-10,FY2023,Q4,Electronics,EMEA,6600,General & Admin,Opex,-0.674,SAP-BPC
2023-10,FY2023,Q4,Electronics,EMEA,7100,Depreciation,D&A,-2.107,SAP-BPC
2023-10,FY2023,Q4,Electronics,EMEA,8100,Interest Expense,Finance,-1.264,SAP-BPC
2023-10,FY2023,Q4,Electronics,EMEA,9100,Income Tax,Tax,-2.633,SAP-BPC
2023-10,FY2023,Q4,Electronics,Americas,4000,Product Revenue,Revenue,35.392,SAP-BPC
2023-10,FY2023,Q4,Electronics,Americas,4100,Service Revenue,Revenue,15.168,SAP-BPC
2023-10,FY2023,Q4,Electronics,Americas,5000,Cost of Goods Sold,COGS,-27.808,SAP-BPC
2023-10,FY2023,Q4,Electronics,Americas,6100,Salaries & Wages,Opex,-4.045,SAP-BPC
2023-10,FY2023,Q4,Electronics,Americas,6200,Marketing,Opex,-1.517,SAP-BPC
2023-10,FY2023,Q4,Electronics,Americas,6300,R&D,Opex,-2.022,SAP-BPC
2023-10,FY2023,Q4,Electronics,Americas,6400,Travel,Opex,-0.506,SAP-BPC
2023-10,FY2023,Q4,Electronics,Americas,6500,IT & Infrastructure,Opex,-1.213,SAP-BPC
2023-10,FY2023,Q4,Electronics,Americas,6600,General & Admin,Opex,-0.809,SAP-BPC
2023-10,FY2023,Q4,Electronics,Americas,7100,Depreciation,D&A,-2.528,SAP-BPC
2023-10,FY2023,Q4,Electronics,Americas,8100,Interest Expense,Finance,-1.517,SAP-BPC
2023-10,FY2023,Q4,Electronics,Americas,9100,Income Tax,Tax,-3.16,SAP-BPC
2023-10,FY2023,Q4,Automotive,APAC,4000,Product Revenue,Revenue,37.162,SAP-BPC
2023-10,FY2023,Q4,Automotive,APAC,4100,Service Revenue,Revenue,15.926,SAP-BPC
2023-10,FY2023,Q4,Automotive,APAC,5000,Cost of Goods Sold,COGS,-29.198,SAP-BPC
2023-10,FY2023,Q4,Automotive,APAC,6100,Salaries & Wages,Opex,-4.247,SAP-BPC
2023-10,FY2023,Q4,Automotive,APAC,6200,Marketing,Opex,-1.593,SAP-BPC
2023-10,FY2023,Q4,Automotive,APAC,6300,R&D,Opex,-2.124,SAP-BPC
2023-10,FY2023,Q4,Automotive,APAC,6400,Travel,Opex,-0.531,SAP-BPC
2023-10,FY2023,Q4,Automotive,APAC,6500,IT & Infrastructure,Opex,-1.274,SAP-BPC
2023-10,FY2023,Q4,Automotive,APAC,6600,General & Admin,Opex,-0.849,SAP-BPC
2023-10,FY2023,Q4,Automotive,APAC,7100,Depreciation,D&A,-2.654,SAP-BPC
2023-10,FY2023,Q4,Automotive,APAC,8100,Interest Expense,Finance,-1.593,SAP-BPC
2023-10,FY2023,Q4,Automotive,APAC,9100,Income Tax,Tax,-3.318,SAP-BPC
2023-10,FY2023,Q4,Automotive,EMEA,4000,Product Revenue,Revenue,41.291,SAP-BPC
2023-10,FY2023,Q4,Automotive,EMEA,4100,Service Revenue,Revenue,17.696,SAP-BPC
2023-10,FY2023,Q4,Automotive,EMEA,5000,Cost of Goods Sold,COGS,-32.443,SAP-BPC
2023-10,FY2023,Q4,Automotive,EMEA,6100,Salaries & Wages,Opex,-4.719,SAP-BPC
2023-10,FY2023,Q4,Automotive,EMEA,6200,Marketing,Opex,-1.77,SAP-BPC
2023-10,FY2023,Q4,Automotive,EMEA,6300,R&D,Opex,-2.359,SAP-BPC
2023-10,FY2023,Q4,Automotive,EMEA,6400,Travel,Opex,-0.59,SAP-BPC
2023-10,FY2023,Q4,Automotive,EMEA,6500,IT & Infrastructure,Opex,-1.416,SAP-BPC
2023-10,FY2023,Q4,Automotive,EMEA,6600,General & Admin,Opex,-0.944,SAP-BPC
2023-10,FY2023,Q4,Automotive,EMEA,7100,Depreciation,D&A,-2.949,SAP-BPC
2023-10,FY2023,Q4,Automotive,EMEA,8100,Interest Expense,Finance,-1.77,SAP-BPC
2023-10,FY2023,Q4,Automotive,EMEA,9100,Income Tax,Tax,-3.687,SAP-BPC
2023-10,FY2023,Q4,Automotive,Americas,4000,Product Revenue,Revenue,49.549,SAP-BPC
2023-10,FY2023,Q4,Automotive,Americas,4100,Service Revenue,Revenue,21.235,SAP-BPC
2023-10,FY2023,Q4,Automotive,Americas,5000,Cost of Goods Sold,COGS,-38.931,SAP-BPC
2023-10,FY2023,Q4,Automotive,Americas,6100,Salaries & Wages,Opex,-5.663,SAP-BPC
2023-10,FY2023,Q4,Automotive,Americas,6200,Marketing,Opex,-2.124,SAP-BPC
2023-10,FY2023,Q4,Automotive,Americas,6300,R&D,Opex,-2.831,SAP-BPC
2023-10,FY2023,Q4,Automotive,Americas,6400,Travel,Opex,-0.708,SAP-BPC
2023-10,FY2023,Q4,Automotive,Americas,6500,IT & Infrastructure,Opex,-1.699,SAP-BPC
2023-10,FY2023,Q4,Automotive,Americas,6600,General & Admin,Opex,-1.133,SAP-BPC
2023-10,FY2023,Q4,Automotive,Americas,7100,Depreciation,D&A,-3.539,SAP-BPC
2023-10,FY2023,Q4,Automotive,Americas,8100,Interest Expense,Finance,-2.124,SAP-BPC
2023-10,FY2023,Q4,Automotive,Americas,9100,Income Tax,Tax,-4.424,SAP-BPC
2023-10,FY2023,Q4,Healthcare,APAC,4000,Product Revenue,Revenue,18.581,SAP-BPC
2023-10,FY2023,Q4,Healthcare,APAC,4100,Service Revenue,Revenue,7.963,SAP-BPC
2023-10,FY2023,Q4,Healthcare,APAC,5000,Cost of Goods Sold,COGS,-14.599,SAP-BPC
2023-10,FY2023,Q4,Healthcare,APAC,6100,Salaries & Wages,Opex,-2.124,SAP-BPC
2023-10,FY2023,Q4,Healthcare,APAC,6200,Marketing,Opex,-0.796,SAP-BPC
2023-10,FY2023,Q4,Healthcare,APAC,6300,R&D,Opex,-1.062,SAP-BPC
2023-10,FY2023,Q4,Healthcare,APAC,6400,Travel,Opex,-0.265,SAP-BPC
2023-10,FY2023,Q4,Healthcare,APAC,6500,IT & Infrastructure,Opex,-0.637,SAP-BPC
2023-10,FY2023,Q4,Healthcare,APAC,6600,General & Admin,Opex,-0.425,SAP-BPC
2023-10,FY2023,Q4,Healthcare,APAC,7100,Depreciation,D&A,-1.327,SAP-BPC
2023-10,FY2023,Q4,Healthcare,APAC,8100,Interest Expense,Finance,-0.796,SAP-BPC
2023-10,FY2023,Q4,Healthcare,APAC,9100,Income Tax,Tax,-1.659,SAP-BPC
2023-10,FY2023,Q4,Healthcare,EMEA,4000,Product Revenue,Revenue,20.645,SAP-BPC
2023-10,FY2023,Q4,Healthcare,EMEA,4100,Service Revenue,Revenue,8.848,SAP-BPC
2023-10,FY2023,Q4,Healthcare,EMEA,5000,Cost of Goods Sold,COGS,-16.221,SAP-BPC
2023-10,FY2023,Q4,Healthcare,EMEA,6100,Salaries & Wages,Opex,-2.359,SAP-BPC
2023-10,FY2023,Q4,Healthcare,EMEA,6200,Marketing,Opex,-0.885,SAP-BPC
2023-10,FY2023,Q4,Healthcare,EMEA,6300,R&D,Opex,-1.18,SAP-BPC
2023-10,FY2023,Q4,Healthcare,EMEA,6400,Travel,Opex,-0.295,SAP-BPC
2023-10,FY2023,Q4,Healthcare,EMEA,6500,IT & Infrastructure,Opex,-0.708,SAP-BPC
2023-10,FY2023,Q4,Healthcare,EMEA,6600,General & Admin,Opex,-0.472,SAP-BPC
2023-10,FY2023,Q4,Healthcare,EMEA,7100,Depreciation,D&A,-1.475,SAP-BPC
2023-10,FY2023,Q4,Healthcare,EMEA,8100,Interest Expense,Finance,-0.885,SAP-BPC
2023-10,FY2023,Q4,Healthcare,EMEA,9100,Income Tax,Tax,-1.843,SAP-BPC
2023-10,FY2023,Q4,Healthcare,Americas,4000,Product Revenue,Revenue,24.774,SAP-BPC
2023-10,FY2023,Q4,Healthcare,Americas,4100,Service Revenue,Revenue,10.618,SAP-BPC
2023-10,FY2023,Q4,Healthcare,Americas,5000,Cost of Goods Sold,COGS,-19.466,SAP-BPC
2023-10,FY2023,Q4,Healthcare,Americas,6100,Salaries & Wages,Opex,-2.831,SAP-BPC
2023-10,FY2023,Q4,Healthcare,Americas,6200,Marketing,Opex,-1.062,SAP-BPC
2023-10,FY2023,Q4,Healthcare,Americas,6300,R&D,Opex,-1.416,SAP-BPC
2023-10,FY2023,Q4,Healthcare,Americas,6400,Travel,Opex,-0.354,SAP-BPC
2023-10,FY2023,Q4,Healthcare,Americas,6500,IT & Infrastructure,Opex,-0.849,SAP-BPC
2023-10,FY2023,Q4,Healthcare,Americas,6600,General & Admin,Opex,-0.566,SAP-BPC
2023-10,FY2023,Q4,Healthcare,Americas,7100,Depreciation,D&A,-1.77,SAP-BPC
2023-10,FY2023,Q4,Healthcare,Americas,8100,Interest Expense,Finance,-1.062,SAP-BPC
2023-10,FY2023,Q4,Healthcare,Americas,9100,Income Tax,Tax,-2.212,SAP-BPC
2023-11,FY2023,Q4,Electronics,APAC,4000,Product Revenue,Revenue,26.88,SAP-BPC
2023-11,FY2023,Q4,Electronics,APAC,4100,Service Revenue,Revenue,11.52,SAP-BPC
2023-11,FY2023,Q4,Electronics,APAC,5000,Cost of Goods Sold,COGS,-21.12,SAP-BPC
2023-11,FY2023,Q4,Electronics,APAC,6100,Salaries & Wages,Opex,-3.072,SAP-BPC
2023-11,FY2023,Q4,Electronics,APAC,6200,Marketing,Opex,-1.152,SAP-BPC
2023-11,FY2023,Q4,Electronics,APAC,6300,R&D,Opex,-1.536,SAP-BPC
2023-11,FY2023,Q4,Electronics,APAC,6400,Travel,Opex,-0.384,SAP-BPC
2023-11,FY2023,Q4,Electronics,APAC,6500,IT & Infrastructure,Opex,-0.922,SAP-BPC
2023-11,FY2023,Q4,Electronics,APAC,6600,General & Admin,Opex,-0.614,SAP-BPC
2023-11,FY2023,Q4,Electronics,APAC,7100,Depreciation,D&A,-1.92,SAP-BPC
2023-11,FY2023,Q4,Electronics,APAC,8100,Interest Expense,Finance,-1.152,SAP-BPC
2023-11,FY2023,Q4,Electronics,APAC,9100,Income Tax,Tax,-2.4,SAP-BPC
2023-11,FY2023,Q4,Electronics,EMEA,4000,Product Revenue,Revenue,29.867,SAP-BPC
2023-11,FY2023,Q4,Electronics,EMEA,4100,Service Revenue,Revenue,12.8,SAP-BPC
2023-11,FY2023,Q4,Electronics,EMEA,5000,Cost of Goods Sold,COGS,-23.467,SAP-BPC
2023-11,FY2023,Q4,Electronics,EMEA,6100,Salaries & Wages,Opex,-3.413,SAP-BPC
2023-11,FY2023,Q4,Electronics,EMEA,6200,Marketing,Opex,-1.28,SAP-BPC
2023-11,FY2023,Q4,Electronics,EMEA,6300,R&D,Opex,-1.707,SAP-BPC
2023-11,FY2023,Q4,Electronics,EMEA,6400,Travel,Opex,-0.427,SAP-BPC
2023-11,FY2023,Q4,Electronics,EMEA,6500,IT & Infrastructure,Opex,-1.024,SAP-BPC
2023-11,FY2023,Q4,Electronics,EMEA,6600,General & Admin,Opex,-0.683,SAP-BPC
2023-11,FY2023,Q4,Electronics,EMEA,7100,Depreciation,D&A,-2.133,SAP-BPC
2023-11,FY2023,Q4,Electronics,EMEA,8100,Interest Expense,Finance,-1.28,SAP-BPC
2023-11,FY2023,Q4,Electronics,EMEA,9100,Income Tax,Tax,-2.667,SAP-BPC
2023-11,FY2023,Q4,Electronics,Americas,4000,Product Revenue,Revenue,35.84,SAP-BPC
2023-11,FY2023,Q4,Electronics,Americas,4100,Service Revenue,Revenue,15.36,SAP-BPC
2023-11,FY2023,Q4,Electronics,Americas,5000,Cost of Goods Sold,COGS,-28.16,SAP-BPC
2023-11,FY2023,Q4,Electronics,Americas,6100,Salaries & Wages,Opex,-4.096,SAP-BPC
2023-11,FY2023,Q4,Electronics,Americas,6200,Marketing,Opex,-1.536,SAP-BPC
2023-11,FY2023,Q4,Electronics,Americas,6300,R&D,Opex,-2.048,SAP-BPC
2023-11,FY2023,Q4,Electronics,Americas,6400,Travel,Opex,-0.512,SAP-BPC
2023-11,FY2023,Q4,Electronics,Americas,6500,IT & Infrastructure,Opex,-1.229,SAP-BPC
2023-11,FY2023,Q4,Electronics,Americas,6600,General & Admin,Opex,-0.819,SAP-BPC
2023-11,FY2023,Q4,Electronics,Americas,7100,Depreciation,D&A,-2.56,SAP-BPC
2023-11,FY2023,Q4,Electronics,Americas,8100,Interest Expense,Finance,-1.536,SAP-BPC
2023-11,FY2023,Q4,Electronics,Americas,9100,Income Tax,Tax,-3.2,SAP-BPC
2023-11,FY2023,Q4,Automotive,APAC,4000,Product Revenue,Revenue,37.632,SAP-BPC
2023-11,FY2023,Q4,Automotive,APAC,4100,Service Revenue,Revenue,16.128,SAP-BPC
2023-11,FY2023,Q4,Automotive,APAC,5000,Cost of Goods Sold,COGS,-29.568,SAP-BPC
2023-11,FY2023,Q4,Automotive,APAC,6100,Salaries & Wages,Opex,-4.301,SAP-BPC
2023-11,FY2023,Q4,Automotive,APAC,6200,Marketing,Opex,-1.613,SAP-BPC
2023-11,FY2023,Q4,Automotive,APAC,6300,R&D,Opex,-2.15,SAP-BPC
2023-11,FY2023,Q4,Automotive,APAC,6400,Travel,Opex,-0.538,SAP-BPC
2023-11,FY2023,Q4,Automotive,APAC,6500,IT & Infrastructure,Opex,-1.29,SAP-BPC
2023-11,FY2023,Q4,Automotive,APAC,6600,General & Admin,Opex,-0.86,SAP-BPC
2023-11,FY2023,Q4,Automotive,APAC,7100,Depreciation,D&A,-2.688,SAP-BPC
2023-11,FY2023,Q4,Automotive,APAC,8100,Interest Expense,Finance,-1.613,SAP-BPC
2023-11,FY2023,Q4,Automotive,APAC,9100,Income Tax,Tax,-3.36,SAP-BPC
2023-11,FY2023,Q4,Automotive,EMEA,4000,Product Revenue,Revenue,41.813,SAP-BPC
2023-11,FY2023,Q4,Automotive,EMEA,4100,Service Revenue,Revenue,17.92,SAP-BPC
2023-11,FY2023,Q4,Automotive,EMEA,5000,Cost of Goods Sold,COGS,-32.853,SAP-BPC
2023-11,FY2023,Q4,Automotive,EMEA,6100,Salaries & Wages,Opex,-4.779,SAP-BPC
2023-11,FY2023,Q4,Automotive,EMEA,6200,Marketing,Opex,-1.792,SAP-BPC
2023-11,FY2023,Q4,Automotive,EMEA,6300,R&D,Opex,-2.389,SAP-BPC
2023-11,FY2023,Q4,Automotive,EMEA,6400,Travel,Opex,-0.597,SAP-BPC
2023-11,FY2023,Q4,Automotive,EMEA,6500,IT & Infrastructure,Opex,-1.434,SAP-BPC
2023-11,FY2023,Q4,Automotive,EMEA,6600,General & Admin,Opex,-0.956,SAP-BPC
2023-11,FY2023,Q4,Automotive,EMEA,7100,Depreciation,D&A,-2.987,SAP-BPC
2023-11,FY2023,Q4,Automotive,EMEA,8100,Interest Expense,Finance,-1.792,SAP-BPC
2023-11,FY2023,Q4,Automotive,EMEA,9100,Income Tax,Tax,-3.733,SAP-BPC
2023-11,FY2023,Q4,Automotive,Americas,4000,Product Revenue,Revenue,50.176,SAP-BPC
2023-11,FY2023,Q4,Automotive,Americas,4100,Service Revenue,Revenue,21.504,SAP-BPC
2023-11,FY2023,Q4,Automotive,Americas,5000,Cost of Goods Sold,COGS,-39.424,SAP-BPC
2023-11,FY2023,Q4,Automotive,Americas,6100,Salaries & Wages,Opex,-5.734,SAP-BPC
2023-11,FY2023,Q4,Automotive,Americas,6200,Marketing,Opex,-2.15,SAP-BPC
2023-11,FY2023,Q4,Automotive,Americas,6300,R&D,Opex,-2.867,SAP-BPC
2023-11,FY2023,Q4,Automotive,Americas,6400,Travel,Opex,-0.717,SAP-BPC
2023-11,FY2023,Q4,Automotive,Americas,6500,IT & Infrastructure,Opex,-1.72,SAP-BPC
2023-11,FY2023,Q4,Automotive,Americas,6600,General & Admin,Opex,-1.147,SAP-BPC
2023-11,FY2023,Q4,Automotive,Americas,7100,Depreciation,D&A,-3.584,SAP-BPC
2023-11,FY2023,Q4,Automotive,Americas,8100,Interest Expense,Finance,-2.15,SAP-BPC
2023-11,FY2023,Q4,Automotive,Americas,9100,Income Tax,Tax,-4.48,SAP-BPC
2023-11,FY2023,Q4,Healthcare,APAC,4000,Product Revenue,Revenue,18.816,SAP-BPC
2023-11,FY2023,Q4,Healthcare,APAC,4100,Service Revenue,Revenue,8.064,SAP-BPC
2023-11,FY2023,Q4,Healthcare,APAC,5000,Cost of Goods Sold,COGS,-14.784,SAP-BPC
2023-11,FY2023,Q4,Healthcare,APAC,6100,Salaries & Wages,Opex,-2.15,SAP-BPC
2023-11,FY2023,Q4,Healthcare,APAC,6200,Marketing,Opex,-0.806,SAP-BPC
2023-11,FY2023,Q4,Healthcare,APAC,6300,R&D,Opex,-1.075,SAP-BPC
2023-11,FY2023,Q4,Healthcare,APAC,6400,Travel,Opex,-0.269,SAP-BPC
2023-11,FY2023,Q4,Healthcare,APAC,6500,IT & Infrastructure,Opex,-0.645,SAP-BPC
2023-11,FY2023,Q4,Healthcare,APAC,6600,General & Admin,Opex,-0.43,SAP-BPC
2023-11,FY2023,Q4,Healthcare,APAC,7100,Depreciation,D&A,-1.344,SAP-BPC
2023-11,FY2023,Q4,Healthcare,APAC,8100,Interest Expense,Finance,-0.806,SAP-BPC
2023-11,FY2023,Q4,Healthcare,APAC,9100,Income Tax,Tax,-1.68,SAP-BPC
2023-11,FY2023,Q4,Healthcare,EMEA,4000,Product Revenue,Revenue,20.907,SAP-BPC
2023-11,FY2023,Q4,Healthcare,EMEA,4100,Service Revenue,Revenue,8.96,SAP-BPC
2023-11,FY2023,Q4,Healthcare,EMEA,5000,Cost of Goods Sold,COGS,-16.427,SAP-BPC
2023-11,FY2023,Q4,Healthcare,EMEA,6100,Salaries & Wages,Opex,-2.389,SAP-BPC
2023-11,FY2023,Q4,Healthcare,EMEA,6200,Marketing,Opex,-0.896,SAP-BPC
2023-11,FY2023,Q4,Healthcare,EMEA,6300,R&D,Opex,-1.195,SAP-BPC
2023-11,FY2023,Q4,Healthcare,EMEA,6400,Travel,Opex,-0.299,SAP-BPC
2023-11,FY2023,Q4,Healthcare,EMEA,6500,IT & Infrastructure,Opex,-0.717,SAP-BPC
2023-11,FY2023,Q4,Healthcare,EMEA,6600,General & Admin,Opex,-0.478,SAP-BPC
2023-11,FY2023,Q4,Healthcare,EMEA,7100,Depreciation,D&A,-1.493,SAP-BPC
2023-11,FY2023,Q4,Healthcare,EMEA,8100,Interest Expense,Finance,-0.896,SAP-BPC
2023-11,FY2023,Q4,Healthcare,EMEA,9100,Income Tax,Tax,-1.867,SAP-BPC
2023-11,FY2023,Q4,Healthcare,Americas,4000,Product Revenue,Revenue,25.088,SAP-BPC
2023-11,FY2023,Q4,Healthcare,Americas,4100,Service Revenue,Revenue,10.752,SAP-BPC
2023-11,FY2023,Q4,Healthcare,Americas,5000,Cost of Goods Sold,COGS,-19.712,SAP-BPC
2023-11,FY2023,Q4,Healthcare,Americas,6100,Salaries & Wages,Opex,-2.867,SAP-BPC
2023-11,FY2023,Q4,Healthcare,Americas,6200,Marketing,Opex,-1.075,SAP-BPC
2023-11,FY2023,Q4,Healthcare,Americas,6300,R&D,Opex,-1.434,SAP-BPC
2023-11,FY2023,Q4,Healthcare,Americas,6400,Travel,Opex,-0.358,SAP-BPC
2023-11,FY2023,Q4,Healthcare,Americas,6500,IT & Infrastructure,Opex,-0.86,SAP-BPC
2023-11,FY2023,Q4,Healthcare,Americas,6600,General & Admin,Opex,-0.573,SAP-BPC
2023-11,FY2023,Q4,Healthcare,Americas,7100,Depreciation,D&A,-1.792,SAP-BPC
2023-11,FY2023,Q4,Healthcare,Americas,8100,Interest Expense,Finance,-1.075,SAP-BPC
2023-11,FY2023,Q4,Healthcare,Americas,9100,Income Tax,Tax,-2.24,SAP-BPC
2023-12,FY2023,Q4,Electronics,APAC,4000,Product Revenue,Revenue,27.216,SAP-BPC
2023-12,FY2023,Q4,Electronics,APAC,4100,Service Revenue,Revenue,11.664,SAP-BPC
2023-12,FY2023,Q4,Electronics,APAC,5000,Cost of Goods Sold,COGS,-21.384,SAP-BPC
2023-12,FY2023,Q4,Electronics,APAC,6100,Salaries & Wages,Opex,-3.11,SAP-BPC
2023-12,FY2023,Q4,Electronics,APAC,6200,Marketing,Opex,-1.166,SAP-BPC
2023-12,FY2023,Q4,Electronics,APAC,6300,R&D,Opex,-1.555,SAP-BPC
2023-12,FY2023,Q4,Electronics,APAC,6400,Travel,Opex,-0.389,SAP-BPC
2023-12,FY2023,Q4,Electronics,APAC,6500,IT & Infrastructure,Opex,-0.933,SAP-BPC
2023-12,FY2023,Q4,Electronics,APAC,6600,General & Admin,Opex,-0.622,SAP-BPC
2023-12,FY2023,Q4,Electronics,APAC,7100,Depreciation,D&A,-1.944,SAP-BPC
2023-12,FY2023,Q4,Electronics,APAC,8100,Interest Expense,Finance,-1.166,SAP-BPC
2023-12,FY2023,Q4,Electronics,APAC,9100,Income Tax,Tax,-2.43,SAP-BPC
2023-12,FY2023,Q4,Electronics,EMEA,4000,Product Revenue,Revenue,30.24,SAP-BPC
2023-12,FY2023,Q4,Electronics,EMEA,4100,Service Revenue,Revenue,12.96,SAP-BPC
2023-12,FY2023,Q4,Electronics,EMEA,5000,Cost of Goods Sold,COGS,-23.76,SAP-BPC
2023-12,FY2023,Q4,Electronics,EMEA,6100,Salaries & Wages,Opex,-3.456,SAP-BPC
2023-12,FY2023,Q4,Electronics,EMEA,6200,Marketing,Opex,-1.296,SAP-BPC
2023-12,FY2023,Q4,Electronics,EMEA,6300,R&D,Opex,-1.728,SAP-BPC
2023-12,FY2023,Q4,Electronics,EMEA,6400,Travel,Opex,-0.432,SAP-BPC
2023-12,FY2023,Q4,Electronics,EMEA,6500,IT & Infrastructure,Opex,-1.037,SAP-BPC
2023-12,FY2023,Q4,Electronics,EMEA,6600,General & Admin,Opex,-0.691,SAP-BPC
2023-12,FY2023,Q4,Electronics,EMEA,7100,Depreciation,D&A,-2.16,SAP-BPC
2023-12,FY2023,Q4,Electronics,EMEA,8100,Interest Expense,Finance,-1.296,SAP-BPC
2023-12,FY2023,Q4,Electronics,EMEA,9100,Income Tax,Tax,-2.7,SAP-BPC
2023-12,FY2023,Q4,Electronics,Americas,4000,Product Revenue,Revenue,36.288,SAP-BPC
2023-12,FY2023,Q4,Electronics,Americas,4100,Service Revenue,Revenue,15.552,SAP-BPC
2023-12,FY2023,Q4,Electronics,Americas,5000,Cost of Goods Sold,COGS,-28.512,SAP-BPC
2023-12,FY2023,Q4,Electronics,Americas,6100,Salaries & Wages,Opex,-4.147,SAP-BPC
2023-12,FY2023,Q4,Electronics,Americas,6200,Marketing,Opex,-1.555,SAP-BPC
2023-12,FY2023,Q4,Electronics,Americas,6300,R&D,Opex,-2.074,SAP-BPC
2023-12,FY2023,Q4,Electronics,Americas,6400,Travel,Opex,-0.518,SAP-BPC
2023-12,FY2023,Q4,Electronics,Americas,6500,IT & Infrastructure,Opex,-1.244,SAP-BPC
2023-12,FY2023,Q4,Electronics,Americas,6600,General & Admin,Opex,-0.829,SAP-BPC
2023-12,FY2023,Q4,Electronics,Americas,7100,Depreciation,D&A,-2.592,SAP-BPC
2023-12,FY2023,Q4,Electronics,Americas,8100,Interest Expense,Finance,-1.555,SAP-BPC
2023-12,FY2023,Q4,Electronics,Americas,9100,Income Tax,Tax,-3.24,SAP-BPC
2023-12,FY2023,Q4,Automotive,APAC,4000,Product Revenue,Revenue,38.102,SAP-BPC
2023-12,FY2023,Q4,Automotive,APAC,4100,Service Revenue,Revenue,16.33,SAP-BPC
2023-12,FY2023,Q4,Automotive,APAC,5000,Cost of Goods Sold,COGS,-29.938,SAP-BPC
2023-12,FY2023,Q4,Automotive,APAC,6100,Salaries & Wages,Opex,-4.355,SAP-BPC
2023-12,FY2023,Q4,Automotive,APAC,6200,Marketing,Opex,-1.633,SAP-BPC
2023-12,FY2023,Q4,Automotive,APAC,6300,R&D,Opex,-2.177,SAP-BPC
2023-12,FY2023,Q4,Automotive,APAC,6400,Travel,Opex,-0.544,SAP-BPC
2023-12,FY2023,Q4,Automotive,APAC,6500,IT & Infrastructure,Opex,-1.306,SAP-BPC
2023-12,FY2023,Q4,Automotive,APAC,6600,General & Admin,Opex,-0.871,SAP-BPC
2023-12,FY2023,Q4,Automotive,APAC,7100,Depreciation,D&A,-2.722,SAP-BPC
2023-12,FY2023,Q4,Automotive,APAC,8100,Interest Expense,Finance,-1.633,SAP-BPC
2023-12,FY2023,Q4,Automotive,APAC,9100,Income Tax,Tax,-3.402,SAP-BPC
2023-12,FY2023,Q4,Automotive,EMEA,4000,Product Revenue,Revenue,42.336,SAP-BPC
2023-12,FY2023,Q4,Automotive,EMEA,4100,Service Revenue,Revenue,18.144,SAP-BPC
2023-12,FY2023,Q4,Automotive,EMEA,5000,Cost of Goods Sold,COGS,-33.264,SAP-BPC
2023-12,FY2023,Q4,Automotive,EMEA,6100,Salaries & Wages,Opex,-4.838,SAP-BPC
2023-12,FY2023,Q4,Automotive,EMEA,6200,Marketing,Opex,-1.814,SAP-BPC
2023-12,FY2023,Q4,Automotive,EMEA,6300,R&D,Opex,-2.419,SAP-BPC
2023-12,FY2023,Q4,Automotive,EMEA,6400,Travel,Opex,-0.605,SAP-BPC
2023-12,FY2023,Q4,Automotive,EMEA,6500,IT & Infrastructure,Opex,-1.452,SAP-BPC
2023-12,FY2023,Q4,Automotive,EMEA,6600,General & Admin,Opex,-0.968,SAP-BPC
2023-12,FY2023,Q4,Automotive,EMEA,7100,Depreciation,D&A,-3.024,SAP-BPC
2023-12,FY2023,Q4,Automotive,EMEA,8100,Interest Expense,Finance,-1.814,SAP-BPC
2023-12,FY2023,Q4,Automotive,EMEA,9100,Income Tax,Tax,-3.78,SAP-BPC
2023-12,FY2023,Q4,Automotive,Americas,4000,Product Revenue,Revenue,50.803,SAP-BPC
2023-12,FY2023,Q4,Automotive,Americas,4100,Service Revenue,Revenue,21.773,SAP-BPC
2023-12,FY2023,Q4,Automotive,Americas,5000,Cost of Goods Sold,COGS,-39.917,SAP-BPC
2023-12,FY2023,Q4,Automotive,Americas,6100,Salaries & Wages,Opex,-5.806,SAP-BPC
2023-12,FY2023,Q4,Automotive,Americas,6200,Marketing,Opex,-2.177,SAP-BPC
2023-12,FY2023,Q4,Automotive,Americas,6300,R&D,Opex,-2.903,SAP-BPC
2023-12,FY2023,Q4,Automotive,Americas,6400,Travel,Opex,-0.726,SAP-BPC
2023-12,FY2023,Q4,Automotive,Americas,6500,IT & Infrastructure,Opex,-1.742,SAP-BPC
2023-12,FY2023,Q4,Automotive,Americas,6600,General & Admin,Opex,-1.161,SAP-BPC
2023-12,FY2023,Q4,Automotive,Americas,7100,Depreciation,D&A,-3.629,SAP-BPC
2023-12,FY2023,Q4,Automotive,Americas,8100,Interest Expense,Finance,-2.177,SAP-BPC
2023-12,FY2023,Q4,Automotive,Americas,9100,Income Tax,Tax,-4.536,SAP-BPC
2023-12,FY2023,Q4,Healthcare,APAC,4000,Product Revenue,Revenue,19.051,SAP-BPC
2023-12,FY2023,Q4,Healthcare,APAC,4100,Service Revenue,Revenue,8.165,SAP-BPC
2023-12,FY2023,Q4,Healthcare,APAC,5000,Cost of Goods Sold,COGS,-14.969,SAP-BPC
2023-12,FY2023,Q4,Healthcare,APAC,6100,Salaries & Wages,Opex,-2.177,SAP-BPC
2023-12,FY2023,Q4,Healthcare,APAC,6200,Marketing,Opex,-0.816,SAP-BPC
2023-12,FY2023,Q4,Healthcare,APAC,6300,R&D,Opex,-1.089,SAP-BPC
2023-12,FY2023,Q4,Healthcare,APAC,6400,Travel,Opex,-0.272,SAP-BPC
2023-12,FY2023,Q4,Healthcare,APAC,6500,IT & Infrastructure,Opex,-0.653,SAP-BPC
2023-12,FY2023,Q4,Healthcare,APAC,6600,General & Admin,Opex,-0.435,SAP-BPC
2023-12,FY2023,Q4,Healthcare,APAC,7100,Depreciation,D&A,-1.361,SAP-BPC
2023-12,FY2023,Q4,Healthcare,APAC,8100,Interest Expense,Finance,-0.816,SAP-BPC
2023-12,FY2023,Q4,Healthcare,APAC,9100,Income Tax,Tax,-1.701,SAP-BPC
2023-12,FY2023,Q4,Healthcare,EMEA,4000,Product Revenue,Revenue,21.168,SAP-BPC
2023-12,FY2023,Q4,Healthcare,EMEA,4100,Service Revenue,Revenue,9.072,SAP-BPC
2023-12,FY2023,Q4,Healthcare,EMEA,5000,Cost of Goods Sold,COGS,-16.632,SAP-BPC
2023-12,FY2023,Q4,Healthcare,EMEA,6100,Salaries & Wages,Opex,-2.419,SAP-BPC
2023-12,FY2023,Q4,Healthcare,EMEA,6200,Marketing,Opex,-0.907,SAP-BPC
2023-12,FY2023,Q4,Healthcare,EMEA,6300,R&D,Opex,-1.21,SAP-BPC
2023-12,FY2023,Q4,Healthcare,EMEA,6400,Travel,Opex,-0.302,SAP-BPC
2023-12,FY2023,Q4,Healthcare,EMEA,6500,IT & Infrastructure,Opex,-0.726,SAP-BPC
2023-12,FY2023,Q4,Healthcare,EMEA,6600,General & Admin,Opex,-0.484,SAP-BPC
2023-12,FY2023,Q4,Healthcare,EMEA,7100,Depreciation,D&A,-1.512,SAP-BPC
2023-12,FY2023,Q4,Healthcare,EMEA,8100,Interest Expense,Finance,-0.907,SAP-BPC
2023-12,FY2023,Q4,Healthcare,EMEA,9100,Income Tax,Tax,-1.89,SAP-BPC
2023-12,FY2023,Q4,Healthcare,Americas,4000,Product Revenue,Revenue,25.402,SAP-BPC
2023-12,FY2023,Q4,Healthcare,Americas,4100,Service Revenue,Revenue,10.886,SAP-BPC
2023-12,FY2023,Q4,Healthcare,Americas,5000,Cost of Goods Sold,COGS,-19.958,SAP-BPC
2023-12,FY2023,Q4,Healthcare,Americas,6100,Salaries & Wages,Opex,-2.903,SAP-BPC
2023-12,FY2023,Q4,Healthcare,Americas,6200,Marketing,Opex,-1.089,SAP-BPC
2023-12,FY2023,Q4,Healthcare,Americas,6300,R&D,Opex,-1.452,SAP-BPC
2023-12,FY2023,Q4,Healthcare,Americas,6400,Travel,Opex,-0.363,SAP-BPC
2023-12,FY2023,Q4,Healthcare,Americas,6500,IT & Infrastructure,Opex,-0.871,SAP-BPC
2023-12,FY2023,Q4,Healthcare,Americas,6600,General & Admin,Opex,-0.581,SAP-BPC
2023-12,FY2023,Q4,Healthcare,Americas,7100,Depreciation,D&A,-1.814,SAP-BPC
2023-12,FY2023,Q4,Healthcare,Americas,8100,Interest Expense,Finance,-1.089,SAP-BPC
2023-12,FY2023,Q4,Healthcare,Americas,9100,Income Tax,Tax,-2.268,SAP-BPC
2024-01,FY2024,Q1,Electronics,APAC,4000,Product Revenue,Revenue,24.931,SAP-BPC
2024-01,FY2024,Q1,Electronics,APAC,4100,Service Revenue,Revenue,10.685,SAP-BPC
2024-01,FY2024,Q1,Electronics,APAC,5000,Cost of Goods Sold,COGS,-19.589,SAP-BPC
2024-01,FY2024,Q1,Electronics,APAC,6100,Salaries & Wages,Opex,-2.849,SAP-BPC
2024-01,FY2024,Q1,Electronics,APAC,6200,Marketing,Opex,-1.068,SAP-BPC
2024-01,FY2024,Q1,Electronics,APAC,6300,R&D,Opex,-1.425,SAP-BPC
2024-01,FY2024,Q1,Electronics,APAC,6400,Travel,Opex,-0.356,SAP-BPC
2024-01,FY2024,Q1,Electronics,APAC,6500,IT & Infrastructure,Opex,-0.855,SAP-BPC
2024-01,FY2024,Q1,Electronics,APAC,6600,General & Admin,Opex,-0.57,SAP-BPC
2024-01,FY2024,Q1,Electronics,APAC,7100,Depreciation,D&A,-1.781,SAP-BPC
2024-01,FY2024,Q1,Electronics,APAC,8100,Interest Expense,Finance,-1.068,SAP-BPC
2024-01,FY2024,Q1,Electronics,APAC,9100,Income Tax,Tax,-2.226,SAP-BPC
2024-01,FY2024,Q1,Electronics,EMEA,4000,Product Revenue,Revenue,27.701,SAP-BPC
2024-01,FY2024,Q1,Electronics,EMEA,4100,Service Revenue,Revenue,11.872,SAP-BPC
2024-01,FY2024,Q1,Electronics,EMEA,5000,Cost of Goods Sold,COGS,-21.765,SAP-BPC
2024-01,FY2024,Q1,Electronics,EMEA,6100,Salaries & Wages,Opex,-3.166,SAP-BPC
2024-01,FY2024,Q1,Electronics,EMEA,6200,Marketing,Opex,-1.187,SAP-BPC
2024-01,FY2024,Q1,Electronics,EMEA,6300,R&D,Opex,-1.583,SAP-BPC
2024-01,FY2024,Q1,Electronics,EMEA,6400,Travel,Opex,-0.396,SAP-BPC
2024-01,FY2024,Q1,Electronics,EMEA,6500,IT & Infrastructure,Opex,-0.95,SAP-BPC
2024-01,FY2024,Q1,Electronics,EMEA,6600,General & Admin,Opex,-0.633,SAP-BPC
2024-01,FY2024,Q1,Electronics,EMEA,7100,Depreciation,D&A,-1.979,SAP-BPC
2024-01,FY2024,Q1,Electronics,EMEA,8100,Interest Expense,Finance,-1.187,SAP-BPC
2024-01,FY2024,Q1,Electronics,EMEA,9100,Income Tax,Tax,-2.473,SAP-BPC
2024-01,FY2024,Q1,Electronics,Americas,4000,Product Revenue,Revenue,33.242,SAP-BPC
2024-01,FY2024,Q1,Electronics,Americas,4100,Service Revenue,Revenue,14.246,SAP-BPC
2024-01,FY2024,Q1,Electronics,Americas,5000,Cost of Goods Sold,COGS,-26.118,SAP-BPC
2024-01,FY2024,Q1,Electronics,Americas,6100,Salaries & Wages,Opex,-3.799,SAP-BPC
2024-01,FY2024,Q1,Electronics,Americas,6200,Marketing,Opex,-1.425,SAP-BPC
2024-01,FY2024,Q1,Electronics,Americas,6300,R&D,Opex,-1.9,SAP-BPC
2024-01,FY2024,Q1,Electronics,Americas,6400,Travel,Opex,-0.475,SAP-BPC
2024-01,FY2024,Q1,Electronics,Americas,6500,IT & Infrastructure,Opex,-1.14,SAP-BPC
2024-01,FY2024,Q1,Electronics,Americas,6600,General & Admin,Opex,-0.76,SAP-BPC
2024-01,FY2024,Q1,Electronics,Americas,7100,Depreciation,D&A,-2.374,SAP-BPC
2024-01,FY2024,Q1,Electronics,Americas,8100,Interest Expense,Finance,-1.425,SAP-BPC
2024-01,FY2024,Q1,Electronics,Americas,9100,Income Tax,Tax,-2.968,SAP-BPC
2024-01,FY2024,Q1,Automotive,APAC,4000,Product Revenue,Revenue,34.904,SAP-BPC
2024-01,FY2024,Q1,Automotive,APAC,4100,Service Revenue,Revenue,14.959,SAP-BPC
2024-01,FY2024,Q1,Automotive,APAC,5000,Cost of Goods Sold,COGS,-27.424,SAP-BPC
2024-01,FY2024,Q1,Automotive,APAC,6100,Salaries & Wages,Opex,-3.989,SAP-BPC
2024-01,FY2024,Q1,Automotive,APAC,6200,Marketing,Opex,-1.496,SAP-BPC
2024-01,FY2024,Q1,Automotive,APAC,6300,R&D,Opex,-1.994,SAP-BPC
2024-01,FY2024,Q1,Automotive,APAC,6400,Travel,Opex,-0.499,SAP-BPC
2024-01,FY2024,Q1,Automotive,APAC,6500,IT & Infrastructure,Opex,-1.197,SAP-BPC
2024-01,FY2024,Q1,Automotive,APAC,6600,General & Admin,Opex,-0.798,SAP-BPC
2024-01,FY2024,Q1,Automotive,APAC,7100,Depreciation,D&A,-2.493,SAP-BPC
2024-01,FY2024,Q1,Automotive,APAC,8100,Interest Expense,Finance,-1.496,SAP-BPC
2024-01,FY2024,Q1,Automotive,APAC,9100,Income Tax,Tax,-3.116,SAP-BPC
2024-01,FY2024,Q1,Automotive,EMEA,4000,Product Revenue,Revenue,38.782,SAP-BPC
2024-01,FY2024,Q1,Automotive,EMEA,4100,Service Revenue,Revenue,16.621,SAP-BPC
2024-01,FY2024,Q1,Automotive,EMEA,5000,Cost of Goods Sold,COGS,-30.471,SAP-BPC
2024-01,FY2024,Q1,Automotive,EMEA,6100,Salaries & Wages,Opex,-4.432,SAP-BPC
2024-01,FY2024,Q1,Automotive,EMEA,6200,Marketing,Opex,-1.662,SAP-BPC
2024-01,FY2024,Q1,Automotive,EMEA,6300,R&D,Opex,-2.216,SAP-BPC
2024-01,FY2024,Q1,Automotive,EMEA,6400,Travel,Opex,-0.554,SAP-BPC
2024-01,FY2024,Q1,Automotive,EMEA,6500,IT & Infrastructure,Opex,-1.33,SAP-BPC
2024-01,FY2024,Q1,Automotive,EMEA,6600,General & Admin,Opex,-0.886,SAP-BPC
2024-01,FY2024,Q1,Automotive,EMEA,7100,Depreciation,D&A,-2.77,SAP-BPC
2024-01,FY2024,Q1,Automotive,EMEA,8100,Interest Expense,Finance,-1.662,SAP-BPC
2024-01,FY2024,Q1,Automotive,EMEA,9100,Income Tax,Tax,-3.463,SAP-BPC
2024-01,FY2024,Q1,Automotive,Americas,4000,Product Revenue,Revenue,46.538,SAP-BPC
2024-01,FY2024,Q1,Automotive,Americas,4100,Service Revenue,Revenue,19.945,SAP-BPC
2024-01,FY2024,Q1,Automotive,Americas,5000,Cost of Goods Sold,COGS,-36.566,SAP-BPC
2024-01,FY2024,Q1,Automotive,Americas,6100,Salaries & Wages,Opex,-5.319,SAP-BPC
2024-01,FY2024,Q1,Automotive,Americas,6200,Marketing,Opex,-1.994,SAP-BPC
2024-01,FY2024,Q1,Automotive,Americas,6300,R&D,Opex,-2.659,SAP-BPC
2024-01,FY2024,Q1,Automotive,Americas,6400,Travel,Opex,-0.665,SAP-BPC
2024-01,FY2024,Q1,Automotive,Americas,6500,IT & Infrastructure,Opex,-1.596,SAP-BPC
2024-01,FY2024,Q1,Automotive,Americas,6600,General & Admin,Opex,-1.064,SAP-BPC
2024-01,FY2024,Q1,Automotive,Americas,7100,Depreciation,D&A,-3.324,SAP-BPC
2024-01,FY2024,Q1,Automotive,Americas,8100,Interest Expense,Finance,-1.994,SAP-BPC
2024-01,FY2024,Q1,Automotive,Americas,9100,Income Tax,Tax,-4.155,SAP-BPC
2024-01,FY2024,Q1,Healthcare,APAC,4000,Product Revenue,Revenue,17.452,SAP-BPC
2024-01,FY2024,Q1,Healthcare,APAC,4100,Service Revenue,Revenue,7.479,SAP-BPC
2024-01,FY2024,Q1,Healthcare,APAC,5000,Cost of Goods Sold,COGS,-13.712,SAP-BPC
2024-01,FY2024,Q1,Healthcare,APAC,6100,Salaries & Wages,Opex,-1.994,SAP-BPC
2024-01,FY2024,Q1,Healthcare,APAC,6200,Marketing,Opex,-0.748,SAP-BPC
2024-01,FY2024,Q1,Healthcare,APAC,6300,R&D,Opex,-0.997,SAP-BPC
2024-01,FY2024,Q1,Healthcare,APAC,6400,Travel,Opex,-0.249,SAP-BPC
2024-01,FY2024,Q1,Healthcare,APAC,6500,IT & Infrastructure,Opex,-0.598,SAP-BPC
2024-01,FY2024,Q1,Healthcare,APAC,6600,General & Admin,Opex,-0.399,SAP-BPC
2024-01,FY2024,Q1,Healthcare,APAC,7100,Depreciation,D&A,-1.247,SAP-BPC
2024-01,FY2024,Q1,Healthcare,APAC,8100,Interest Expense,Finance,-0.748,SAP-BPC
2024-01,FY2024,Q1,Healthcare,APAC,9100,Income Tax,Tax,-1.558,SAP-BPC
2024-01,FY2024,Q1,Healthcare,EMEA,4000,Product Revenue,Revenue,19.391,SAP-BPC
2024-01,FY2024,Q1,Healthcare,EMEA,4100,Service Revenue,Revenue,8.31,SAP-BPC
2024-01,FY2024,Q1,Healthcare,EMEA,5000,Cost of Goods Sold,COGS,-15.236,SAP-BPC
2024-01,FY2024,Q1,Healthcare,EMEA,6100,Salaries & Wages,Opex,-2.216,SAP-BPC
2024-01,FY2024,Q1,Healthcare,EMEA,6200,Marketing,Opex,-0.831,SAP-BPC
2024-01,FY2024,Q1,Healthcare,EMEA,6300,R&D,Opex,-1.108,SAP-BPC
2024-01,FY2024,Q1,Healthcare,EMEA,6400,Travel,Opex,-0.277,SAP-BPC
2024-01,FY2024,Q1,Healthcare,EMEA,6500,IT & Infrastructure,Opex,-0.665,SAP-BPC
2024-01,FY2024,Q1,Healthcare,EMEA,6600,General & Admin,Opex,-0.443,SAP-BPC
2024-01,FY2024,Q1,Healthcare,EMEA,7100,Depreciation,D&A,-1.385,SAP-BPC
2024-01,FY2024,Q1,Healthcare,EMEA,8100,Interest Expense,Finance,-0.831,SAP-BPC
2024-01,FY2024,Q1,Healthcare,EMEA,9100,Income Tax,Tax,-1.731,SAP-BPC
2024-01,FY2024,Q1,Healthcare,Americas,4000,Product Revenue,Revenue,23.269,SAP-BPC
2024-01,FY2024,Q1,Healthcare,Americas,4100,Service Revenue,Revenue,9.972,SAP-BPC
2024-01,FY2024,Q1,Healthcare,Americas,5000,Cost of Goods Sold,COGS,-18.283,SAP-BPC
2024-01,FY2024,Q1,Healthcare,Americas,6100,Salaries & Wages,Opex,-2.659,SAP-BPC
2024-01,FY2024,Q1,Healthcare,Americas,6200,Marketing,Opex,-0.997,SAP-BPC
2024-01,FY2024,Q1,Healthcare,Americas,6300,R&D,Opex,-1.33,SAP-BPC
2024-01,FY2024,Q1,Healthcare,Americas,6400,Travel,Opex,-0.332,SAP-BPC
2024-01,FY2024,Q1,Healthcare,Americas,6500,IT & Infrastructure,Opex,-0.798,SAP-BPC
2024-01,FY2024,Q1,Healthcare,Americas,6600,General & Admin,Opex,-0.532,SAP-BPC
2024-01,FY2024,Q1,Healthcare,Americas,7100,Depreciation,D&A,-1.662,SAP-BPC
2024-01,FY2024,Q1,Healthcare,Americas,8100,Interest Expense,Finance,-0.997,SAP-BPC
2024-01,FY2024,Q1,Healthcare,Americas,9100,Income Tax,Tax,-2.078,SAP-BPC
2024-02,FY2024,Q1,Electronics,APAC,4000,Product Revenue,Revenue,25.287,SAP-BPC
2024-02,FY2024,Q1,Electronics,APAC,4100,Service Revenue,Revenue,10.837,SAP-BPC
2024-02,FY2024,Q1,Electronics,APAC,5000,Cost of Goods Sold,COGS,-19.869,SAP-BPC
2024-02,FY2024,Q1,Electronics,APAC,6100,Salaries & Wages,Opex,-2.89,SAP-BPC
2024-02,FY2024,Q1,Electronics,APAC,6200,Marketing,Opex,-1.084,SAP-BPC
2024-02,FY2024,Q1,Electronics,APAC,6300,R&D,Opex,-1.445,SAP-BPC
2024-02,FY2024,Q1,Electronics,APAC,6400,Travel,Opex,-0.361,SAP-BPC
2024-02,FY2024,Q1,Electronics,APAC,6500,IT & Infrastructure,Opex,-0.867,SAP-BPC
2024-02,FY2024,Q1,Electronics,APAC,6600,General & Admin,Opex,-0.578,SAP-BPC
2024-02,FY2024,Q1,Electronics,APAC,7100,Depreciation,D&A,-1.806,SAP-BPC
2024-02,FY2024,Q1,Electronics,APAC,8100,Interest Expense,Finance,-1.084,SAP-BPC
2024-02,FY2024,Q1,Electronics,APAC,9100,Income Tax,Tax,-2.258,SAP-BPC
2024-02,FY2024,Q1,Electronics,EMEA,4000,Product Revenue,Revenue,28.097,SAP-BPC
2024-02,FY2024,Q1,Electronics,EMEA,4100,Service Revenue,Revenue,12.042,SAP-BPC
2024-02,FY2024,Q1,Electronics,EMEA,5000,Cost of Goods Sold,COGS,-22.076,SAP-BPC
2024-02,FY2024,Q1,Electronics,EMEA,6100,Salaries & Wages,Opex,-3.211,SAP-BPC
2024-02,FY2024,Q1,Electronics,EMEA,6200,Marketing,Opex,-1.204,SAP-BPC
2024-02,FY2024,Q1,Electronics,EMEA,6300,R&D,Opex,-1.606,SAP-BPC
2024-02,FY2024,Q1,Electronics,EMEA,6400,Travel,Opex,-0.401,SAP-BPC
2024-02,FY2024,Q1,Electronics,EMEA,6500,IT & Infrastructure,Opex,-0.963,SAP-BPC
2024-02,FY2024,Q1,Electronics,EMEA,6600,General & Admin,Opex,-0.642,SAP-BPC
2024-02,FY2024,Q1,Electronics,EMEA,7100,Depreciation,D&A,-2.007,SAP-BPC
2024-02,FY2024,Q1,Electronics,EMEA,8100,Interest Expense,Finance,-1.204,SAP-BPC
2024-02,FY2024,Q1,Electronics,EMEA,9100,Income Tax,Tax,-2.509,SAP-BPC
2024-02,FY2024,Q1,Electronics,Americas,4000,Product Revenue,Revenue,33.716,SAP-BPC
2024-02,FY2024,Q1,Electronics,Americas,4100,Service Revenue,Revenue,14.45,SAP-BPC
2024-02,FY2024,Q1,Electronics,Americas,5000,Cost of Goods Sold,COGS,-26.492,SAP-BPC
2024-02,FY2024,Q1,Electronics,Americas,6100,Salaries & Wages,Opex,-3.853,SAP-BPC
2024-02,FY2024,Q1,Electronics,Americas,6200,Marketing,Opex,-1.445,SAP-BPC
2024-02,FY2024,Q1,Electronics,Americas,6300,R&D,Opex,-1.927,SAP-BPC
2024-02,FY2024,Q1,Electronics,Americas,6400,Travel,Opex,-0.482,SAP-BPC
2024-02,FY2024,Q1,Electronics,Americas,6500,IT & Infrastructure,Opex,-1.156,SAP-BPC
2024-02,FY2024,Q1,Electronics,Americas,6600,General & Admin,Opex,-0.771,SAP-BPC
2024-02,FY2024,Q1,Electronics,Americas,7100,Depreciation,D&A,-2.408,SAP-BPC
2024-02,FY2024,Q1,Electronics,Americas,8100,Interest Expense,Finance,-1.445,SAP-BPC
2024-02,FY2024,Q1,Electronics,Americas,9100,Income Tax,Tax,-3.01,SAP-BPC
2024-02,FY2024,Q1,Automotive,APAC,4000,Product Revenue,Revenue,35.402,SAP-BPC
2024-02,FY2024,Q1,Automotive,APAC,4100,Service Revenue,Revenue,15.172,SAP-BPC
2024-02,FY2024,Q1,Automotive,APAC,5000,Cost of Goods Sold,COGS,-27.816,SAP-BPC
2024-02,FY2024,Q1,Automotive,APAC,6100,Salaries & Wages,Opex,-4.046,SAP-BPC
2024-02,FY2024,Q1,Automotive,APAC,6200,Marketing,Opex,-1.517,SAP-BPC
2024-02,FY2024,Q1,Automotive,APAC,6300,R&D,Opex,-2.023,SAP-BPC
2024-02,FY2024,Q1,Automotive,APAC,6400,Travel,Opex,-0.506,SAP-BPC
2024-02,FY2024,Q1,Automotive,APAC,6500,IT & Infrastructure,Opex,-1.214,SAP-BPC
2024-02,FY2024,Q1,Automotive,APAC,6600,General & Admin,Opex,-0.809,SAP-BPC
2024-02,FY2024,Q1,Automotive,APAC,7100,Depreciation,D&A,-2.529,SAP-BPC
2024-02,FY2024,Q1,Automotive,APAC,8100,Interest Expense,Finance,-1.517,SAP-BPC
2024-02,FY2024,Q1,Automotive,APAC,9100,Income Tax,Tax,-3.161,SAP-BPC
2024-02,FY2024,Q1,Automotive,EMEA,4000,Product Revenue,Revenue,39.336,SAP-BPC
2024-02,FY2024,Q1,Automotive,EMEA,4100,Service Revenue,Revenue,16.858,SAP-BPC
2024-02,FY2024,Q1,Automotive,EMEA,5000,Cost of Goods Sold,COGS,-30.907,SAP-BPC
2024-02,FY2024,Q1,Automotive,EMEA,6100,Salaries & Wages,Opex,-4.496,SAP-BPC
2024-02,FY2024,Q1,Automotive,EMEA,6200,Marketing,Opex,-1.686,SAP-BPC
2024-02,FY2024,Q1,Automotive,EMEA,6300,R&D,Opex,-2.248,SAP-BPC
2024-02,FY2024,Q1,Automotive,EMEA,6400,Travel,Opex,-0.562,SAP-BPC
2024-02,FY2024,Q1,Automotive,EMEA,6500,IT & Infrastructure,Opex,-1.349,SAP-BPC
2024-02,FY2024,Q1,Automotive,EMEA,6600,General & Admin,Opex,-0.899,SAP-BPC
2024-02,FY2024,Q1,Automotive,EMEA,7100,Depreciation,D&A,-2.81,SAP-BPC
2024-02,FY2024,Q1,Automotive,EMEA,8100,Interest Expense,Finance,-1.686,SAP-BPC
2024-02,FY2024,Q1,Automotive,EMEA,9100,Income Tax,Tax,-3.512,SAP-BPC
2024-02,FY2024,Q1,Automotive,Americas,4000,Product Revenue,Revenue,47.203,SAP-BPC
2024-02,FY2024,Q1,Automotive,Americas,4100,Service Revenue,Revenue,20.23,SAP-BPC
2024-02,FY2024,Q1,Automotive,Americas,5000,Cost of Goods Sold,COGS,-37.088,SAP-BPC
2024-02,FY2024,Q1,Automotive,Americas,6100,Salaries & Wages,Opex,-5.395,SAP-BPC
2024-02,FY2024,Q1,Automotive,Americas,6200,Marketing,Opex,-2.023,SAP-BPC
2024-02,FY2024,Q1,Automotive,Americas,6300,R&D,Opex,-2.697,SAP-BPC
2024-02,FY2024,Q1,Automotive,Americas,6400,Travel,Opex,-0.674,SAP-BPC
2024-02,FY2024,Q1,Automotive,Americas,6500,IT & Infrastructure,Opex,-1.618,SAP-BPC
2024-02,FY2024,Q1,Automotive,Americas,6600,General & Admin,Opex,-1.079,SAP-BPC
2024-02,FY2024,Q1,Automotive,Americas,7100,Depreciation,D&A,-3.372,SAP-BPC
2024-02,FY2024,Q1,Automotive,Americas,8100,Interest Expense,Finance,-2.023,SAP-BPC
2024-02,FY2024,Q1,Automotive,Americas,9100,Income Tax,Tax,-4.215,SAP-BPC
2024-02,FY2024,Q1,Healthcare,APAC,4000,Product Revenue,Revenue,17.701,SAP-BPC
2024-02,FY2024,Q1,Healthcare,APAC,4100,Service Revenue,Revenue,7.586,SAP-BPC
2024-02,FY2024,Q1,Healthcare,APAC,5000,Cost of Goods Sold,COGS,-13.908,SAP-BPC
2024-02,FY2024,Q1,Healthcare,APAC,6100,Salaries & Wages,Opex,-2.023,SAP-BPC
2024-02,FY2024,Q1,Healthcare,APAC,6200,Marketing,Opex,-0.759,SAP-BPC
2024-02,FY2024,Q1,Healthcare,APAC,6300,R&D,Opex,-1.011,SAP-BPC
2024-02,FY2024,Q1,Healthcare,APAC,6400,Travel,Opex,-0.253,SAP-BPC
2024-02,FY2024,Q1,Healthcare,APAC,6500,IT & Infrastructure,Opex,-0.607,SAP-BPC
2024-02,FY2024,Q1,Healthcare,APAC,6600,General & Admin,Opex,-0.405,SAP-BPC
2024-02,FY2024,Q1,Healthcare,APAC,7100,Depreciation,D&A,-1.264,SAP-BPC
2024-02,FY2024,Q1,Healthcare,APAC,8100,Interest Expense,Finance,-0.759,SAP-BPC
2024-02,FY2024,Q1,Healthcare,APAC,9100,Income Tax,Tax,-1.58,SAP-BPC
2024-02,FY2024,Q1,Healthcare,EMEA,4000,Product Revenue,Revenue,19.668,SAP-BPC
2024-02,FY2024,Q1,Healthcare,EMEA,4100,Service Revenue,Revenue,8.429,SAP-BPC
2024-02,FY2024,Q1,Healthcare,EMEA,5000,Cost of Goods Sold,COGS,-15.453,SAP-BPC
2024-02,FY2024,Q1,Healthcare,EMEA,6100,Salaries & Wages,Opex,-2.248,SAP-BPC
2024-02,FY2024,Q1,Healthcare,EMEA,6200,Marketing,Opex,-0.843,SAP-BPC
2024-02,FY2024,Q1,Healthcare,EMEA,6300,R&D,Opex,-1.124,SAP-BPC
2024-02,FY2024,Q1,Healthcare,EMEA,6400,Travel,Opex,-0.281,SAP-BPC
2024-02,FY2024,Q1,Healthcare,EMEA,6500,IT & Infrastructure,Opex,-0.674,SAP-BPC
2024-02,FY2024,Q1,Healthcare,EMEA,6600,General & Admin,Opex,-0.45,SAP-BPC
2024-02,FY2024,Q1,Healthcare,EMEA,7100,Depreciation,D&A,-1.405,SAP-BPC
2024-02,FY2024,Q1,Healthcare,EMEA,8100,Interest Expense,Finance,-0.843,SAP-BPC
2024-02,FY2024,Q1,Healthcare,EMEA,9100,Income Tax,Tax,-1.756,SAP-BPC
2024-02,FY2024,Q1,Healthcare,Americas,4000,Product Revenue,Revenue,23.602,SAP-BPC
2024-02,FY2024,Q1,Healthcare,Americas,4100,Service Revenue,Revenue,10.115,SAP-BPC
2024-02,FY2024,Q1,Healthcare,Americas,5000,Cost of Goods Sold,COGS,-18.544,SAP-BPC
2024-02,FY2024,Q1,Healthcare,Americas,6100,Salaries & Wages,Opex,-2.697,SAP-BPC
2024-02,FY2024,Q1,Healthcare,Americas,6200,Marketing,Opex,-1.011,SAP-BPC
2024-02,FY2024,Q1,Healthcare,Americas,6300,R&D,Opex,-1.349,SAP-BPC
2024-02,FY2024,Q1,Healthcare,Americas,6400,Travel,Opex,-0.337,SAP-BPC
2024-02,FY2024,Q1,Healthcare,Americas,6500,IT & Infrastructure,Opex,-0.809,SAP-BPC
2024-02,FY2024,Q1,Healthcare,Americas,6600,General & Admin,Opex,-0.539,SAP-BPC
2024-02,FY2024,Q1,Healthcare,Americas,7100,Depreciation,D&A,-1.686,SAP-BPC
2024-02,FY2024,Q1,Healthcare,Americas,8100,Interest Expense,Finance,-1.011,SAP-BPC
2024-02,FY2024,Q1,Healthcare,Americas,9100,Income Tax,Tax,-2.107,SAP-BPC
2024-03,FY2024,Q1,Electronics,APAC,4000,Product Revenue,Revenue,25.644,SAP-BPC
2024-03,FY2024,Q1,Electronics,APAC,4100,Service Revenue,Revenue,10.99,SAP-BPC
2024-03,FY2024,Q1,Electronics,APAC,5000,Cost of Goods Sold,COGS,-20.148,SAP-BPC
2024-03,FY2024,Q1,Electronics,APAC,6100,Salaries & Wages,Opex,-2.931,SAP-BPC
2024-03,FY2024,Q1,Electronics,APAC,6200,Marketing,Opex,-1.099,SAP-BPC
2024-03,FY2024,Q1,Electronics,APAC,6300,R&D,Opex,-1.465,SAP-BPC
2024-03,FY2024,Q1,Electronics,APAC,6400,Travel,Opex,-0.366,SAP-BPC
2024-03,FY2024,Q1,Electronics,APAC,6500,IT & Infrastructure,Opex,-0.879,SAP-BPC
2024-03,FY2024,Q1,Electronics,APAC,6600,General & Admin,Opex,-0.586,SAP-BPC
2024-03,FY2024,Q1,Electronics,APAC,7100,Depreciation,D&A,-1.832,SAP-BPC
2024-03,FY2024,Q1,Electronics,APAC,8100,Interest Expense,Finance,-1.099,SAP-BPC
2024-03,FY2024,Q1,Electronics,APAC,9100,Income Tax,Tax,-2.29,SAP-BPC
2024-03,FY2024,Q1,Electronics,EMEA,4000,Product Revenue,Revenue,28.493,SAP-BPC
2024-03,FY2024,Q1,Electronics,EMEA,4100,Service Revenue,Revenue,12.211,SAP-BPC
2024-03,FY2024,Q1,Electronics,EMEA,5000,Cost of Goods Sold,COGS,-22.387,SAP-BPC
2024-03,FY2024,Q1,Electronics,EMEA,6100,Salaries & Wages,Opex,-3.256,SAP-BPC
2024-03,FY2024,Q1,Electronics,EMEA,6200,Marketing,Opex,-1.221,SAP-BPC
2024-03,FY2024,Q1,Electronics,EMEA,6300,R&D,Opex,-1.628,SAP-BPC
2024-03,FY2024,Q1,Electronics,EMEA,6400,Travel,Opex,-0.407,SAP-BPC
2024-03,FY2024,Q1,Electronics,EMEA,6500,IT & Infrastructure,Opex,-0.977,SAP-BPC
2024-03,FY2024,Q1,Electronics,EMEA,6600,General & Admin,Opex,-0.651,SAP-BPC
2024-03,FY2024,Q1,Electronics,EMEA,7100,Depreciation,D&A,-2.035,SAP-BPC
2024-03,FY2024,Q1,Electronics,EMEA,8100,Interest Expense,Finance,-1.221,SAP-BPC
2024-03,FY2024,Q1,Electronics,EMEA,9100,Income Tax,Tax,-2.544,SAP-BPC
2024-03,FY2024,Q1,Electronics,Americas,4000,Product Revenue,Revenue,34.191,SAP-BPC
2024-03,FY2024,Q1,Electronics,Americas,4100,Service Revenue,Revenue,14.653,SAP-BPC
2024-03,FY2024,Q1,Electronics,Americas,5000,Cost of Goods Sold,COGS,-26.865,SAP-BPC
2024-03,FY2024,Q1,Electronics,Americas,6100,Salaries & Wages,Opex,-3.908,SAP-BPC
2024-03,FY2024,Q1,Electronics,Americas,6200,Marketing,Opex,-1.465,SAP-BPC
2024-03,FY2024,Q1,Electronics,Americas,6300,R&D,Opex,-1.954,SAP-BPC
2024-03,FY2024,Q1,Electronics,Americas,6400,Travel,Opex,-0.488,SAP-BPC
2024-03,FY2024,Q1,Electronics,Americas,6500,IT & Infrastructure,Opex,-1.172,SAP-BPC
2024-03,FY2024,Q1,Electronics,Americas,6600,General & Admin,Opex,-0.782,SAP-BPC
2024-03,FY2024,Q1,Electronics,Americas,7100,Depreciation,D&A,-2.442,SAP-BPC
2024-03,FY2024,Q1,Electronics,Americas,8100,Interest Expense,Finance,-1.465,SAP-BPC
2024-03,FY2024,Q1,Electronics,Americas,9100,Income Tax,Tax,-3.053,SAP-BPC
2024-03,FY2024,Q1,Automotive,APAC,4000,Product Revenue,Revenue,35.901,SAP-BPC
2024-03,FY2024,Q1,Automotive,APAC,4100,Service Revenue,Revenue,15.386,SAP-BPC
2024-03,FY2024,Q1,Automotive,APAC,5000,Cost of Goods Sold,COGS,-28.208,SAP-BPC
2024-03,FY2024,Q1,Automotive,APAC,6100,Salaries & Wages,Opex,-4.103,SAP-BPC
2024-03,FY2024,Q1,Automotive,APAC,6200,Marketing,Opex,-1.539,SAP-BPC
2024-03,FY2024,Q1,Automotive,APAC,6300,R&D,Opex,-2.051,SAP-BPC
2024-03,FY2024,Q1,Automotive,APAC,6400,Travel,Opex,-0.513,SAP-BPC
2024-03,FY2024,Q1,Automotive,APAC,6500,IT & Infrastructure,Opex,-1.231,SAP-BPC
2024-03,FY2024,Q1,Automotive,APAC,6600,General & Admin,Opex,-0.821,SAP-BPC
2024-03,FY2024,Q1,Automotive,APAC,7100,Depreciation,D&A,-2.564,SAP-BPC
2024-03,FY2024,Q1,Automotive,APAC,8100,Interest Expense,Finance,-1.539,SAP-BPC
2024-03,FY2024,Q1,Automotive,APAC,9100,Income Tax,Tax,-3.205,SAP-BPC
2024-03,FY2024,Q1,Automotive,EMEA,4000,Product Revenue,Revenue,39.89,SAP-BPC
2024-03,FY2024,Q1,Automotive,EMEA,4100,Service Revenue,Revenue,17.096,SAP-BPC
2024-03,FY2024,Q1,Automotive,EMEA,5000,Cost of Goods Sold,COGS,-31.342,SAP-BPC
2024-03,FY2024,Q1,Automotive,EMEA,6100,Salaries & Wages,Opex,-4.559,SAP-BPC
2024-03,FY2024,Q1,Automotive,EMEA,6200,Marketing,Opex,-1.71,SAP-BPC
2024-03,FY2024,Q1,Automotive,EMEA,6300,R&D,Opex,-2.279,SAP-BPC
2024-03,FY2024,Q1,Automotive,EMEA,6400,Travel,Opex,-0.57,SAP-BPC
2024-03,FY2024,Q1,Automotive,EMEA,6500,IT & Infrastructure,Opex,-1.368,SAP-BPC
2024-03,FY2024,Q1,Automotive,EMEA,6600,General & Admin,Opex,-0.912,SAP-BPC
2024-03,FY2024,Q1,Automotive,EMEA,7100,Depreciation,D&A,-2.849,SAP-BPC
2024-03,FY2024,Q1,Automotive,EMEA,8100,Interest Expense,Finance,-1.71,SAP-BPC
2024-03,FY2024,Q1,Automotive,EMEA,9100,Income Tax,Tax,-3.562,SAP-BPC
2024-03,FY2024,Q1,Automotive,Americas,4000,Product Revenue,Revenue,47.868,SAP-BPC
2024-03,FY2024,Q1,Automotive,Americas,4100,Service Revenue,Revenue,20.515,SAP-BPC
2024-03,FY2024,Q1,Automotive,Americas,5000,Cost of Goods Sold,COGS,-37.61,SAP-BPC
2024-03,FY2024,Q1,Automotive,Americas,6100,Salaries & Wages,Opex,-5.471,SAP-BPC
2024-03,FY2024,Q1,Automotive,Americas,6200,Marketing,Opex,-2.051,SAP-BPC
2024-03,FY2024,Q1,Automotive,Americas,6300,R&D,Opex,-2.735,SAP-BPC
2024-03,FY2024,Q1,Automotive,Americas,6400,Travel,Opex,-0.684,SAP-BPC
2024-03,FY2024,Q1,Automotive,Americas,6500,IT & Infrastructure,Opex,-1.641,SAP-BPC
2024-03,FY2024,Q1,Automotive,Americas,6600,General & Admin,Opex,-1.094,SAP-BPC
2024-03,FY2024,Q1,Automotive,Americas,7100,Depreciation,D&A,-3.419,SAP-BPC
2024-03,FY2024,Q1,Automotive,Americas,8100,Interest Expense,Finance,-2.051,SAP-BPC
2024-03,FY2024,Q1,Automotive,Americas,9100,Income Tax,Tax,-4.274,SAP-BPC
2024-03,FY2024,Q1,Healthcare,APAC,4000,Product Revenue,Revenue,17.95,SAP-BPC
2024-03,FY2024,Q1,Healthcare,APAC,4100,Service Revenue,Revenue,7.693,SAP-BPC
2024-03,FY2024,Q1,Healthcare,APAC,5000,Cost of Goods Sold,COGS,-14.104,SAP-BPC
2024-03,FY2024,Q1,Healthcare,APAC,6100,Salaries & Wages,Opex,-2.051,SAP-BPC
2024-03,FY2024,Q1,Healthcare,APAC,6200,Marketing,Opex,-0.769,SAP-BPC
2024-03,FY2024,Q1,Healthcare,APAC,6300,R&D,Opex,-1.026,SAP-BPC
2024-03,FY2024,Q1,Healthcare,APAC,6400,Travel,Opex,-0.256,SAP-BPC
2024-03,FY2024,Q1,Healthcare,APAC,6500,IT & Infrastructure,Opex,-0.615,SAP-BPC
2024-03,FY2024,Q1,Healthcare,APAC,6600,General & Admin,Opex,-0.41,SAP-BPC
2024-03,FY2024,Q1,Healthcare,APAC,7100,Depreciation,D&A,-1.282,SAP-BPC
2024-03,FY2024,Q1,Healthcare,APAC,8100,Interest Expense,Finance,-0.769,SAP-BPC
2024-03,FY2024,Q1,Healthcare,APAC,9100,Income Tax,Tax,-1.603,SAP-BPC
2024-03,FY2024,Q1,Healthcare,EMEA,4000,Product Revenue,Revenue,19.945,SAP-BPC
2024-03,FY2024,Q1,Healthcare,EMEA,4100,Service Revenue,Revenue,8.548,SAP-BPC
2024-03,FY2024,Q1,Healthcare,EMEA,5000,Cost of Goods Sold,COGS,-15.671,SAP-BPC
2024-03,FY2024,Q1,Healthcare,EMEA,6100,Salaries & Wages,Opex,-2.279,SAP-BPC
2024-03,FY2024,Q1,Healthcare,EMEA,6200,Marketing,Opex,-0.855,SAP-BPC
2024-03,FY2024,Q1,Healthcare,EMEA,6300,R&D,Opex,-1.14,SAP-BPC
2024-03,FY2024,Q1,Healthcare,EMEA,6400,Travel,Opex,-0.285,SAP-BPC
2024-03,FY2024,Q1,Healthcare,EMEA,6500,IT & Infrastructure,Opex,-0.684,SAP-BPC
2024-03,FY2024,Q1,Healthcare,EMEA,6600,General & Admin,Opex,-0.456,SAP-BPC
2024-03,FY2024,Q1,Healthcare,EMEA,7100,Depreciation,D&A,-1.425,SAP-BPC
2024-03,FY2024,Q1,Healthcare,EMEA,8100,Interest Expense,Finance,-0.855,SAP-BPC
2024-03,FY2024,Q1,Healthcare,EMEA,9100,Income Tax,Tax,-1.781,SAP-BPC
2024-03,FY2024,Q1,Healthcare,Americas,4000,Product Revenue,Revenue,23.934,SAP-BPC
2024-03,FY2024,Q1,Healthcare,Americas,4100,Service Revenue,Revenue,10.257,SAP-BPC
2024-03,FY2024,Q1,Healthcare,Americas,5000,Cost of Goods Sold,COGS,-18.805,SAP-BPC
2024-03,FY2024,Q1,Healthcare,Americas,6100,Salaries & Wages,Opex,-2.735,SAP-BPC
2024-03,FY2024,Q1,Healthcare,Americas,6200,Marketing,Opex,-1.026,SAP-BPC
2024-03,FY2024,Q1,Healthcare,Americas,6300,R&D,Opex,-1.368,SAP-BPC
2024-03,FY2024,Q1,Healthcare,Americas,6400,Travel,Opex,-0.342,SAP-BPC
2024-03,FY2024,Q1,Healthcare,Americas,6500,IT & Infrastructure,Opex,-0.821,SAP-BPC
2024-03,FY2024,Q1,Healthcare,Americas,6600,General & Admin,Opex,-0.547,SAP-BPC
2024-03,FY2024,Q1,Healthcare,Americas,7100,Depreciation,D&A,-1.71,SAP-BPC
2024-03,FY2024,Q1,Healthcare,Americas,8100,Interest Expense,Finance,-1.026,SAP-BPC
2024-03,FY2024,Q1,Healthcare,Americas,9100,Income Tax,Tax,-2.137,SAP-BPC
2024-04,FY2024,Q2,Electronics,APAC,4000,Product Revenue,Revenue,26.0,SAP-BPC
2024-04,FY2024,Q2,Electronics,APAC,4100,Service Revenue,Revenue,11.143,SAP-BPC
2024-04,FY2024,Q2,Electronics,APAC,5000,Cost of Goods Sold,COGS,-20.428,SAP-BPC
2024-04,FY2024,Q2,Electronics,APAC,6100,Salaries & Wages,Opex,-2.971,SAP-BPC
2024-04,FY2024,Q2,Electronics,APAC,6200,Marketing,Opex,-1.114,SAP-BPC
2024-04,FY2024,Q2,Electronics,APAC,6300,R&D,Opex,-1.486,SAP-BPC
2024-04,FY2024,Q2,Electronics,APAC,6400,Travel,Opex,-0.371,SAP-BPC
2024-04,FY2024,Q2,Electronics,APAC,6500,IT & Infrastructure,Opex,-0.891,SAP-BPC
2024-04,FY2024,Q2,Electronics,APAC,6600,General & Admin,Opex,-0.594,SAP-BPC
2024-04,FY2024,Q2,Electronics,APAC,7100,Depreciation,D&A,-1.857,SAP-BPC
2024-04,FY2024,Q2,Electronics,APAC,8100,Interest Expense,Finance,-1.114,SAP-BPC
2024-04,FY2024,Q2,Electronics,APAC,9100,Income Tax,Tax,-2.321,SAP-BPC
2024-04,FY2024,Q2,Electronics,EMEA,4000,Product Revenue,Revenue,28.889,SAP-BPC
2024-04,FY2024,Q2,Electronics,EMEA,4100,Service Revenue,Revenue,12.381,SAP-BPC
2024-04,FY2024,Q2,Electronics,EMEA,5000,Cost of Goods Sold,COGS,-22.698,SAP-BPC
2024-04,FY2024,Q2,Electronics,EMEA,6100,Salaries & Wages,Opex,-3.302,SAP-BPC
2024-04,FY2024,Q2,Electronics,EMEA,6200,Marketing,Opex,-1.238,SAP-BPC
2024-04,FY2024,Q2,Electronics,EMEA,6300,R&D,Opex,-1.651,SAP-BPC
2024-04,FY2024,Q2,Electronics,EMEA,6400,Travel,Opex,-0.413,SAP-BPC
2024-04,FY2024,Q2,Electronics,EMEA,6500,IT & Infrastructure,Opex,-0.99,SAP-BPC
2024-04,FY2024,Q2,Electronics,EMEA,6600,General & Admin,Opex,-0.66,SAP-BPC
2024-04,FY2024,Q2,Electronics,EMEA,7100,Depreciation,D&A,-2.063,SAP-BPC
2024-04,FY2024,Q2,Electronics,EMEA,8100,Interest Expense,Finance,-1.238,SAP-BPC
2024-04,FY2024,Q2,Electronics,EMEA,9100,Income Tax,Tax,-2.579,SAP-BPC
2024-04,FY2024,Q2,Electronics,Americas,4000,Product Revenue,Revenue,34.666,SAP-BPC
2024-04,FY2024,Q2,Electronics,Americas,4100,Service Revenue,Revenue,14.857,SAP-BPC
2024-04,FY2024,Q2,Electronics,Americas,5000,Cost of Goods Sold,COGS,-27.238,SAP-BPC
2024-04,FY2024,Q2,Electronics,Americas,6100,Salaries & Wages,Opex,-3.962,SAP-BPC
2024-04,FY2024,Q2,Electronics,Americas,6200,Marketing,Opex,-1.486,SAP-BPC
2024-04,FY2024,Q2,Electronics,Americas,6300,R&D,Opex,-1.981,SAP-BPC
2024-04,FY2024,Q2,Electronics,Americas,6400,Travel,Opex,-0.495,SAP-BPC
2024-04,FY2024,Q2,Electronics,Americas,6500,IT & Infrastructure,Opex,-1.189,SAP-BPC
2024-04,FY2024,Q2,Electronics,Americas,6600,General & Admin,Opex,-0.792,SAP-BPC
2024-04,FY2024,Q2,Electronics,Americas,7100,Depreciation,D&A,-2.476,SAP-BPC
2024-04,FY2024,Q2,Electronics,Americas,8100,Interest Expense,Finance,-1.486,SAP-BPC
2024-04,FY2024,Q2,Electronics,Americas,9100,Income Tax,Tax,-3.095,SAP-BPC
2024-04,FY2024,Q2,Automotive,APAC,4000,Product Revenue,Revenue,36.4,SAP-BPC
2024-04,FY2024,Q2,Automotive,APAC,4100,Service Revenue,Revenue,15.6,SAP-BPC
2024-04,FY2024,Q2,Automotive,APAC,5000,Cost of Goods Sold,COGS,-28.6,SAP-BPC
2024-04,FY2024,Q2,Automotive,APAC,6100,Salaries & Wages,Opex,-4.16,SAP-BPC
2024-04,FY2024,Q2,Automotive,APAC,6200,Marketing,Opex,-1.56,SAP-BPC
2024-04,FY2024,Q2,Automotive,APAC,6300,R&D,Opex,-2.08,SAP-BPC
2024-04,FY2024,Q2,Automotive,APAC,6400,Travel,Opex,-0.52,SAP-BPC
2024-04,FY2024,Q2,Automotive,APAC,6500,IT & Infrastructure,Opex,-1.248,SAP-BPC
2024-04,FY2024,Q2,Automotive,APAC,6600,General & Admin,Opex,-0.832,SAP-BPC
2024-04,FY2024,Q2,Automotive,APAC,7100,Depreciation,D&A,-2.6,SAP-BPC
2024-04,FY2024,Q2,Automotive,APAC,8100,Interest Expense,Finance,-1.56,SAP-BPC
2024-04,FY2024,Q2,Automotive,APAC,9100,Income Tax,Tax,-3.25,SAP-BPC
2024-04,FY2024,Q2,Automotive,EMEA,4000,Product Revenue,Revenue,40.444,SAP-BPC
2024-04,FY2024,Q2,Automotive,EMEA,4100,Service Revenue,Revenue,17.333,SAP-BPC
2024-04,FY2024,Q2,Automotive,EMEA,5000,Cost of Goods Sold,COGS,-31.777,SAP-BPC
2024-04,FY2024,Q2,Automotive,EMEA,6100,Salaries & Wages,Opex,-4.622,SAP-BPC
2024-04,FY2024,Q2,Automotive,EMEA,6200,Marketing,Opex,-1.733,SAP-BPC
2024-04,FY2024,Q2,Automotive,EMEA,6300,R&D,Opex,-2.311,SAP-BPC
2024-04,FY2024,Q2,Automotive,EMEA,6400,Travel,Opex,-0.578,SAP-BPC
2024-04,FY2024,Q2,Automotive,EMEA,6500,IT & Infrastructure,Opex,-1.387,SAP-BPC
2024-04,FY2024,Q2,Automotive,EMEA,6600,General & Admin,Opex,-0.924,SAP-BPC
2024-04,FY2024,Q2,Automotive,EMEA,7100,Depreciation,D&A,-2.889,SAP-BPC
2024-04,FY2024,Q2,Automotive,EMEA,8100,Interest Expense,Finance,-1.733,SAP-BPC
2024-04,FY2024,Q2,Automotive,EMEA,9100,Income Tax,Tax,-3.611,SAP-BPC
2024-04,FY2024,Q2,Automotive,Americas,4000,Product Revenue,Revenue,48.533,SAP-BPC
2024-04,FY2024,Q2,Automotive,Americas,4100,Service Revenue,Revenue,20.8,SAP-BPC
2024-04,FY2024,Q2,Automotive,Americas,5000,Cost of Goods Sold,COGS,-38.133,SAP-BPC
2024-04,FY2024,Q2,Automotive,Americas,6100,Salaries & Wages,Opex,-5.547,SAP-BPC
2024-04,FY2024,Q2,Automotive,Americas,6200,Marketing,Opex,-2.08,SAP-BPC
2024-04,FY2024,Q2,Automotive,Americas,6300,R&D,Opex,-2.773,SAP-BPC
2024-04,FY2024,Q2,Automotive,Americas,6400,Travel,Opex,-0.693,SAP-BPC
2024-04,FY2024,Q2,Automotive,Americas,6500,IT & Infrastructure,Opex,-1.664,SAP-BPC
2024-04,FY2024,Q2,Automotive,Americas,6600,General & Admin,Opex,-1.109,SAP-BPC
2024-04,FY2024,Q2,Automotive,Americas,7100,Depreciation,D&A,-3.467,SAP-BPC
2024-04,FY2024,Q2,Automotive,Americas,8100,Interest Expense,Finance,-2.08,SAP-BPC
2024-04,FY2024,Q2,Automotive,Americas,9100,Income Tax,Tax,-4.333,SAP-BPC
2024-04,FY2024,Q2,Healthcare,APAC,4000,Product Revenue,Revenue,18.2,SAP-BPC
2024-04,FY2024,Q2,Healthcare,APAC,4100,Service Revenue,Revenue,7.8,SAP-BPC
2024-04,FY2024,Q2,Healthcare,APAC,5000,Cost of Goods Sold,COGS,-14.3,SAP-BPC
2024-04,FY2024,Q2,Healthcare,APAC,6100,Salaries & Wages,Opex,-2.08,SAP-BPC
2024-04,FY2024,Q2,Healthcare,APAC,6200,Marketing,Opex,-0.78,SAP-BPC
2024-04,FY2024,Q2,Healthcare,APAC,6300,R&D,Opex,-1.04,SAP-BPC
2024-04,FY2024,Q2,Healthcare,APAC,6400,Travel,Opex,-0.26,SAP-BPC
2024-04,FY2024,Q2,Healthcare,APAC,6500,IT & Infrastructure,Opex,-0.624,SAP-BPC
2024-04,FY2024,Q2,Healthcare,APAC,6600,General & Admin,Opex,-0.416,SAP-BPC
2024-04,FY2024,Q2,Healthcare,APAC,7100,Depreciation,D&A,-1.3,SAP-BPC
2024-04,FY2024,Q2,Healthcare,APAC,8100,Interest Expense,Finance,-0.78,SAP-BPC
2024-04,FY2024,Q2,Healthcare,APAC,9100,Income Tax,Tax,-1.625,SAP-BPC
2024-04,FY2024,Q2,Healthcare,EMEA,4000,Product Revenue,Revenue,20.222,SAP-BPC
2024-04,FY2024,Q2,Healthcare,EMEA,4100,Service Revenue,Revenue,8.667,SAP-BPC
2024-04,FY2024,Q2,Healthcare,EMEA,5000,Cost of Goods Sold,COGS,-15.889,SAP-BPC
2024-04,FY2024,Q2,Healthcare,EMEA,6100,Salaries & Wages,Opex,-2.311,SAP-BPC
2024-04,FY2024,Q2,Healthcare,EMEA,6200,Marketing,Opex,-0.867,SAP-BPC
2024-04,FY2024,Q2,Healthcare,EMEA,6300,R&D,Opex,-1.156,SAP-BPC
2024-04,FY2024,Q2,Healthcare,EMEA,6400,Travel,Opex,-0.289,SAP-BPC
2024-04,FY2024,Q2,Healthcare,EMEA,6500,IT & Infrastructure,Opex,-0.693,SAP-BPC
2024-04,FY2024,Q2,Healthcare,EMEA,6600,General & Admin,Opex,-0.462,SAP-BPC
2024-04,FY2024,Q2,Healthcare,EMEA,7100,Depreciation,D&A,-1.444,SAP-BPC
2024-04,FY2024,Q2,Healthcare,EMEA,8100,Interest Expense,Finance,-0.867,SAP-BPC
2024-04,FY2024,Q2,Healthcare,EMEA,9100,Income Tax,Tax,-1.806,SAP-BPC
2024-04,FY2024,Q2,Healthcare,Americas,4000,Product Revenue,Revenue,24.266,SAP-BPC
2024-04,FY2024,Q2,Healthcare,Americas,4100,Service Revenue,Revenue,10.4,SAP-BPC
2024-04,FY2024,Q2,Healthcare,Americas,5000,Cost of Goods Sold,COGS,-19.066,SAP-BPC
2024-04,FY2024,Q2,Healthcare,Americas,6100,Salaries & Wages,Opex,-2.773,SAP-BPC
2024-04,FY2024,Q2,Healthcare,Americas,6200,Marketing,Opex,-1.04,SAP-BPC
2024-04,FY2024,Q2,Healthcare,Americas,6300,R&D,Opex,-1.387,SAP-BPC
2024-04,FY2024,Q2,Healthcare,Americas,6400,Travel,Opex,-0.347,SAP-BPC
2024-04,FY2024,Q2,Healthcare,Americas,6500,IT & Infrastructure,Opex,-0.832,SAP-BPC
2024-04,FY2024,Q2,Healthcare,Americas,6600,General & Admin,Opex,-0.555,SAP-BPC
2024-04,FY2024,Q2,Healthcare,Americas,7100,Depreciation,D&A,-1.733,SAP-BPC
2024-04,FY2024,Q2,Healthcare,Americas,8100,Interest Expense,Finance,-1.04,SAP-BPC
2024-04,FY2024,Q2,Healthcare,Americas,9100,Income Tax,Tax,-2.167,SAP-BPC
2024-05,FY2024,Q2,Electronics,APAC,4000,Product Revenue,Revenue,26.356,SAP-BPC
2024-05,FY2024,Q2,Electronics,APAC,4100,Service Revenue,Revenue,11.295,SAP-BPC
2024-05,FY2024,Q2,Electronics,APAC,5000,Cost of Goods Sold,COGS,-20.708,SAP-BPC
2024-05,FY2024,Q2,Electronics,APAC,6100,Salaries & Wages,Opex,-3.012,SAP-BPC
2024-05,FY2024,Q2,Electronics,APAC,6200,Marketing,Opex,-1.13,SAP-BPC
2024-05,FY2024,Q2,Electronics,APAC,6300,R&D,Opex,-1.506,SAP-BPC
2024-05,FY2024,Q2,Electronics,APAC,6400,Travel,Opex,-0.377,SAP-BPC
2024-05,FY2024,Q2,Electronics,APAC,6500,IT & Infrastructure,Opex,-0.904,SAP-BPC
2024-05,FY2024,Q2,Electronics,APAC,6600,General & Admin,Opex,-0.602,SAP-BPC
2024-05,FY2024,Q2,Electronics,APAC,7100,Depreciation,D&A,-1.883,SAP-BPC
2024-05,FY2024,Q2,Electronics,APAC,8100,Interest Expense,Finance,-1.13,SAP-BPC
2024-05,FY2024,Q2,Electronics,APAC,9100,Income Tax,Tax,-2.353,SAP-BPC
2024-05,FY2024,Q2,Electronics,EMEA,4000,Product Revenue,Revenue,29.284,SAP-BPC
2024-05,FY2024,Q2,Electronics,EMEA,4100,Service Revenue,Revenue,12.55,SAP-BPC
2024-05,FY2024,Q2,Electronics,EMEA,5000,Cost of Goods Sold,COGS,-23.009,SAP-BPC
2024-05,FY2024,Q2,Electronics,EMEA,6100,Salaries & Wages,Opex,-3.347,SAP-BPC
2024-05,FY2024,Q2,Electronics,EMEA,6200,Marketing,Opex,-1.255,SAP-BPC
2024-05,FY2024,Q2,Electronics,EMEA,6300,R&D,Opex,-1.673,SAP-BPC
2024-05,FY2024,Q2,Electronics,EMEA,6400,Travel,Opex,-0.418,SAP-BPC
2024-05,FY2024,Q2,Electronics,EMEA,6500,IT & Infrastructure,Opex,-1.004,SAP-BPC
2024-05,FY2024,Q2,Electronics,EMEA,6600,General & Admin,Opex,-0.669,SAP-BPC
2024-05,FY2024,Q2,Electronics,EMEA,7100,Depreciation,D&A,-2.092,SAP-BPC
2024-05,FY2024,Q2,Electronics,EMEA,8100,Interest Expense,Finance,-1.255,SAP-BPC
2024-05,FY2024,Q2,Electronics,EMEA,9100,Income Tax,Tax,-2.615,SAP-BPC
2024-05,FY2024,Q2,Electronics,Americas,4000,Product Revenue,Revenue,35.141,SAP-BPC
2024-05,FY2024,Q2,Electronics,Americas,4100,Service Revenue,Revenue,15.06,SAP-BPC
2024-05,FY2024,Q2,Electronics,Americas,5000,Cost of Goods Sold,COGS,-27.611,SAP-BPC
2024-05,FY2024,Q2,Electronics,Americas,6100,Salaries & Wages,Opex,-4.016,SAP-BPC
2024-05,FY2024,Q2,Electronics,Americas,6200,Marketing,Opex,-1.506,SAP-BPC
2024-05,FY2024,Q2,Electronics,Americas,6300,R&D,Opex,-2.008,SAP-BPC
2024-05,FY2024,Q2,Electronics,Americas,6400,Travel,Opex,-0.502,SAP-BPC
2024-05,FY2024,Q2,Electronics,Americas,6500,IT & Infrastructure,Opex,-1.205,SAP-BPC
2024-05,FY2024,Q2,Electronics,Americas,6600,General & Admin,Opex,-0.803,SAP-BPC
2024-05,FY2024,Q2,Electronics,Americas,7100,Depreciation,D&A,-2.51,SAP-BPC
2024-05,FY2024,Q2,Electronics,Americas,8100,Interest Expense,Finance,-1.506,SAP-BPC
2024-05,FY2024,Q2,Electronics,Americas,9100,Income Tax,Tax,-3.138,SAP-BPC
2024-05,FY2024,Q2,Automotive,APAC,4000,Product Revenue,Revenue,36.898,SAP-BPC
2024-05,FY2024,Q2,Automotive,APAC,4100,Service Revenue,Revenue,15.814,SAP-BPC
2024-05,FY2024,Q2,Automotive,APAC,5000,Cost of Goods Sold,COGS,-28.991,SAP-BPC
2024-05,FY2024,Q2,Automotive,APAC,6100,Salaries & Wages,Opex,-4.217,SAP-BPC
2024-05,FY2024,Q2,Automotive,APAC,6200,Marketing,Opex,-1.581,SAP-BPC
2024-05,FY2024,Q2,Automotive,APAC,6300,R&D,Opex,-2.108,SAP-BPC
2024-05,FY2024,Q2,Automotive,APAC,6400,Travel,Opex,-0.527,SAP-BPC
2024-05,FY2024,Q2,Automotive,APAC,6500,IT & Infrastructure,Opex,-1.265,SAP-BPC
2024-05,FY2024,Q2,Automotive,APAC,6600,General & Admin,Opex,-0.843,SAP-BPC
2024-05,FY2024,Q2,Automotive,APAC,7100,Depreciation,D&A,-2.636,SAP-BPC
2024-05,FY2024,Q2,Automotive,APAC,8100,Interest Expense,Finance,-1.581,SAP-BPC
2024-05,FY2024,Q2,Automotive,APAC,9100,Income Tax,Tax,-3.294,SAP-BPC
2024-05,FY2024,Q2,Automotive,EMEA,4000,Product Revenue,Revenue,40.998,SAP-BPC
2024-05,FY2024,Q2,Automotive,EMEA,4100,Service Revenue,Revenue,17.571,SAP-BPC
2024-05,FY2024,Q2,Automotive,EMEA,5000,Cost of Goods Sold,COGS,-32.213,SAP-BPC
2024-05,FY2024,Q2,Automotive,EMEA,6100,Salaries & Wages,Opex,-4.685,SAP-BPC
2024-05,FY2024,Q2,Automotive,EMEA,6200,Marketing,Opex,-1.757,SAP-BPC
2024-05,FY2024,Q2,Automotive,EMEA,6300,R&D,Opex,-2.343,SAP-BPC
2024-05,FY2024,Q2,Automotive,EMEA,6400,Travel,Opex,-0.586,SAP-BPC
2024-05,FY2024,Q2,Automotive,EMEA,6500,IT & Infrastructure,Opex,-1.406,SAP-BPC
2024-05,FY2024,Q2,Automotive,EMEA,6600,General & Admin,Opex,-0.937,SAP-BPC
2024-05,FY2024,Q2,Automotive,EMEA,7100,Depreciation,D&A,-2.928,SAP-BPC
2024-05,FY2024,Q2,Automotive,EMEA,8100,Interest Expense,Finance,-1.757,SAP-BPC
2024-05,FY2024,Q2,Automotive,EMEA,9100,Income Tax,Tax,-3.661,SAP-BPC
2024-05,FY2024,Q2,Automotive,Americas,4000,Product Revenue,Revenue,49.198,SAP-BPC
2024-05,FY2024,Q2,Automotive,Americas,4100,Service Revenue,Revenue,21.085,SAP-BPC
2024-05,FY2024,Q2,Automotive,Americas,5000,Cost of Goods Sold,COGS,-38.655,SAP-BPC
2024-05,FY2024,Q2,Automotive,Americas,6100,Salaries & Wages,Opex,-5.623,SAP-BPC
2024-05,FY2024,Q2,Automotive,Americas,6200,Marketing,Opex,-2.108,SAP-BPC
2024-05,FY2024,Q2,Automotive,Americas,6300,R&D,Opex,-2.811,SAP-BPC
2024-05,FY2024,Q2,Automotive,Americas,6400,Travel,Opex,-0.703,SAP-BPC
2024-05,FY2024,Q2,Automotive,Americas,6500,IT & Infrastructure,Opex,-1.687,SAP-BPC
2024-05,FY2024,Q2,Automotive,Americas,6600,General & Admin,Opex,-1.125,SAP-BPC
2024-05,FY2024,Q2,Automotive,Americas,7100,Depreciation,D&A,-3.514,SAP-BPC
2024-05,FY2024,Q2,Automotive,Americas,8100,Interest Expense,Finance,-2.108,SAP-BPC
2024-05,FY2024,Q2,Automotive,Americas,9100,Income Tax,Tax,-4.393,SAP-BPC
2024-05,FY2024,Q2,Healthcare,APAC,4000,Product Revenue,Revenue,18.449,SAP-BPC
2024-05,FY2024,Q2,Healthcare,APAC,4100,Service Revenue,Revenue,7.907,SAP-BPC
2024-05,FY2024,Q2,Healthcare,APAC,5000,Cost of Goods Sold,COGS,-14.496,SAP-BPC
2024-05,FY2024,Q2,Healthcare,APAC,6100,Salaries & Wages,Opex,-2.108,SAP-BPC
2024-05,FY2024,Q2,Healthcare,APAC,6200,Marketing,Opex,-0.791,SAP-BPC
2024-05,FY2024,Q2,Healthcare,APAC,6300,R&D,Opex,-1.054,SAP-BPC
2024-05,FY2024,Q2,Healthcare,APAC,6400,Travel,Opex,-0.264,SAP-BPC
2024-05,FY2024,Q2,Healthcare,APAC,6500,IT & Infrastructure,Opex,-0.633,SAP-BPC
2024-05,FY2024,Q2,Healthcare,APAC,6600,General & Admin,Opex,-0.422,SAP-BPC
2024-05,FY2024,Q2,Healthcare,APAC,7100,Depreciation,D&A,-1.318,SAP-BPC
2024-05,FY2024,Q2,Healthcare,APAC,8100,Interest Expense,Finance,-0.791,SAP-BPC
2024-05,FY2024,Q2,Healthcare,APAC,9100,Income Tax,Tax,-1.647,SAP-BPC
2024-05,FY2024,Q2,Healthcare,EMEA,4000,Product Revenue,Revenue,20.499,SAP-BPC
2024-05,FY2024,Q2,Healthcare,EMEA,4100,Service Revenue,Revenue,8.785,SAP-BPC
2024-05,FY2024,Q2,Healthcare,EMEA,5000,Cost of Goods Sold,COGS,-16.106,SAP-BPC
2024-05,FY2024,Q2,Healthcare,EMEA,6100,Salaries & Wages,Opex,-2.343,SAP-BPC
2024-05,FY2024,Q2,Healthcare,EMEA,6200,Marketing,Opex,-0.879,SAP-BPC
2024-05,FY2024,Q2,Healthcare,EMEA,6300,R&D,Opex,-1.171,SAP-BPC
2024-05,FY2024,Q2,Healthcare,EMEA,6400,Travel,Opex,-0.293,SAP-BPC
2024-05,FY2024,Q2,Healthcare,EMEA,6500,IT & Infrastructure,Opex,-0.703,SAP-BPC
2024-05,FY2024,Q2,Healthcare,EMEA,6600,General & Admin,Opex,-0.469,SAP-BPC
2024-05,FY2024,Q2,Healthcare,EMEA,7100,Depreciation,D&A,-1.464,SAP-BPC
2024-05,FY2024,Q2,Healthcare,EMEA,8100,Interest Expense,Finance,-0.879,SAP-BPC
2024-05,FY2024,Q2,Healthcare,EMEA,9100,Income Tax,Tax,-1.83,SAP-BPC
2024-05,FY2024,Q2,Healthcare,Americas,4000,Product Revenue,Revenue,24.599,SAP-BPC
2024-05,FY2024,Q2,Healthcare,Americas,4100,Service Revenue,Revenue,10.542,SAP-BPC
2024-05,FY2024,Q2,Healthcare,Americas,5000,Cost of Goods Sold,COGS,-19.328,SAP-BPC
2024-05,FY2024,Q2,Healthcare,Americas,6100,Salaries & Wages,Opex,-2.811,SAP-BPC
2024-05,FY2024,Q2,Healthcare,Americas,6200,Marketing,Opex,-1.054,SAP-BPC
2024-05,FY2024,Q2,Healthcare,Americas,6300,R&D,Opex,-1.406,SAP-BPC
2024-05,FY2024,Q2,Healthcare,Americas,6400,Travel,Opex,-0.351,SAP-BPC
2024-05,FY2024,Q2,Healthcare,Americas,6500,IT & Infrastructure,Opex,-0.843,SAP-BPC
2024-05,FY2024,Q2,Healthcare,Americas,6600,General & Admin,Opex,-0.562,SAP-BPC
2024-05,FY2024,Q2,Healthcare,Americas,7100,Depreciation,D&A,-1.757,SAP-BPC
2024-05,FY2024,Q2,Healthcare,Americas,8100,Interest Expense,Finance,-1.054,SAP-BPC
2024-05,FY2024,Q2,Healthcare,Americas,9100,Income Tax,Tax,-2.196,SAP-BPC
2024-06,FY2024,Q2,Electronics,APAC,4000,Product Revenue,Revenue,26.712,SAP-BPC
2024-06,FY2024,Q2,Electronics,APAC,4100,Service Revenue,Revenue,11.448,SAP-BPC
2024-06,FY2024,Q2,Electronics,APAC,5000,Cost of Goods Sold,COGS,-20.988,SAP-BPC
2024-06,FY2024,Q2,Electronics,APAC,6100,Salaries & Wages,Opex,-3.053,SAP-BPC
2024-06,FY2024,Q2,Electronics,APAC,6200,Marketing,Opex,-1.145,SAP-BPC
2024-06,FY2024,Q2,Electronics,APAC,6300,R&D,Opex,-1.526,SAP-BPC
2024-06,FY2024,Q2,Electronics,APAC,6400,Travel,Opex,-0.382,SAP-BPC
2024-06,FY2024,Q2,Electronics,APAC,6500,IT & Infrastructure,Opex,-0.916,SAP-BPC
2024-06,FY2024,Q2,Electronics,APAC,6600,General & Admin,Opex,-0.611,SAP-BPC
2024-06,FY2024,Q2,Electronics,APAC,7100,Depreciation,D&A,-1.908,SAP-BPC
2024-06,FY2024,Q2,Electronics,APAC,8100,Interest Expense,Finance,-1.145,SAP-BPC
2024-06,FY2024,Q2,Electronics,APAC,9100,Income Tax,Tax,-2.385,SAP-BPC
2024-06,FY2024,Q2,Electronics,EMEA,4000,Product Revenue,Revenue,29.68,SAP-BPC
2024-06,FY2024,Q2,Electronics,EMEA,4100,Service Revenue,Revenue,12.72,SAP-BPC
2024-06,FY2024,Q2,Electronics,EMEA,5000,Cost of Goods Sold,COGS,-23.32,SAP-BPC
2024-06,FY2024,Q2,Electronics,EMEA,6100,Salaries & Wages,Opex,-3.392,SAP-BPC
2024-06,FY2024,Q2,Electronics,EMEA,6200,Marketing,Opex,-1.272,SAP-BPC
2024-06,FY2024,Q2,Electronics,EMEA,6300,R&D,Opex,-1.696,SAP-BPC
2024-06,FY2024,Q2,Electronics,EMEA,6400,Travel,Opex,-0.424,SAP-BPC
2024-06,FY2024,Q2,Electronics,EMEA,6500,IT & Infrastructure,Opex,-1.018,SAP-BPC
2024-06,FY2024,Q2,Electronics,EMEA,6600,General & Admin,Opex,-0.678,SAP-BPC
2024-06,FY2024,Q2,Electronics,EMEA,7100,Depreciation,D&A,-2.12,SAP-BPC
2024-06,FY2024,Q2,Electronics,EMEA,8100,Interest Expense,Finance,-1.272,SAP-BPC
2024-06,FY2024,Q2,Electronics,EMEA,9100,Income Tax,Tax,-2.65,SAP-BPC
2024-06,FY2024,Q2,Electronics,Americas,4000,Product Revenue,Revenue,35.616,SAP-BPC
2024-06,FY2024,Q2,Electronics,Americas,4100,Service Revenue,Revenue,15.264,SAP-BPC
2024-06,FY2024,Q2,Electronics,Americas,5000,Cost of Goods Sold,COGS,-27.984,SAP-BPC
2024-06,FY2024,Q2,Electronics,Americas,6100,Salaries & Wages,Opex,-4.07,SAP-BPC
2024-06,FY2024,Q2,Electronics,Americas,6200,Marketing,Opex,-1.526,SAP-BPC
2024-06,FY2024,Q2,Electronics,Americas,6300,R&D,Opex,-2.035,SAP-BPC
2024-06,FY2024,Q2,Electronics,Americas,6400,Travel,Opex,-0.509,SAP-BPC
2024-06,FY2024,Q2,Electronics,Americas,6500,IT & Infrastructure,Opex,-1.221,SAP-BPC
2024-06,FY2024,Q2,Electronics,Americas,6600,General & Admin,Opex,-0.814,SAP-BPC
2024-06,FY2024,Q2,Electronics,Americas,7100,Depreciation,D&A,-2.544,SAP-BPC
2024-06,FY2024,Q2,Electronics,Americas,8100,Interest Expense,Finance,-1.526,SAP-BPC
2024-06,FY2024,Q2,Electronics,Americas,9100,Income Tax,Tax,-3.18,SAP-BPC
2024-06,FY2024,Q2,Automotive,APAC,4000,Product Revenue,Revenue,37.397,SAP-BPC
2024-06,FY2024,Q2,Automotive,APAC,4100,Service Revenue,Revenue,16.027,SAP-BPC
2024-06,FY2024,Q2,Automotive,APAC,5000,Cost of Goods Sold,COGS,-29.383,SAP-BPC
2024-06,FY2024,Q2,Automotive,APAC,6100,Salaries & Wages,Opex,-4.274,SAP-BPC
2024-06,FY2024,Q2,Automotive,APAC,6200,Marketing,Opex,-1.603,SAP-BPC
2024-06,FY2024,Q2,Automotive,APAC,6300,R&D,Opex,-2.137,SAP-BPC
2024-06,FY2024,Q2,Automotive,APAC,6400,Travel,Opex,-0.534,SAP-BPC
2024-06,FY2024,Q2,Automotive,APAC,6500,IT & Infrastructure,Opex,-1.282,SAP-BPC
2024-06,FY2024,Q2,Automotive,APAC,6600,General & Admin,Opex,-0.855,SAP-BPC
2024-06,FY2024,Q2,Automotive,APAC,7100,Depreciation,D&A,-2.671,SAP-BPC
2024-06,FY2024,Q2,Automotive,APAC,8100,Interest Expense,Finance,-1.603,SAP-BPC
2024-06,FY2024,Q2,Automotive,APAC,9100,Income Tax,Tax,-3.339,SAP-BPC
2024-06,FY2024,Q2,Automotive,EMEA,4000,Product Revenue,Revenue,41.552,SAP-BPC
2024-06,FY2024,Q2,Automotive,EMEA,4100,Service Revenue,Revenue,17.808,SAP-BPC
2024-06,FY2024,Q2,Automotive,EMEA,5000,Cost of Goods Sold,COGS,-32.648,SAP-BPC
2024-06,FY2024,Q2,Automotive,EMEA,6100,Salaries & Wages,Opex,-4.749,SAP-BPC
2024-06,FY2024,Q2,Automotive,EMEA,6200,Marketing,Opex,-1.781,SAP-BPC
2024-06,FY2024,Q2,Automotive,EMEA,6300,R&D,Opex,-2.374,SAP-BPC
2024-06,FY2024,Q2,Automotive,EMEA,6400,Travel,Opex,-0.594,SAP-BPC
2024-06,FY2024,Q2,Automotive,EMEA,6500,IT & Infrastructure,Opex,-1.425,SAP-BPC
2024-06,FY2024,Q2,Automotive,EMEA,6600,General & Admin,Opex,-0.95,SAP-BPC
2024-06,FY2024,Q2,Automotive,EMEA,7100,Depreciation,D&A,-2.968,SAP-BPC
2024-06,FY2024,Q2,Automotive,EMEA,8100,Interest Expense,Finance,-1.781,SAP-BPC
2024-06,FY2024,Q2,Automotive,EMEA,9100,Income Tax,Tax,-3.71,SAP-BPC
2024-06,FY2024,Q2,Automotive,Americas,4000,Product Revenue,Revenue,49.862,SAP-BPC
2024-06,FY2024,Q2,Automotive,Americas,4100,Service Revenue,Revenue,21.37,SAP-BPC
2024-06,FY2024,Q2,Automotive,Americas,5000,Cost of Goods Sold,COGS,-39.178,SAP-BPC
2024-06,FY2024,Q2,Automotive,Americas,6100,Salaries & Wages,Opex,-5.699,SAP-BPC
2024-06,FY2024,Q2,Automotive,Americas,6200,Marketing,Opex,-2.137,SAP-BPC
2024-06,FY2024,Q2,Automotive,Americas,6300,R&D,Opex,-2.849,SAP-BPC
2024-06,FY2024,Q2,Automotive,Americas,6400,Travel,Opex,-0.712,SAP-BPC
2024-06,FY2024,Q2,Automotive,Americas,6500,IT & Infrastructure,Opex,-1.71,SAP-BPC
2024-06,FY2024,Q2,Automotive,Americas,6600,General & Admin,Opex,-1.14,SAP-BPC
2024-06,FY2024,Q2,Automotive,Americas,7100,Depreciation,D&A,-3.562,SAP-BPC
2024-06,FY2024,Q2,Automotive,Americas,8100,Interest Expense,Finance,-2.137,SAP-BPC
2024-06,FY2024,Q2,Automotive,Americas,9100,Income Tax,Tax,-4.452,SAP-BPC
2024-06,FY2024,Q2,Healthcare,APAC,4000,Product Revenue,Revenue,18.698,SAP-BPC
2024-06,FY2024,Q2,Healthcare,APAC,4100,Service Revenue,Revenue,8.014,SAP-BPC
2024-06,FY2024,Q2,Healthcare,APAC,5000,Cost of Goods Sold,COGS,-14.692,SAP-BPC
2024-06,FY2024,Q2,Healthcare,APAC,6100,Salaries & Wages,Opex,-2.137,SAP-BPC
2024-06,FY2024,Q2,Healthcare,APAC,6200,Marketing,Opex,-0.801,SAP-BPC
2024-06,FY2024,Q2,Healthcare,APAC,6300,R&D,Opex,-1.068,SAP-BPC
2024-06,FY2024,Q2,Healthcare,APAC,6400,Travel,Opex,-0.267,SAP-BPC
2024-06,FY2024,Q2,Healthcare,APAC,6500,IT & Infrastructure,Opex,-0.641,SAP-BPC
2024-06,FY2024,Q2,Healthcare,APAC,6600,General & Admin,Opex,-0.427,SAP-BPC
2024-06,FY2024,Q2,Healthcare,APAC,7100,Depreciation,D&A,-1.336,SAP-BPC
2024-06,FY2024,Q2,Healthcare,APAC,8100,Interest Expense,Finance,-0.801,SAP-BPC
2024-06,FY2024,Q2,Healthcare,APAC,9100,Income Tax,Tax,-1.669,SAP-BPC
2024-06,FY2024,Q2,Healthcare,EMEA,4000,Product Revenue,Revenue,20.776,SAP-BPC
2024-06,FY2024,Q2,Healthcare,EMEA,4100,Service Revenue,Revenue,8.904,SAP-BPC
2024-06,FY2024,Q2,Healthcare,EMEA,5000,Cost of Goods Sold,COGS,-16.324,SAP-BPC
2024-06,FY2024,Q2,Healthcare,EMEA,6100,Salaries & Wages,Opex,-2.374,SAP-BPC
2024-06,FY2024,Q2,Healthcare,EMEA,6200,Marketing,Opex,-0.89,SAP-BPC
2024-06,FY2024,Q2,Healthcare,EMEA,6300,R&D,Opex,-1.187,SAP-BPC
2024-06,FY2024,Q2,Healthcare,EMEA,6400,Travel,Opex,-0.297,SAP-BPC
2024-06,FY2024,Q2,Healthcare,EMEA,6500,IT & Infrastructure,Opex,-0.712,SAP-BPC
2024-06,FY2024,Q2,Healthcare,EMEA,6600,General & Admin,Opex,-0.475,SAP-BPC
2024-06,FY2024,Q2,Healthcare,EMEA,7100,Depreciation,D&A,-1.484,SAP-BPC
2024-06,FY2024,Q2,Healthcare,EMEA,8100,Interest Expense,Finance,-0.89,SAP-BPC
2024-06,FY2024,Q2,Healthcare,EMEA,9100,Income Tax,Tax,-1.855,SAP-BPC
2024-06,FY2024,Q2,Healthcare,Americas,4000,Product Revenue,Revenue,24.931,SAP-BPC
2024-06,FY2024,Q2,Healthcare,Americas,4100,Service Revenue,Revenue,10.685,SAP-BPC
2024-06,FY2024,Q2,Healthcare,Americas,5000,Cost of Goods Sold,COGS,-19.589,SAP-BPC
2024-06,FY2024,Q2,Healthcare,Americas,6100,Salaries & Wages,Opex,-2.849,SAP-BPC
2024-06,FY2024,Q2,Healthcare,Americas,6200,Marketing,Opex,-1.068,SAP-BPC
2024-06,FY2024,Q2,Healthcare,Americas,6300,R&D,Opex,-1.425,SAP-BPC
2024-06,FY2024,Q2,Healthcare,Americas,6400,Travel,Opex,-0.356,SAP-BPC
2024-06,FY2024,Q2,Healthcare,Americas,6500,IT & Infrastructure,Opex,-0.855,SAP-BPC
2024-06,FY2024,Q2,Healthcare,Americas,6600,General & Admin,Opex,-0.57,SAP-BPC
2024-06,FY2024,Q2,Healthcare,Americas,7100,Depreciation,D&A,-1.781,SAP-BPC
2024-06,FY2024,Q2,Healthcare,Americas,8100,Interest Expense,Finance,-1.068,SAP-BPC
2024-06,FY2024,Q2,Healthcare,Americas,9100,Income Tax,Tax,-2.226,SAP-BPC
2024-07,FY2024,Q3,Electronics,APAC,4000,Product Revenue,Revenue,27.068,SAP-BPC
2024-07,FY2024,Q3,Electronics,APAC,4100,Service Revenue,Revenue,11.601,SAP-BPC
2024-07,FY2024,Q3,Electronics,APAC,5000,Cost of Goods Sold,COGS,-21.268,SAP-BPC
2024-07,FY2024,Q3,Electronics,APAC,6100,Salaries & Wages,Opex,-3.094,SAP-BPC
2024-07,FY2024,Q3,Electronics,APAC,6200,Marketing,Opex,-1.16,SAP-BPC
2024-07,FY2024,Q3,Electronics,APAC,6300,R&D,Opex,-1.547,SAP-BPC
2024-07,FY2024,Q3,Electronics,APAC,6400,Travel,Opex,-0.387,SAP-BPC
2024-07,FY2024,Q3,Electronics,APAC,6500,IT & Infrastructure,Opex,-0.928,SAP-BPC
2024-07,FY2024,Q3,Electronics,APAC,6600,General & Admin,Opex,-0.619,SAP-BPC
2024-07,FY2024,Q3,Electronics,APAC,7100,Depreciation,D&A,-1.933,SAP-BPC
2024-07,FY2024,Q3,Electronics,APAC,8100,Interest Expense,Finance,-1.16,SAP-BPC
2024-07,FY2024,Q3,Electronics,APAC,9100,Income Tax,Tax,-2.417,SAP-BPC
2024-07,FY2024,Q3,Electronics,EMEA,4000,Product Revenue,Revenue,30.076,SAP-BPC
2024-07,FY2024,Q3,Electronics,EMEA,4100,Service Revenue,Revenue,12.89,SAP-BPC
2024-07,FY2024,Q3,Electronics,EMEA,5000,Cost of Goods Sold,COGS,-23.631,SAP-BPC
2024-07,FY2024,Q3,Electronics,EMEA,6100,Salaries & Wages,Opex,-3.437,SAP-BPC
2024-07,FY2024,Q3,Electronics,EMEA,6200,Marketing,Opex,-1.289,SAP-BPC
2024-07,FY2024,Q3,Electronics,EMEA,6300,R&D,Opex,-1.719,SAP-BPC
2024-07,FY2024,Q3,Electronics,EMEA,6400,Travel,Opex,-0.43,SAP-BPC
2024-07,FY2024,Q3,Electronics,EMEA,6500,IT & Infrastructure,Opex,-1.031,SAP-BPC
2024-07,FY2024,Q3,Electronics,EMEA,6600,General & Admin,Opex,-0.687,SAP-BPC
2024-07,FY2024,Q3,Electronics,EMEA,7100,Depreciation,D&A,-2.148,SAP-BPC
2024-07,FY2024,Q3,Electronics,EMEA,8100,Interest Expense,Finance,-1.289,SAP-BPC
2024-07,FY2024,Q3,Electronics,EMEA,9100,Income Tax,Tax,-2.685,SAP-BPC
2024-07,FY2024,Q3,Electronics,Americas,4000,Product Revenue,Revenue,36.091,SAP-BPC
2024-07,FY2024,Q3,Electronics,Americas,4100,Service Revenue,Revenue,15.468,SAP-BPC
2024-07,FY2024,Q3,Electronics,Americas,5000,Cost of Goods Sold,COGS,-28.357,SAP-BPC
2024-07,FY2024,Q3,Electronics,Americas,6100,Salaries & Wages,Opex,-4.125,SAP-BPC
2024-07,FY2024,Q3,Electronics,Americas,6200,Marketing,Opex,-1.547,SAP-BPC
2024-07,FY2024,Q3,Electronics,Americas,6300,R&D,Opex,-2.062,SAP-BPC
2024-07,FY2024,Q3,Electronics,Americas,6400,Travel,Opex,-0.516,SAP-BPC
2024-07,FY2024,Q3,Electronics,Americas,6500,IT & Infrastructure,Opex,-1.237,SAP-BPC
2024-07,FY2024,Q3,Electronics,Americas,6600,General & Admin,Opex,-0.825,SAP-BPC
2024-07,FY2024,Q3,Electronics,Americas,7100,Depreciation,D&A,-2.578,SAP-BPC
2024-07,FY2024,Q3,Electronics,Americas,8100,Interest Expense,Finance,-1.547,SAP-BPC
2024-07,FY2024,Q3,Electronics,Americas,9100,Income Tax,Tax,-3.222,SAP-BPC
2024-07,FY2024,Q3,Automotive,APAC,4000,Product Revenue,Revenue,37.895,SAP-BPC
2024-07,FY2024,Q3,Automotive,APAC,4100,Service Revenue,Revenue,16.241,SAP-BPC
2024-07,FY2024,Q3,Automotive,APAC,5000,Cost of Goods Sold,COGS,-29.775,SAP-BPC
2024-07,FY2024,Q3,Automotive,APAC,6100,Salaries & Wages,Opex,-4.331,SAP-BPC
2024-07,FY2024,Q3,Automotive,APAC,6200,Marketing,Opex,-1.624,SAP-BPC
2024-07,FY2024,Q3,Automotive,APAC,6300,R&D,Opex,-2.165,SAP-BPC
2024-07,FY2024,Q3,Automotive,APAC,6400,Travel,Opex,-0.541,SAP-BPC
2024-07,FY2024,Q3,Automotive,APAC,6500,IT & Infrastructure,Opex,-1.299,SAP-BPC
2024-07,FY2024,Q3,Automotive,APAC,6600,General & Admin,Opex,-0.866,SAP-BPC
2024-07,FY2024,Q3,Automotive,APAC,7100,Depreciation,D&A,-2.707,SAP-BPC
2024-07,FY2024,Q3,Automotive,APAC,8100,Interest Expense,Finance,-1.624,SAP-BPC
2024-07,FY2024,Q3,Automotive,APAC,9100,Income Tax,Tax,-3.384,SAP-BPC
2024-07,FY2024,Q3,Automotive,EMEA,4000,Product Revenue,Revenue,42.106,SAP-BPC
2024-07,FY2024,Q3,Automotive,EMEA,4100,Service Revenue,Revenue,18.045,SAP-BPC
2024-07,FY2024,Q3,Automotive,EMEA,5000,Cost of Goods Sold,COGS,-33.083,SAP-BPC
2024-07,FY2024,Q3,Automotive,EMEA,6100,Salaries & Wages,Opex,-4.812,SAP-BPC
2024-07,FY2024,Q3,Automotive,EMEA,6200,Marketing,Opex,-1.805,SAP-BPC
2024-07,FY2024,Q3,Automotive,EMEA,6300,R&D,Opex,-2.406,SAP-BPC
2024-07,FY2024,Q3,Automotive,EMEA,6400,Travel,Opex,-0.602,SAP-BPC
2024-07,FY2024,Q3,Automotive,EMEA,6500,IT & Infrastructure,Opex,-1.444,SAP-BPC
2024-07,FY2024,Q3,Automotive,EMEA,6600,General & Admin,Opex,-0.962,SAP-BPC
2024-07,FY2024,Q3,Automotive,EMEA,7100,Depreciation,D&A,-3.008,SAP-BPC
2024-07,FY2024,Q3,Automotive,EMEA,8100,Interest Expense,Finance,-1.805,SAP-BPC
2024-07,FY2024,Q3,Automotive,EMEA,9100,Income Tax,Tax,-3.759,SAP-BPC
2024-07,FY2024,Q3,Automotive,Americas,4000,Product Revenue,Revenue,50.527,SAP-BPC
2024-07,FY2024,Q3,Automotive,Americas,4100,Service Revenue,Revenue,21.655,SAP-BPC
2024-07,FY2024,Q3,Automotive,Americas,5000,Cost of Goods Sold,COGS,-39.7,SAP-BPC
2024-07,FY2024,Q3,Automotive,Americas,6100,Salaries & Wages,Opex,-5.775,SAP-BPC
2024-07,FY2024,Q3,Automotive,Americas,6200,Marketing,Opex,-2.165,SAP-BPC
2024-07,FY2024,Q3,Automotive,Americas,6300,R&D,Opex,-2.887,SAP-BPC
2024-07,FY2024,Q3,Automotive,Americas,6400,Travel,Opex,-0.722,SAP-BPC
2024-07,FY2024,Q3,Automotive,Americas,6500,IT & Infrastructure,Opex,-1.732,SAP-BPC
2024-07,FY2024,Q3,Automotive,Americas,6600,General & Admin,Opex,-1.155,SAP-BPC
2024-07,FY2024,Q3,Automotive,Americas,7100,Depreciation,D&A,-3.609,SAP-BPC
2024-07,FY2024,Q3,Automotive,Americas,8100,Interest Expense,Finance,-2.165,SAP-BPC
2024-07,FY2024,Q3,Automotive,Americas,9100,Income Tax,Tax,-4.511,SAP-BPC
2024-07,FY2024,Q3,Healthcare,APAC,4000,Product Revenue,Revenue,18.948,SAP-BPC
2024-07,FY2024,Q3,Healthcare,APAC,4100,Service Revenue,Revenue,8.12,SAP-BPC
2024-07,FY2024,Q3,Healthcare,APAC,5000,Cost of Goods Sold,COGS,-14.887,SAP-BPC
2024-07,FY2024,Q3,Healthcare,APAC,6100,Salaries & Wages,Opex,-2.165,SAP-BPC
2024-07,FY2024,Q3,Healthcare,APAC,6200,Marketing,Opex,-0.812,SAP-BPC
2024-07,FY2024,Q3,Healthcare,APAC,6300,R&D,Opex,-1.083,SAP-BPC
2024-07,FY2024,Q3,Healthcare,APAC,6400,Travel,Opex,-0.271,SAP-BPC
2024-07,FY2024,Q3,Healthcare,APAC,6500,IT & Infrastructure,Opex,-0.65,SAP-BPC
2024-07,FY2024,Q3,Healthcare,APAC,6600,General & Admin,Opex,-0.433,SAP-BPC
2024-07,FY2024,Q3,Healthcare,APAC,7100,Depreciation,D&A,-1.353,SAP-BPC
2024-07,FY2024,Q3,Healthcare,APAC,8100,Interest Expense,Finance,-0.812,SAP-BPC
2024-07,FY2024,Q3,Healthcare,APAC,9100,Income Tax,Tax,-1.692,SAP-BPC
2024-07,FY2024,Q3,Healthcare,EMEA,4000,Product Revenue,Revenue,21.053,SAP-BPC
2024-07,FY2024,Q3,Healthcare,EMEA,4100,Service Revenue,Revenue,9.023,SAP-BPC
2024-07,FY2024,Q3,Healthcare,EMEA,5000,Cost of Goods Sold,COGS,-16.542,SAP-BPC
2024-07,FY2024,Q3,Healthcare,EMEA,6100,Salaries & Wages,Opex,-2.406,SAP-BPC
2024-07,FY2024,Q3,Healthcare,EMEA,6200,Marketing,Opex,-0.902,SAP-BPC
2024-07,FY2024,Q3,Healthcare,EMEA,6300,R&D,Opex,-1.203,SAP-BPC
2024-07,FY2024,Q3,Healthcare,EMEA,6400,Travel,Opex,-0.301,SAP-BPC
2024-07,FY2024,Q3,Healthcare,EMEA,6500,IT & Infrastructure,Opex,-0.722,SAP-BPC
2024-07,FY2024,Q3,Healthcare,EMEA,6600,General & Admin,Opex,-0.481,SAP-BPC
2024-07,FY2024,Q3,Healthcare,EMEA,7100,Depreciation,D&A,-1.504,SAP-BPC
2024-07,FY2024,Q3,Healthcare,EMEA,8100,Interest Expense,Finance,-0.902,SAP-BPC
2024-07,FY2024,Q3,Healthcare,EMEA,9100,Income Tax,Tax,-1.88,SAP-BPC
2024-07,FY2024,Q3,Healthcare,Americas,4000,Product Revenue,Revenue,25.264,SAP-BPC
2024-07,FY2024,Q3,Healthcare,Americas,4100,Service Revenue,Revenue,10.827,SAP-BPC
2024-07,FY2024,Q3,Healthcare,Americas,5000,Cost of Goods Sold,COGS,-19.85,SAP-BPC
2024-07,FY2024,Q3,Healthcare,Americas,6100,Salaries & Wages,Opex,-2.887,SAP-BPC
2024-07,FY2024,Q3,Healthcare,Americas,6200,Marketing,Opex,-1.083,SAP-BPC
2024-07,FY2024,Q3,Healthcare,Americas,6300,R&D,Opex,-1.444,SAP-BPC
2024-07,FY2024,Q3,Healthcare,Americas,6400,Travel,Opex,-0.361,SAP-BPC
2024-07,FY2024,Q3,Healthcare,Americas,6500,IT & Infrastructure,Opex,-0.866,SAP-BPC
2024-07,FY2024,Q3,Healthcare,Americas,6600,General & Admin,Opex,-0.577,SAP-BPC
2024-07,FY2024,Q3,Healthcare,Americas,7100,Depreciation,D&A,-1.805,SAP-BPC
2024-07,FY2024,Q3,Healthcare,Americas,8100,Interest Expense,Finance,-1.083,SAP-BPC
2024-07,FY2024,Q3,Healthcare,Americas,9100,Income Tax,Tax,-2.256,SAP-BPC
2024-08,FY2024,Q3,Electronics,APAC,4000,Product Revenue,Revenue,27.424,SAP-BPC
2024-08,FY2024,Q3,Electronics,APAC,4100,Service Revenue,Revenue,11.753,SAP-BPC
2024-08,FY2024,Q3,Electronics,APAC,5000,Cost of Goods Sold,COGS,-21.548,SAP-BPC
2024-08,FY2024,Q3,Electronics,APAC,6100,Salaries & Wages,Opex,-3.134,SAP-BPC
2024-08,FY2024,Q3,Electronics,APAC,6200,Marketing,Opex,-1.175,SAP-BPC
2024-08,FY2024,Q3,Electronics,APAC,6300,R&D,Opex,-1.567,SAP-BPC
2024-08,FY2024,Q3,Electronics,APAC,6400,Travel,Opex,-0.392,SAP-BPC
2024-08,FY2024,Q3,Electronics,APAC,6500,IT & Infrastructure,Opex,-0.94,SAP-BPC
2024-08,FY2024,Q3,Electronics,APAC,6600,General & Admin,Opex,-0.627,SAP-BPC
2024-08,FY2024,Q3,Electronics,APAC,7100,Depreciation,D&A,-1.959,SAP-BPC
2024-08,FY2024,Q3,Electronics,APAC,8100,Interest Expense,Finance,-1.175,SAP-BPC
2024-08,FY2024,Q3,Electronics,APAC,9100,Income Tax,Tax,-2.449,SAP-BPC
2024-08,FY2024,Q3,Electronics,EMEA,4000,Product Revenue,Revenue,30.471,SAP-BPC
2024-08,FY2024,Q3,Electronics,EMEA,4100,Service Revenue,Revenue,13.059,SAP-BPC
2024-08,FY2024,Q3,Electronics,EMEA,5000,Cost of Goods Sold,COGS,-23.942,SAP-BPC
2024-08,FY2024,Q3,Electronics,EMEA,6100,Salaries & Wages,Opex,-3.482,SAP-BPC
2024-08,FY2024,Q3,Electronics,EMEA,6200,Marketing,Opex,-1.306,SAP-BPC
2024-08,FY2024,Q3,Electronics,EMEA,6300,R&D,Opex,-1.741,SAP-BPC
2024-08,FY2024,Q3,Electronics,EMEA,6400,Travel,Opex,-0.435,SAP-BPC
2024-08,FY2024,Q3,Electronics,EMEA,6500,IT & Infrastructure,Opex,-1.045,SAP-BPC
2024-08,FY2024,Q3,Electronics,EMEA,6600,General & Admin,Opex,-0.696,SAP-BPC
2024-08,FY2024,Q3,Electronics,EMEA,7100,Depreciation,D&A,-2.177,SAP-BPC
2024-08,FY2024,Q3,Electronics,EMEA,8100,Interest Expense,Finance,-1.306,SAP-BPC
2024-08,FY2024,Q3,Electronics,EMEA,9100,Income Tax,Tax,-2.721,SAP-BPC
2024-08,FY2024,Q3,Electronics,Americas,4000,Product Revenue,Revenue,36.566,SAP-BPC
2024-08,FY2024,Q3,Electronics,Americas,4100,Service Revenue,Revenue,15.671,SAP-BPC
2024-08,FY2024,Q3,Electronics,Americas,5000,Cost of Goods Sold,COGS,-28.73,SAP-BPC
2024-08,FY2024,Q3,Electronics,Americas,6100,Salaries & Wages,Opex,-4.179,SAP-BPC
2024-08,FY2024,Q3,Electronics,Americas,6200,Marketing,Opex,-1.567,SAP-BPC
2024-08,FY2024,Q3,Electronics,Americas,6300,R&D,Opex,-2.089,SAP-BPC
2024-08,FY2024,Q3,Electronics,Americas,6400,Travel,Opex,-0.522,SAP-BPC
2024-08,FY2024,Q3,Electronics,Americas,6500,IT & Infrastructure,Opex,-1.254,SAP-BPC
2024-08,FY2024,Q3,Electronics,Americas,6600,General & Admin,Opex,-0.836,SAP-BPC
2024-08,FY2024,Q3,Electronics,Americas,7100,Depreciation,D&A,-2.612,SAP-BPC
2024-08,FY2024,Q3,Electronics,Americas,8100,Interest Expense,Finance,-1.567,SAP-BPC
2024-08,FY2024,Q3,Electronics,Americas,9100,Income Tax,Tax,-3.265,SAP-BPC
2024-08,FY2024,Q3,Automotive,APAC,4000,Product Revenue,Revenue,38.394,SAP-BPC
2024-08,FY2024,Q3,Automotive,APAC,4100,Service Revenue,Revenue,16.455,SAP-BPC
2024-08,FY2024,Q3,Automotive,APAC,5000,Cost of Goods Sold,COGS,-30.167,SAP-BPC
2024-08,FY2024,Q3,Automotive,APAC,6100,Salaries & Wages,Opex,-4.388,SAP-BPC
2024-08,FY2024,Q3,Automotive,APAC,6200,Marketing,Opex,-1.645,SAP-BPC
2024-08,FY2024,Q3,Automotive,APAC,6300,R&D,Opex,-2.194,SAP-BPC
2024-08,FY2024,Q3,Automotive,APAC,6400,Travel,Opex,-0.548,SAP-BPC
2024-08,FY2024,Q3,Automotive,APAC,6500,IT & Infrastructure,Opex,-1.316,SAP-BPC
2024-08,FY2024,Q3,Automotive,APAC,6600,General & Admin,Opex,-0.878,SAP-BPC
2024-08,FY2024,Q3,Automotive,APAC,7100,Depreciation,D&A,-2.742,SAP-BPC
2024-08,FY2024,Q3,Automotive,APAC,8100,Interest Expense,Finance,-1.645,SAP-BPC
2024-08,FY2024,Q3,Automotive,APAC,9100,Income Tax,Tax,-3.428,SAP-BPC
2024-08,FY2024,Q3,Automotive,EMEA,4000,Product Revenue,Revenue,42.66,SAP-BPC
2024-08,FY2024,Q3,Automotive,EMEA,4100,Service Revenue,Revenue,18.283,SAP-BPC
2024-08,FY2024,Q3,Automotive,EMEA,5000,Cost of Goods Sold,COGS,-33.519,SAP-BPC
2024-08,FY2024,Q3,Automotive,EMEA,6100,Salaries & Wages,Opex,-4.875,SAP-BPC
2024-08,FY2024,Q3,Automotive,EMEA,6200,Marketing,Opex,-1.828,SAP-BPC
2024-08,FY2024,Q3,Automotive,EMEA,6300,R&D,Opex,-2.438,SAP-BPC
2024-08,FY2024,Q3,Automotive,EMEA,6400,Travel,Opex,-0.609,SAP-BPC
2024-08,FY2024,Q3,Automotive,EMEA,6500,IT & Infrastructure,Opex,-1.463,SAP-BPC
2024-08,FY2024,Q3,Automotive,EMEA,6600,General & Admin,Opex,-0.975,SAP-BPC
2024-08,FY2024,Q3,Automotive,EMEA,7100,Depreciation,D&A,-3.047,SAP-BPC
2024-08,FY2024,Q3,Automotive,EMEA,8100,Interest Expense,Finance,-1.828,SAP-BPC
2024-08,FY2024,Q3,Automotive,EMEA,9100,Income Tax,Tax,-3.809,SAP-BPC
2024-08,FY2024,Q3,Automotive,Americas,4000,Product Revenue,Revenue,51.192,SAP-BPC
2024-08,FY2024,Q3,Automotive,Americas,4100,Service Revenue,Revenue,21.939,SAP-BPC
2024-08,FY2024,Q3,Automotive,Americas,5000,Cost of Goods Sold,COGS,-40.222,SAP-BPC
2024-08,FY2024,Q3,Automotive,Americas,6100,Salaries & Wages,Opex,-5.851,SAP-BPC
2024-08,FY2024,Q3,Automotive,Americas,6200,Marketing,Opex,-2.194,SAP-BPC
2024-08,FY2024,Q3,Automotive,Americas,6300,R&D,Opex,-2.925,SAP-BPC
2024-08,FY2024,Q3,Automotive,Americas,6400,Travel,Opex,-0.731,SAP-BPC
2024-08,FY2024,Q3,Automotive,Americas,6500,IT & Infrastructure,Opex,-1.755,SAP-BPC
2024-08,FY2024,Q3,Automotive,Americas,6600,General & Admin,Opex,-1.17,SAP-BPC
2024-08,FY2024,Q3,Automotive,Americas,7100,Depreciation,D&A,-3.657,SAP-BPC
2024-08,FY2024,Q3,Automotive,Americas,8100,Interest Expense,Finance,-2.194,SAP-BPC
2024-08,FY2024,Q3,Automotive,Americas,9100,Income Tax,Tax,-4.571,SAP-BPC
2024-08,FY2024,Q3,Healthcare,APAC,4000,Product Revenue,Revenue,19.197,SAP-BPC
2024-08,FY2024,Q3,Healthcare,APAC,4100,Service Revenue,Revenue,8.227,SAP-BPC
2024-08,FY2024,Q3,Healthcare,APAC,5000,Cost of Goods Sold,COGS,-15.083,SAP-BPC
2024-08,FY2024,Q3,Healthcare,APAC,6100,Salaries & Wages,Opex,-2.194,SAP-BPC
2024-08,FY2024,Q3,Healthcare,APAC,6200,Marketing,Opex,-0.823,SAP-BPC
2024-08,FY2024,Q3,Healthcare,APAC,6300,R&D,Opex,-1.097,SAP-BPC
2024-08,FY2024,Q3,Healthcare,APAC,6400,Travel,Opex,-0.274,SAP-BPC
2024-08,FY2024,Q3,Healthcare,APAC,6500,IT & Infrastructure,Opex,-0.658,SAP-BPC
2024-08,FY2024,Q3,Healthcare,APAC,6600,General & Admin,Opex,-0.439,SAP-BPC
2024-08,FY2024,Q3,Healthcare,APAC,7100,Depreciation,D&A,-1.371,SAP-BPC
2024-08,FY2024,Q3,Healthcare,APAC,8100,Interest Expense,Finance,-0.823,SAP-BPC
2024-08,FY2024,Q3,Healthcare,APAC,9100,Income Tax,Tax,-1.714,SAP-BPC
2024-08,FY2024,Q3,Healthcare,EMEA,4000,Product Revenue,Revenue,21.33,SAP-BPC
2024-08,FY2024,Q3,Healthcare,EMEA,4100,Service Revenue,Revenue,9.141,SAP-BPC
2024-08,FY2024,Q3,Healthcare,EMEA,5000,Cost of Goods Sold,COGS,-16.759,SAP-BPC
2024-08,FY2024,Q3,Healthcare,EMEA,6100,Salaries & Wages,Opex,-2.438,SAP-BPC
2024-08,FY2024,Q3,Healthcare,EMEA,6200,Marketing,Opex,-0.914,SAP-BPC
2024-08,FY2024,Q3,Healthcare,EMEA,6300,R&D,Opex,-1.219,SAP-BPC
2024-08,FY2024,Q3,Healthcare,EMEA,6400,Travel,Opex,-0.305,SAP-BPC
2024-08,FY2024,Q3,Healthcare,EMEA,6500,IT & Infrastructure,Opex,-0.731,SAP-BPC
2024-08,FY2024,Q3,Healthcare,EMEA,6600,General & Admin,Opex,-0.488,SAP-BPC
2024-08,FY2024,Q3,Healthcare,EMEA,7100,Depreciation,D&A,-1.524,SAP-BPC
2024-08,FY2024,Q3,Healthcare,EMEA,8100,Interest Expense,Finance,-0.914,SAP-BPC
2024-08,FY2024,Q3,Healthcare,EMEA,9100,Income Tax,Tax,-1.904,SAP-BPC
2024-08,FY2024,Q3,Healthcare,Americas,4000,Product Revenue,Revenue,25.596,SAP-BPC
2024-08,FY2024,Q3,Healthcare,Americas,4100,Service Revenue,Revenue,10.97,SAP-BPC
2024-08,FY2024,Q3,Healthcare,Americas,5000,Cost of Goods Sold,COGS,-20.111,SAP-BPC
2024-08,FY2024,Q3,Healthcare,Americas,6100,Salaries & Wages,Opex,-2.925,SAP-BPC
2024-08,FY2024,Q3,Healthcare,Americas,6200,Marketing,Opex,-1.097,SAP-BPC
2024-08,FY2024,Q3,Healthcare,Americas,6300,R&D,Opex,-1.463,SAP-BPC
2024-08,FY2024,Q3,Healthcare,Americas,6400,Travel,Opex,-0.366,SAP-BPC
2024-08,FY2024,Q3,Healthcare,Americas,6500,IT & Infrastructure,Opex,-0.878,SAP-BPC
2024-08,FY2024,Q3,Healthcare,Americas,6600,General & Admin,Opex,-0.585,SAP-BPC
2024-08,FY2024,Q3,Healthcare,Americas,7100,Depreciation,D&A,-1.828,SAP-BPC
2024-08,FY2024,Q3,Healthcare,Americas,8100,Interest Expense,Finance,-1.097,SAP-BPC
2024-08,FY2024,Q3,Healthcare,Americas,9100,Income Tax,Tax,-2.285,SAP-BPC
2024-09,FY2024,Q3,Electronics,APAC,4000,Product Revenue,Revenue,27.78,SAP-BPC
2024-09,FY2024,Q3,Electronics,APAC,4100,Service Revenue,Revenue,11.906,SAP-BPC
2024-09,FY2024,Q3,Electronics,APAC,5000,Cost of Goods Sold,COGS,-21.828,SAP-BPC
2024-09,FY2024,Q3,Electronics,APAC,6100,Salaries & Wages,Opex,-3.175,SAP-BPC
2024-09,FY2024,Q3,Electronics,APAC,6200,Marketing,Opex,-1.191,SAP-BPC
2024-09,FY2024,Q3,Electronics,APAC,6300,R&D,Opex,-1.587,SAP-BPC
2024-09,FY2024,Q3,Electronics,APAC,6400,Travel,Opex,-0.397,SAP-BPC
2024-09,FY2024,Q3,Electronics,APAC,6500,IT & Infrastructure,Opex,-0.952,SAP-BPC
2024-09,FY2024,Q3,Electronics,APAC,6600,General & Admin,Opex,-0.635,SAP-BPC
2024-09,FY2024,Q3,Electronics,APAC,7100,Depreciation,D&A,-1.984,SAP-BPC
2024-09,FY2024,Q3,Electronics,APAC,8100,Interest Expense,Finance,-1.191,SAP-BPC
2024-09,FY2024,Q3,Electronics,APAC,9100,Income Tax,Tax,-2.48,SAP-BPC
2024-09,FY2024,Q3,Electronics,EMEA,4000,Product Revenue,Revenue,30.867,SAP-BPC
2024-09,FY2024,Q3,Electronics,EMEA,4100,Service Revenue,Revenue,13.229,SAP-BPC
2024-09,FY2024,Q3,Electronics,EMEA,5000,Cost of Goods Sold,COGS,-24.253,SAP-BPC
2024-09,FY2024,Q3,Electronics,EMEA,6100,Salaries & Wages,Opex,-3.528,SAP-BPC
2024-09,FY2024,Q3,Electronics,EMEA,6200,Marketing,Opex,-1.323,SAP-BPC
2024-09,FY2024,Q3,Electronics,EMEA,6300,R&D,Opex,-1.764,SAP-BPC
2024-09,FY2024,Q3,Electronics,EMEA,6400,Travel,Opex,-0.441,SAP-BPC
2024-09,FY2024,Q3,Electronics,EMEA,6500,IT & Infrastructure,Opex,-1.058,SAP-BPC
2024-09,FY2024,Q3,Electronics,EMEA,6600,General & Admin,Opex,-0.706,SAP-BPC
2024-09,FY2024,Q3,Electronics,EMEA,7100,Depreciation,D&A,-2.205,SAP-BPC
2024-09,FY2024,Q3,Electronics,EMEA,8100,Interest Expense,Finance,-1.323,SAP-BPC
2024-09,FY2024,Q3,Electronics,EMEA,9100,Income Tax,Tax,-2.756,SAP-BPC
2024-09,FY2024,Q3,Electronics,Americas,4000,Product Revenue,Revenue,37.041,SAP-BPC
2024-09,FY2024,Q3,Electronics,Americas,4100,Service Revenue,Revenue,15.875,SAP-BPC
2024-09,FY2024,Q3,Electronics,Americas,5000,Cost of Goods Sold,COGS,-29.103,SAP-BPC
2024-09,FY2024,Q3,Electronics,Americas,6100,Salaries & Wages,Opex,-4.233,SAP-BPC
2024-09,FY2024,Q3,Electronics,Americas,6200,Marketing,Opex,-1.587,SAP-BPC
2024-09,FY2024,Q3,Electronics,Americas,6300,R&D,Opex,-2.117,SAP-BPC
2024-09,FY2024,Q3,Electronics,Americas,6400,Travel,Opex,-0.529,SAP-BPC
2024-09,FY2024,Q3,Electronics,Americas,6500,IT & Infrastructure,Opex,-1.27,SAP-BPC
2024-09,FY2024,Q3,Electronics,Americas,6600,General & Admin,Opex,-0.847,SAP-BPC
2024-09,FY2024,Q3,Electronics,Americas,7100,Depreciation,D&A,-2.646,SAP-BPC
2024-09,FY2024,Q3,Electronics,Americas,8100,Interest Expense,Finance,-1.587,SAP-BPC
2024-09,FY2024,Q3,Electronics,Americas,9100,Income Tax,Tax,-3.307,SAP-BPC
2024-09,FY2024,Q3,Automotive,APAC,4000,Product Revenue,Revenue,38.893,SAP-BPC
2024-09,FY2024,Q3,Automotive,APAC,4100,Service Revenue,Revenue,16.668,SAP-BPC
2024-09,FY2024,Q3,Automotive,APAC,5000,Cost of Goods Sold,COGS,-30.559,SAP-BPC
2024-09,FY2024,Q3,Automotive,APAC,6100,Salaries & Wages,Opex,-4.445,SAP-BPC
2024-09,FY2024,Q3,Automotive,APAC,6200,Marketing,Opex,-1.667,SAP-BPC
2024-09,FY2024,Q3,Automotive,APAC,6300,R&D,Opex,-2.222,SAP-BPC
2024-09,FY2024,Q3,Automotive,APAC,6400,Travel,Opex,-0.556,SAP-BPC
2024-09,FY2024,Q3,Automotive,APAC,6500,IT & Infrastructure,Opex,-1.333,SAP-BPC
2024-09,FY2024,Q3,Automotive,APAC,6600,General & Admin,Opex,-0.889,SAP-BPC
2024-09,FY2024,Q3,Automotive,APAC,7100,Depreciation,D&A,-2.778,SAP-BPC
2024-09,FY2024,Q3,Automotive,APAC,8100,Interest Expense,Finance,-1.667,SAP-BPC
2024-09,FY2024,Q3,Automotive,APAC,9100,Income Tax,Tax,-3.473,SAP-BPC
2024-09,FY2024,Q3,Automotive,EMEA,4000,Product Revenue,Revenue,43.214,SAP-BPC
2024-09,FY2024,Q3,Automotive,EMEA,4100,Service Revenue,Revenue,18.52,SAP-BPC
2024-09,FY2024,Q3,Automotive,EMEA,5000,Cost of Goods Sold,COGS,-33.954,SAP-BPC
2024-09,FY2024,Q3,Automotive,EMEA,6100,Salaries & Wages,Opex,-4.939,SAP-BPC
2024-09,FY2024,Q3,Automotive,EMEA,6200,Marketing,Opex,-1.852,SAP-BPC
2024-09,FY2024,Q3,Automotive,EMEA,6300,R&D,Opex,-2.469,SAP-BPC
2024-09,FY2024,Q3,Automotive,EMEA,6400,Travel,Opex,-0.617,SAP-BPC
2024-09,FY2024,Q3,Automotive,EMEA,6500,IT & Infrastructure,Opex,-1.482,SAP-BPC
2024-09,FY2024,Q3,Automotive,EMEA,6600,General & Admin,Opex,-0.988,SAP-BPC
2024-09,FY2024,Q3,Automotive,EMEA,7100,Depreciation,D&A,-3.087,SAP-BPC
2024-09,FY2024,Q3,Automotive,EMEA,8100,Interest Expense,Finance,-1.852,SAP-BPC
2024-09,FY2024,Q3,Automotive,EMEA,9100,Income Tax,Tax,-3.858,SAP-BPC
2024-09,FY2024,Q3,Automotive,Americas,4000,Product Revenue,Revenue,51.857,SAP-BPC
2024-09,FY2024,Q3,Automotive,Americas,4100,Service Revenue,Revenue,22.224,SAP-BPC
2024-09,FY2024,Q3,Automotive,Americas,5000,Cost of Goods Sold,COGS,-40.745,SAP-BPC
2024-09,FY2024,Q3,Automotive,Americas,6100,Salaries & Wages,Opex,-5.927,SAP-BPC
2024-09,FY2024,Q3,Automotive,Americas,6200,Marketing,Opex,-2.222,SAP-BPC
2024-09,FY2024,Q3,Automotive,Americas,6300,R&D,Opex,-2.963,SAP-BPC
2024-09,FY2024,Q3,Automotive,Americas,6400,Travel,Opex,-0.741,SAP-BPC
2024-09,FY2024,Q3,Automotive,Americas,6500,IT & Infrastructure,Opex,-1.778,SAP-BPC
2024-09,FY2024,Q3,Automotive,Americas,6600,General & Admin,Opex,-1.185,SAP-BPC
2024-09,FY2024,Q3,Automotive,Americas,7100,Depreciation,D&A,-3.704,SAP-BPC
2024-09,FY2024,Q3,Automotive,Americas,8100,Interest Expense,Finance,-2.222,SAP-BPC
2024-09,FY2024,Q3,Automotive,Americas,9100,Income Tax,Tax,-4.63,SAP-BPC
2024-09,FY2024,Q3,Healthcare,APAC,4000,Product Revenue,Revenue,19.446,SAP-BPC
2024-09,FY2024,Q3,Healthcare,APAC,4100,Service Revenue,Revenue,8.334,SAP-BPC
2024-09,FY2024,Q3,Healthcare,APAC,5000,Cost of Goods Sold,COGS,-15.279,SAP-BPC
2024-09,FY2024,Q3,Healthcare,APAC,6100,Salaries & Wages,Opex,-2.222,SAP-BPC
2024-09,FY2024,Q3,Healthcare,APAC,6200,Marketing,Opex,-0.833,SAP-BPC
2024-09,FY2024,Q3,Healthcare,APAC,6300,R&D,Opex,-1.111,SAP-BPC
2024-09,FY2024,Q3,Healthcare,APAC,6400,Travel,Opex,-0.278,SAP-BPC
2024-09,FY2024,Q3,Healthcare,APAC,6500,IT & Infrastructure,Opex,-0.667,SAP-BPC
2024-09,FY2024,Q3,Healthcare,APAC,6600,General & Admin,Opex,-0.444,SAP-BPC
2024-09,FY2024,Q3,Healthcare,APAC,7100,Depreciation,D&A,-1.389,SAP-BPC
2024-09,FY2024,Q3,Healthcare,APAC,8100,Interest Expense,Finance,-0.833,SAP-BPC
2024-09,FY2024,Q3,Healthcare,APAC,9100,Income Tax,Tax,-1.736,SAP-BPC
2024-09,FY2024,Q3,Healthcare,EMEA,4000,Product Revenue,Revenue,21.607,SAP-BPC
2024-09,FY2024,Q3,Healthcare,EMEA,4100,Service Revenue,Revenue,9.26,SAP-BPC
2024-09,FY2024,Q3,Healthcare,EMEA,5000,Cost of Goods Sold,COGS,-16.977,SAP-BPC
2024-09,FY2024,Q3,Healthcare,EMEA,6100,Salaries & Wages,Opex,-2.469,SAP-BPC
2024-09,FY2024,Q3,Healthcare,EMEA,6200,Marketing,Opex,-0.926,SAP-BPC
2024-09,FY2024,Q3,Healthcare,EMEA,6300,R&D,Opex,-1.235,SAP-BPC
2024-09,FY2024,Q3,Healthcare,EMEA,6400,Travel,Opex,-0.309,SAP-BPC
2024-09,FY2024,Q3,Healthcare,EMEA,6500,IT & Infrastructure,Opex,-0.741,SAP-BPC
2024-09,FY2024,Q3,Healthcare,EMEA,6600,General & Admin,Opex,-0.494,SAP-BPC
2024-09,FY2024,Q3,Healthcare,EMEA,7100,Depreciation,D&A,-1.543,SAP-BPC
2024-09,FY2024,Q3,Healthcare,EMEA,8100,Interest Expense,Finance,-0.926,SAP-BPC
2024-09,FY2024,Q3,Healthcare,EMEA,9100,Income Tax,Tax,-1.929,SAP-BPC
2024-09,FY2024,Q3,Healthcare,Americas,4000,Product Revenue,Revenue,25.928,SAP-BPC
2024-09,FY2024,Q3,Healthcare,Americas,4100,Service Revenue,Revenue,11.112,SAP-BPC
2024-09,FY2024,Q3,Healthcare,Americas,5000,Cost of Goods Sold,COGS,-20.372,SAP-BPC
2024-09,FY2024,Q3,Healthcare,Americas,6100,Salaries & Wages,Opex,-2.963,SAP-BPC
2024-09,FY2024,Q3,Healthcare,Americas,6200,Marketing,Opex,-1.111,SAP-BPC
2024-09,FY2024,Q3,Healthcare,Americas,6300,R&D,Opex,-1.482,SAP-BPC
2024-09,FY2024,Q3,Healthcare,Americas,6400,Travel,Opex,-0.37,SAP-BPC
2024-09,FY2024,Q3,Healthcare,Americas,6500,IT & Infrastructure,Opex,-0.889,SAP-BPC
2024-09,FY2024,Q3,Healthcare,Americas,6600,General & Admin,Opex,-0.593,SAP-BPC
2024-09,FY2024,Q3,Healthcare,Americas,7100,Depreciation,D&A,-1.852,SAP-BPC
2024-09,FY2024,Q3,Healthcare,Americas,8100,Interest Expense,Finance,-1.111,SAP-BPC
2024-09,FY2024,Q3,Healthcare,Americas,9100,Income Tax,Tax,-2.315,SAP-BPC
2024-10,FY2024,Q4,Electronics,APAC,4000,Product Revenue,Revenue,28.137,SAP-BPC
2024-10,FY2024,Q4,Electronics,APAC,4100,Service Revenue,Revenue,12.059,SAP-BPC
2024-10,FY2024,Q4,Electronics,APAC,5000,Cost of Goods Sold,COGS,-22.107,SAP-BPC
2024-10,FY2024,Q4,Electronics,APAC,6100,Salaries & Wages,Opex,-3.216,SAP-BPC
2024-10,FY2024,Q4,Electronics,APAC,6200,Marketing,Opex,-1.206,SAP-BPC
2024-10,FY2024,Q4,Electronics,APAC,6300,R&D,Opex,-1.608,SAP-BPC
2024-10,FY2024,Q4,Electronics,APAC,6400,Travel,Opex,-0.402,SAP-BPC
2024-10,FY2024,Q4,Electronics,APAC,6500,IT & Infrastructure,Opex,-0.965,SAP-BPC
2024-10,FY2024,Q4,Electronics,APAC,6600,General & Admin,Opex,-0.643,SAP-BPC
2024-10,FY2024,Q4,Electronics,APAC,7100,Depreciation,D&A,-2.01,SAP-BPC
2024-10,FY2024,Q4,Electronics,APAC,8100,Interest Expense,Finance,-1.206,SAP-BPC
2024-10,FY2024,Q4,Electronics,APAC,9100,Income Tax,Tax,-2.512,SAP-BPC
2024-10,FY2024,Q4,Electronics,EMEA,4000,Product Revenue,Revenue,31.263,SAP-BPC
2024-10,FY2024,Q4,Electronics,EMEA,4100,Service Revenue,Revenue,13.398,SAP-BPC
2024-10,FY2024,Q4,Electronics,EMEA,5000,Cost of Goods Sold,COGS,-24.564,SAP-BPC
2024-10,FY2024,Q4,Electronics,EMEA,6100,Salaries & Wages,Opex,-3.573,SAP-BPC
2024-10,FY2024,Q4,Electronics,EMEA,6200,Marketing,Opex,-1.34,SAP-BPC
2024-10,FY2024,Q4,Electronics,EMEA,6300,R&D,Opex,-1.786,SAP-BPC
2024-10,FY2024,Q4,Electronics,EMEA,6400,Travel,Opex,-0.447,SAP-BPC
2024-10,FY2024,Q4,Electronics,EMEA,6500,IT & Infrastructure,Opex,-1.072,SAP-BPC
2024-10,FY2024,Q4,Electronics,EMEA,6600,General & Admin,Opex,-0.715,SAP-BPC
2024-10,FY2024,Q4,Electronics,EMEA,7100,Depreciation,D&A,-2.233,SAP-BPC
2024-10,FY2024,Q4,Electronics,EMEA,8100,Interest Expense,Finance,-1.34,SAP-BPC
2024-10,FY2024,Q4,Electronics,EMEA,9100,Income Tax,Tax,-2.791,SAP-BPC
2024-10,FY2024,Q4,Electronics,Americas,4000,Product Revenue,Revenue,37.516,SAP-BPC
2024-10,FY2024,Q4,Electronics,Americas,4100,Service Revenue,Revenue,16.078,SAP-BPC
2024-10,FY2024,Q4,Electronics,Americas,5000,Cost of Goods Sold,COGS,-29.476,SAP-BPC
2024-10,FY2024,Q4,Electronics,Americas,6100,Salaries & Wages,Opex,-4.287,SAP-BPC
2024-10,FY2024,Q4,Electronics,Americas,6200,Marketing,Opex,-1.608,SAP-BPC
2024-10,FY2024,Q4,Electronics,Americas,6300,R&D,Opex,-2.144,SAP-BPC
2024-10,FY2024,Q4,Electronics,Americas,6400,Travel,Opex,-0.536,SAP-BPC
2024-10,FY2024,Q4,Electronics,Americas,6500,IT & Infrastructure,Opex,-1.286,SAP-BPC
2024-10,FY2024,Q4,Electronics,Americas,6600,General & Admin,Opex,-0.857,SAP-BPC
2024-10,FY2024,Q4,Electronics,Americas,7100,Depreciation,D&A,-2.68,SAP-BPC
2024-10,FY2024,Q4,Electronics,Americas,8100,Interest Expense,Finance,-1.608,SAP-BPC
2024-10,FY2024,Q4,Electronics,Americas,9100,Income Tax,Tax,-3.35,SAP-BPC
2024-10,FY2024,Q4,Automotive,APAC,4000,Product Revenue,Revenue,39.391,SAP-BPC
2024-10,FY2024,Q4,Automotive,APAC,4100,Service Revenue,Revenue,16.882,SAP-BPC
2024-10,FY2024,Q4,Automotive,APAC,5000,Cost of Goods Sold,COGS,-30.95,SAP-BPC
2024-10,FY2024,Q4,Automotive,APAC,6100,Salaries & Wages,Opex,-4.502,SAP-BPC
2024-10,FY2024,Q4,Automotive,APAC,6200,Marketing,Opex,-1.688,SAP-BPC
2024-10,FY2024,Q4,Automotive,APAC,6300,R&D,Opex,-2.251,SAP-BPC
2024-10,FY2024,Q4,Automotive,APAC,6400,Travel,Opex,-0.563,SAP-BPC
2024-10,FY2024,Q4,Automotive,APAC,6500,IT & Infrastructure,Opex,-1.351,SAP-BPC
2024-10,FY2024,Q4,Automotive,APAC,6600,General & Admin,Opex,-0.9,SAP-BPC
2024-10,FY2024,Q4,Automotive,APAC,7100,Depreciation,D&A,-2.814,SAP-BPC
2024-10,FY2024,Q4,Automotive,APAC,8100,Interest Expense,Finance,-1.688,SAP-BPC
2024-10,FY2024,Q4,Automotive,APAC,9100,Income Tax,Tax,-3.517,SAP-BPC
2024-10,FY2024,Q4,Automotive,EMEA,4000,Product Revenue,Revenue,43.768,SAP-BPC
2024-10,FY2024,Q4,Automotive,EMEA,4100,Service Revenue,Revenue,18.758,SAP-BPC
2024-10,FY2024,Q4,Automotive,EMEA,5000,Cost of Goods Sold,COGS,-34.389,SAP-BPC
2024-10,FY2024,Q4,Automotive,EMEA,6100,Salaries & Wages,Opex,-5.002,SAP-BPC
2024-10,FY2024,Q4,Automotive,EMEA,6200,Marketing,Opex,-1.876,SAP-BPC
2024-10,FY2024,Q4,Automotive,EMEA,6300,R&D,Opex,-2.501,SAP-BPC
2024-10,FY2024,Q4,Automotive,EMEA,6400,Travel,Opex,-0.625,SAP-BPC
2024-10,FY2024,Q4,Automotive,EMEA,6500,IT & Infrastructure,Opex,-1.501,SAP-BPC
2024-10,FY2024,Q4,Automotive,EMEA,6600,General & Admin,Opex,-1.0,SAP-BPC
2024-10,FY2024,Q4,Automotive,EMEA,7100,Depreciation,D&A,-3.126,SAP-BPC
2024-10,FY2024,Q4,Automotive,EMEA,8100,Interest Expense,Finance,-1.876,SAP-BPC
2024-10,FY2024,Q4,Automotive,EMEA,9100,Income Tax,Tax,-3.908,SAP-BPC
2024-10,FY2024,Q4,Automotive,Americas,4000,Product Revenue,Revenue,52.522,SAP-BPC
2024-10,FY2024,Q4,Automotive,Americas,4100,Service Revenue,Revenue,22.509,SAP-BPC
2024-10,FY2024,Q4,Automotive,Americas,5000,Cost of Goods Sold,COGS,-41.267,SAP-BPC
2024-10,FY2024,Q4,Automotive,Americas,6100,Salaries & Wages,Opex,-6.002,SAP-BPC
2024-10,FY2024,Q4,Automotive,Americas,6200,Marketing,Opex,-2.251,SAP-BPC
2024-10,FY2024,Q4,Automotive,Americas,6300,R&D,Opex,-3.001,SAP-BPC
2024-10,FY2024,Q4,Automotive,Americas,6400,Travel,Opex,-0.75,SAP-BPC
2024-10,FY2024,Q4,Automotive,Americas,6500,IT & Infrastructure,Opex,-1.801,SAP-BPC
2024-10,FY2024,Q4,Automotive,Americas,6600,General & Admin,Opex,-1.2,SAP-BPC
2024-10,FY2024,Q4,Automotive,Americas,7100,Depreciation,D&A,-3.752,SAP-BPC
2024-10,FY2024,Q4,Automotive,Americas,8100,Interest Expense,Finance,-2.251,SAP-BPC
2024-10,FY2024,Q4,Automotive,Americas,9100,Income Tax,Tax,-4.689,SAP-BPC
2024-10,FY2024,Q4,Healthcare,APAC,4000,Product Revenue,Revenue,19.696,SAP-BPC
2024-10,FY2024,Q4,Healthcare,APAC,4100,Service Revenue,Revenue,8.441,SAP-BPC
2024-10,FY2024,Q4,Healthcare,APAC,5000,Cost of Goods Sold,COGS,-15.475,SAP-BPC
2024-10,FY2024,Q4,Healthcare,APAC,6100,Salaries & Wages,Opex,-2.251,SAP-BPC
2024-10,FY2024,Q4,Healthcare,APAC,6200,Marketing,Opex,-0.844,SAP-BPC
2024-10,FY2024,Q4,Healthcare,APAC,6300,R&D,Opex,-1.125,SAP-BPC
2024-10,FY2024,Q4,Healthcare,APAC,6400,Travel,Opex,-0.281,SAP-BPC
2024-10,FY2024,Q4,Healthcare,APAC,6500,IT & Infrastructure,Opex,-0.675,SAP-BPC
2024-10,FY2024,Q4,Healthcare,APAC,6600,General & Admin,Opex,-0.45,SAP-BPC
2024-10,FY2024,Q4,Healthcare,APAC,7100,Depreciation,D&A,-1.407,SAP-BPC
2024-10,FY2024,Q4,Healthcare,APAC,8100,Interest Expense,Finance,-0.844,SAP-BPC
2024-10,FY2024,Q4,Healthcare,APAC,9100,Income Tax,Tax,-1.759,SAP-BPC
2024-10,FY2024,Q4,Healthcare,EMEA,4000,Product Revenue,Revenue,21.884,SAP-BPC
2024-10,FY2024,Q4,Healthcare,EMEA,4100,Service Revenue,Revenue,9.379,SAP-BPC
2024-10,FY2024,Q4,Healthcare,EMEA,5000,Cost of Goods Sold,COGS,-17.195,SAP-BPC
2024-10,FY2024,Q4,Healthcare,EMEA,6100,Salaries & Wages,Opex,-2.501,SAP-BPC
2024-10,FY2024,Q4,Healthcare,EMEA,6200,Marketing,Opex,-0.938,SAP-BPC
2024-10,FY2024,Q4,Healthcare,EMEA,6300,R&D,Opex,-1.251,SAP-BPC
2024-10,FY2024,Q4,Healthcare,EMEA,6400,Travel,Opex,-0.313,SAP-BPC
2024-10,FY2024,Q4,Healthcare,EMEA,6500,IT & Infrastructure,Opex,-0.75,SAP-BPC
2024-10,FY2024,Q4,Healthcare,EMEA,6600,General & Admin,Opex,-0.5,SAP-BPC
2024-10,FY2024,Q4,Healthcare,EMEA,7100,Depreciation,D&A,-1.563,SAP-BPC
2024-10,FY2024,Q4,Healthcare,EMEA,8100,Interest Expense,Finance,-0.938,SAP-BPC
2024-10,FY2024,Q4,Healthcare,EMEA,9100,Income Tax,Tax,-1.954,SAP-BPC
2024-10,FY2024,Q4,Healthcare,Americas,4000,Product Revenue,Revenue,26.261,SAP-BPC
2024-10,FY2024,Q4,Healthcare,Americas,4100,Service Revenue,Revenue,11.255,SAP-BPC
2024-10,FY2024,Q4,Healthcare,Americas,5000,Cost of Goods Sold,COGS,-20.634,SAP-BPC
2024-10,FY2024,Q4,Healthcare,Americas,6100,Salaries & Wages,Opex,-3.001,SAP-BPC
2024-10,FY2024,Q4,Healthcare,Americas,6200,Marketing,Opex,-1.125,SAP-BPC
2024-10,FY2024,Q4,Healthcare,Americas,6300,R&D,Opex,-1.501,SAP-BPC
2024-10,FY2024,Q4,Healthcare,Americas,6400,Travel,Opex,-0.375,SAP-BPC
2024-10,FY2024,Q4,Healthcare,Americas,6500,IT & Infrastructure,Opex,-0.9,SAP-BPC
2024-10,FY2024,Q4,Healthcare,Americas,6600,General & Admin,Opex,-0.6,SAP-BPC
2024-10,FY2024,Q4,Healthcare,Americas,7100,Depreciation,D&A,-1.876,SAP-BPC
2024-10,FY2024,Q4,Healthcare,Americas,8100,Interest Expense,Finance,-1.125,SAP-BPC
2024-10,FY2024,Q4,Healthcare,Americas,9100,Income Tax,Tax,-2.345,SAP-BPC
2024-11,FY2024,Q4,Electronics,APAC,4000,Product Revenue,Revenue,28.493,SAP-BPC
2024-11,FY2024,Q4,Electronics,APAC,4100,Service Revenue,Revenue,12.211,SAP-BPC
2024-11,FY2024,Q4,Electronics,APAC,5000,Cost of Goods Sold,COGS,-22.387,SAP-BPC
2024-11,FY2024,Q4,Electronics,APAC,6100,Salaries & Wages,Opex,-3.256,SAP-BPC
2024-11,FY2024,Q4,Electronics,APAC,6200,Marketing,Opex,-1.221,SAP-BPC
2024-11,FY2024,Q4,Electronics,APAC,6300,R&D,Opex,-1.628,SAP-BPC
2024-11,FY2024,Q4,Electronics,APAC,6400,Travel,Opex,-0.407,SAP-BPC
2024-11,FY2024,Q4,Electronics,APAC,6500,IT & Infrastructure,Opex,-0.977,SAP-BPC
2024-11,FY2024,Q4,Electronics,APAC,6600,General & Admin,Opex,-0.651,SAP-BPC
2024-11,FY2024,Q4,Electronics,APAC,7100,Depreciation,D&A,-2.035,SAP-BPC
2024-11,FY2024,Q4,Electronics,APAC,8100,Interest Expense,Finance,-1.221,SAP-BPC
2024-11,FY2024,Q4,Electronics,APAC,9100,Income Tax,Tax,-2.544,SAP-BPC
2024-11,FY2024,Q4,Electronics,EMEA,4000,Product Revenue,Revenue,31.659,SAP-BPC
2024-11,FY2024,Q4,Electronics,EMEA,4100,Service Revenue,Revenue,13.568,SAP-BPC
2024-11,FY2024,Q4,Electronics,EMEA,5000,Cost of Goods Sold,COGS,-24.875,SAP-BPC
2024-11,FY2024,Q4,Electronics,EMEA,6100,Salaries & Wages,Opex,-3.618,SAP-BPC
2024-11,FY2024,Q4,Electronics,EMEA,6200,Marketing,Opex,-1.357,SAP-BPC
2024-11,FY2024,Q4,Electronics,EMEA,6300,R&D,Opex,-1.809,SAP-BPC
2024-11,FY2024,Q4,Electronics,EMEA,6400,Travel,Opex,-0.452,SAP-BPC
2024-11,FY2024,Q4,Electronics,EMEA,6500,IT & Infrastructure,Opex,-1.085,SAP-BPC
2024-11,FY2024,Q4,Electronics,EMEA,6600,General & Admin,Opex,-0.724,SAP-BPC
2024-11,FY2024,Q4,Electronics,EMEA,7100,Depreciation,D&A,-2.261,SAP-BPC
2024-11,FY2024,Q4,Electronics,EMEA,8100,Interest Expense,Finance,-1.357,SAP-BPC
2024-11,FY2024,Q4,Electronics,EMEA,9100,Income Tax,Tax,-2.827,SAP-BPC
2024-11,FY2024,Q4,Electronics,Americas,4000,Product Revenue,Revenue,37.99,SAP-BPC
2024-11,FY2024,Q4,Electronics,Americas,4100,Service Revenue,Revenue,16.282,SAP-BPC
2024-11,FY2024,Q4,Electronics,Americas,5000,Cost of Goods Sold,COGS,-29.85,SAP-BPC
2024-11,FY2024,Q4,Electronics,Americas,6100,Salaries & Wages,Opex,-4.342,SAP-BPC
2024-11,FY2024,Q4,Electronics,Americas,6200,Marketing,Opex,-1.628,SAP-BPC
2024-11,FY2024,Q4,Electronics,Americas,6300,R&D,Opex,-2.171,SAP-BPC
2024-11,FY2024,Q4,Electronics,Americas,6400,Travel,Opex,-0.543,SAP-BPC
2024-11,FY2024,Q4,Electronics,Americas,6500,IT & Infrastructure,Opex,-1.303,SAP-BPC
2024-11,FY2024,Q4,Electronics,Americas,6600,General & Admin,Opex,-0.868,SAP-BPC
2024-11,FY2024,Q4,Electronics,Americas,7100,Depreciation,D&A,-2.714,SAP-BPC
2024-11,FY2024,Q4,Electronics,Americas,8100,Interest Expense,Finance,-1.628,SAP-BPC
2024-11,FY2024,Q4,Electronics,Americas,9100,Income Tax,Tax,-3.392,SAP-BPC
2024-11,FY2024,Q4,Automotive,APAC,4000,Product Revenue,Revenue,39.89,SAP-BPC
2024-11,FY2024,Q4,Automotive,APAC,4100,Service Revenue,Revenue,17.096,SAP-BPC
2024-11,FY2024,Q4,Automotive,APAC,5000,Cost of Goods Sold,COGS,-31.342,SAP-BPC
2024-11,FY2024,Q4,Automotive,APAC,6100,Salaries & Wages,Opex,-4.559,SAP-BPC
2024-11,FY2024,Q4,Automotive,APAC,6200,Marketing,Opex,-1.71,SAP-BPC
2024-11,FY2024,Q4,Automotive,APAC,6300,R&D,Opex,-2.279,SAP-BPC
2024-11,FY2024,Q4,Automotive,APAC,6400,Travel,Opex,-0.57,SAP-BPC
2024-11,FY2024,Q4,Automotive,APAC,6500,IT & Infrastructure,Opex,-1.368,SAP-BPC
2024-11,FY2024,Q4,Automotive,APAC,6600,General & Admin,Opex,-0.912,SAP-BPC
2024-11,FY2024,Q4,Automotive,APAC,7100,Depreciation,D&A,-2.849,SAP-BPC
2024-11,FY2024,Q4,Automotive,APAC,8100,Interest Expense,Finance,-1.71,SAP-BPC
2024-11,FY2024,Q4,Automotive,APAC,9100,Income Tax,Tax,-3.562,SAP-BPC
2024-11,FY2024,Q4,Automotive,EMEA,4000,Product Revenue,Revenue,44.322,SAP-BPC
2024-11,FY2024,Q4,Automotive,EMEA,4100,Service Revenue,Revenue,18.995,SAP-BPC
2024-11,FY2024,Q4,Automotive,EMEA,5000,Cost of Goods Sold,COGS,-34.825,SAP-BPC
2024-11,FY2024,Q4,Automotive,EMEA,6100,Salaries & Wages,Opex,-5.065,SAP-BPC
2024-11,FY2024,Q4,Automotive,EMEA,6200,Marketing,Opex,-1.9,SAP-BPC
2024-11,FY2024,Q4,Automotive,EMEA,6300,R&D,Opex,-2.533,SAP-BPC
2024-11,FY2024,Q4,Automotive,EMEA,6400,Travel,Opex,-0.633,SAP-BPC
2024-11,FY2024,Q4,Automotive,EMEA,6500,IT & Infrastructure,Opex,-1.52,SAP-BPC
2024-11,FY2024,Q4,Automotive,EMEA,6600,General & Admin,Opex,-1.013,SAP-BPC
2024-11,FY2024,Q4,Automotive,EMEA,7100,Depreciation,D&A,-3.166,SAP-BPC
2024-11,FY2024,Q4,Automotive,EMEA,8100,Interest Expense,Finance,-1.9,SAP-BPC
2024-11,FY2024,Q4,Automotive,EMEA,9100,Income Tax,Tax,-3.957,SAP-BPC
2024-11,FY2024,Q4,Automotive,Americas,4000,Product Revenue,Revenue,53.187,SAP-BPC
2024-11,FY2024,Q4,Automotive,Americas,4100,Service Revenue,Revenue,22.794,SAP-BPC
2024-11,FY2024,Q4,Automotive,Americas,5000,Cost of Goods Sold,COGS,-41.789,SAP-BPC
2024-11,FY2024,Q4,Automotive,Americas,6100,Salaries & Wages,Opex,-6.078,SAP-BPC
2024-11,FY2024,Q4,Automotive,Americas,6200,Marketing,Opex,-2.279,SAP-BPC
2024-11,FY2024,Q4,Automotive,Americas,6300,R&D,Opex,-3.039,SAP-BPC
2024-11,FY2024,Q4,Automotive,Americas,6400,Travel,Opex,-0.76,SAP-BPC
2024-11,FY2024,Q4,Automotive,Americas,6500,IT & Infrastructure,Opex,-1.824,SAP-BPC
2024-11,FY2024,Q4,Automotive,Americas,6600,General & Admin,Opex,-1.216,SAP-BPC
2024-11,FY2024,Q4,Automotive,Americas,7100,Depreciation,D&A,-3.799,SAP-BPC
2024-11,FY2024,Q4,Automotive,Americas,8100,Interest Expense,Finance,-2.279,SAP-BPC
2024-11,FY2024,Q4,Automotive,Americas,9100,Income Tax,Tax,-4.749,SAP-BPC
2024-11,FY2024,Q4,Healthcare,APAC,4000,Product Revenue,Revenue,19.945,SAP-BPC
2024-11,FY2024,Q4,Healthcare,APAC,4100,Service Revenue,Revenue,8.548,SAP-BPC
2024-11,FY2024,Q4,Healthcare,APAC,5000,Cost of Goods Sold,COGS,-15.671,SAP-BPC
2024-11,FY2024,Q4,Healthcare,APAC,6100,Salaries & Wages,Opex,-2.279,SAP-BPC
2024-11,FY2024,Q4,Healthcare,APAC,6200,Marketing,Opex,-0.855,SAP-BPC
2024-11,FY2024,Q4,Healthcare,APAC,6300,R&D,Opex,-1.14,SAP-BPC
2024-11,FY2024,Q4,Healthcare,APAC,6400,Travel,Opex,-0.285,SAP-BPC
2024-11,FY2024,Q4,Healthcare,APAC,6500,IT & Infrastructure,Opex,-0.684,SAP-BPC
2024-11,FY2024,Q4,Healthcare,APAC,6600,General & Admin,Opex,-0.456,SAP-BPC
2024-11,FY2024,Q4,Healthcare,APAC,7100,Depreciation,D&A,-1.425,SAP-BPC
2024-11,FY2024,Q4,Healthcare,APAC,8100,Interest Expense,Finance,-0.855,SAP-BPC
2024-11,FY2024,Q4,Healthcare,APAC,9100,Income Tax,Tax,-1.781,SAP-BPC
2024-11,FY2024,Q4,Healthcare,EMEA,4000,Product Revenue,Revenue,22.161,SAP-BPC
2024-11,FY2024,Q4,Healthcare,EMEA,4100,Service Revenue,Revenue,9.498,SAP-BPC
2024-11,FY2024,Q4,Healthcare,EMEA,5000,Cost of Goods Sold,COGS,-17.412,SAP-BPC
2024-11,FY2024,Q4,Healthcare,EMEA,6100,Salaries & Wages,Opex,-2.533,SAP-BPC
2024-11,FY2024,Q4,Healthcare,EMEA,6200,Marketing,Opex,-0.95,SAP-BPC
2024-11,FY2024,Q4,Healthcare,EMEA,6300,R&D,Opex,-1.266,SAP-BPC
2024-11,FY2024,Q4,Healthcare,EMEA,6400,Travel,Opex,-0.317,SAP-BPC
2024-11,FY2024,Q4,Healthcare,EMEA,6500,IT & Infrastructure,Opex,-0.76,SAP-BPC
2024-11,FY2024,Q4,Healthcare,EMEA,6600,General & Admin,Opex,-0.507,SAP-BPC
2024-11,FY2024,Q4,Healthcare,EMEA,7100,Depreciation,D&A,-1.583,SAP-BPC
2024-11,FY2024,Q4,Healthcare,EMEA,8100,Interest Expense,Finance,-0.95,SAP-BPC
2024-11,FY2024,Q4,Healthcare,EMEA,9100,Income Tax,Tax,-1.979,SAP-BPC
2024-11,FY2024,Q4,Healthcare,Americas,4000,Product Revenue,Revenue,26.593,SAP-BPC
2024-11,FY2024,Q4,Healthcare,Americas,4100,Service Revenue,Revenue,11.397,SAP-BPC
2024-11,FY2024,Q4,Healthcare,Americas,5000,Cost of Goods Sold,COGS,-20.895,SAP-BPC
2024-11,FY2024,Q4,Healthcare,Americas,6100,Salaries & Wages,Opex,-3.039,SAP-BPC
2024-11,FY2024,Q4,Healthcare,Americas,6200,Marketing,Opex,-1.14,SAP-BPC
2024-11,FY2024,Q4,Healthcare,Americas,6300,R&D,Opex,-1.52,SAP-BPC
2024-11,FY2024,Q4,Healthcare,Americas,6400,Travel,Opex,-0.38,SAP-BPC
2024-11,FY2024,Q4,Healthcare,Americas,6500,IT & Infrastructure,Opex,-0.912,SAP-BPC
2024-11,FY2024,Q4,Healthcare,Americas,6600,General & Admin,Opex,-0.608,SAP-BPC
2024-11,FY2024,Q4,Healthcare,Americas,7100,Depreciation,D&A,-1.9,SAP-BPC
2024-11,FY2024,Q4,Healthcare,Americas,8100,Interest Expense,Finance,-1.14,SAP-BPC
2024-11,FY2024,Q4,Healthcare,Americas,9100,Income Tax,Tax,-2.374,SAP-BPC
2024-12,FY2024,Q4,Electronics,APAC,4000,Product Revenue,Revenue,28.849,SAP-BPC
2024-12,FY2024,Q4,Electronics,APAC,4100,Service Revenue,Revenue,12.364,SAP-BPC
2024-12,FY2024,Q4,Electronics,APAC,5000,Cost of Goods Sold,COGS,-22.667,SAP-BPC
2024-12,FY2024,Q4,Electronics,APAC,6100,Salaries & Wages,Opex,-3.297,SAP-BPC
2024-12,FY2024,Q4,Electronics,APAC,6200,Marketing,Opex,-1.236,SAP-BPC
2024-12,FY2024,Q4,Electronics,APAC,6300,R&D,Opex,-1.649,SAP-BPC
2024-12,FY2024,Q4,Electronics,APAC,6400,Travel,Opex,-0.412,SAP-BPC
2024-12,FY2024,Q4,Electronics,APAC,6500,IT & Infrastructure,Opex,-0.989,SAP-BPC
2024-12,FY2024,Q4,Electronics,APAC,6600,General & Admin,Opex,-0.659,SAP-BPC
2024-12,FY2024,Q4,Electronics,APAC,7100,Depreciation,D&A,-2.061,SAP-BPC
2024-12,FY2024,Q4,Electronics,APAC,8100,Interest Expense,Finance,-1.236,SAP-BPC
2024-12,FY2024,Q4,Electronics,APAC,9100,Income Tax,Tax,-2.576,SAP-BPC
2024-12,FY2024,Q4,Electronics,EMEA,4000,Product Revenue,Revenue,32.054,SAP-BPC
2024-12,FY2024,Q4,Electronics,EMEA,4100,Service Revenue,Revenue,13.738,SAP-BPC
2024-12,FY2024,Q4,Electronics,EMEA,5000,Cost of Goods Sold,COGS,-25.186,SAP-BPC
2024-12,FY2024,Q4,Electronics,EMEA,6100,Salaries & Wages,Opex,-3.663,SAP-BPC
2024-12,FY2024,Q4,Electronics,EMEA,6200,Marketing,Opex,-1.374,SAP-BPC
2024-12,FY2024,Q4,Electronics,EMEA,6300,R&D,Opex,-1.832,SAP-BPC
2024-12,FY2024,Q4,Electronics,EMEA,6400,Travel,Opex,-0.458,SAP-BPC
2024-12,FY2024,Q4,Electronics,EMEA,6500,IT & Infrastructure,Opex,-1.099,SAP-BPC
2024-12,FY2024,Q4,Electronics,EMEA,6600,General & Admin,Opex,-0.733,SAP-BPC
2024-12,FY2024,Q4,Electronics,EMEA,7100,Depreciation,D&A,-2.29,SAP-BPC
2024-12,FY2024,Q4,Electronics,EMEA,8100,Interest Expense,Finance,-1.374,SAP-BPC
2024-12,FY2024,Q4,Electronics,EMEA,9100,Income Tax,Tax,-2.862,SAP-BPC
2024-12,FY2024,Q4,Electronics,Americas,4000,Product Revenue,Revenue,38.465,SAP-BPC
2024-12,FY2024,Q4,Electronics,Americas,4100,Service Revenue,Revenue,16.485,SAP-BPC
2024-12,FY2024,Q4,Electronics,Americas,5000,Cost of Goods Sold,COGS,-30.223,SAP-BPC
2024-12,FY2024,Q4,Electronics,Americas,6100,Salaries & Wages,Opex,-4.396,SAP-BPC
2024-12,FY2024,Q4,Electronics,Americas,6200,Marketing,Opex,-1.649,SAP-BPC
2024-12,FY2024,Q4,Electronics,Americas,6300,R&D,Opex,-2.198,SAP-BPC
2024-12,FY2024,Q4,Electronics,Americas,6400,Travel,Opex,-0.55,SAP-BPC
2024-12,FY2024,Q4,Electronics,Americas,6500,IT & Infrastructure,Opex,-1.319,SAP-BPC
2024-12,FY2024,Q4,Electronics,Americas,6600,General & Admin,Opex,-0.879,SAP-BPC
2024-12,FY2024,Q4,Electronics,Americas,7100,Depreciation,D&A,-2.748,SAP-BPC
2024-12,FY2024,Q4,Electronics,Americas,8100,Interest Expense,Finance,-1.649,SAP-BPC
2024-12,FY2024,Q4,Electronics,Americas,9100,Income Tax,Tax,-3.434,SAP-BPC
2024-12,FY2024,Q4,Automotive,APAC,4000,Product Revenue,Revenue,40.389,SAP-BPC
2024-12,FY2024,Q4,Automotive,APAC,4100,Service Revenue,Revenue,17.309,SAP-BPC
2024-12,FY2024,Q4,Automotive,APAC,5000,Cost of Goods Sold,COGS,-31.734,SAP-BPC
2024-12,FY2024,Q4,Automotive,APAC,6100,Salaries & Wages,Opex,-4.616,SAP-BPC
2024-12,FY2024,Q4,Automotive,APAC,6200,Marketing,Opex,-1.731,SAP-BPC
2024-12,FY2024,Q4,Automotive,APAC,6300,R&D,Opex,-2.308,SAP-BPC
2024-12,FY2024,Q4,Automotive,APAC,6400,Travel,Opex,-0.577,SAP-BPC
2024-12,FY2024,Q4,Automotive,APAC,6500,IT & Infrastructure,Opex,-1.385,SAP-BPC
2024-12,FY2024,Q4,Automotive,APAC,6600,General & Admin,Opex,-0.923,SAP-BPC
2024-12,FY2024,Q4,Automotive,APAC,7100,Depreciation,D&A,-2.885,SAP-BPC
2024-12,FY2024,Q4,Automotive,APAC,8100,Interest Expense,Finance,-1.731,SAP-BPC
2024-12,FY2024,Q4,Automotive,APAC,9100,Income Tax,Tax,-3.606,SAP-BPC
2024-12,FY2024,Q4,Automotive,EMEA,4000,Product Revenue,Revenue,44.876,SAP-BPC
2024-12,FY2024,Q4,Automotive,EMEA,4100,Service Revenue,Revenue,19.233,SAP-BPC
2024-12,FY2024,Q4,Automotive,EMEA,5000,Cost of Goods Sold,COGS,-35.26,SAP-BPC
2024-12,FY2024,Q4,Automotive,EMEA,6100,Salaries & Wages,Opex,-5.129,SAP-BPC
2024-12,FY2024,Q4,Automotive,EMEA,6200,Marketing,Opex,-1.923,SAP-BPC
2024-12,FY2024,Q4,Automotive,EMEA,6300,R&D,Opex,-2.564,SAP-BPC
2024-12,FY2024,Q4,Automotive,EMEA,6400,Travel,Opex,-0.641,SAP-BPC
2024-12,FY2024,Q4,Automotive,EMEA,6500,IT & Infrastructure,Opex,-1.539,SAP-BPC
2024-12,FY2024,Q4,Automotive,EMEA,6600,General & Admin,Opex,-1.026,SAP-BPC
2024-12,FY2024,Q4,Automotive,EMEA,7100,Depreciation,D&A,-3.205,SAP-BPC
2024-12,FY2024,Q4,Automotive,EMEA,8100,Interest Expense,Finance,-1.923,SAP-BPC
2024-12,FY2024,Q4,Automotive,EMEA,9100,Income Tax,Tax,-4.007,SAP-BPC
2024-12,FY2024,Q4,Automotive,Americas,4000,Product Revenue,Revenue,53.851,SAP-BPC
2024-12,FY2024,Q4,Automotive,Americas,4100,Service Revenue,Revenue,23.079,SAP-BPC
2024-12,FY2024,Q4,Automotive,Americas,5000,Cost of Goods Sold,COGS,-42.312,SAP-BPC
2024-12,FY2024,Q4,Automotive,Americas,6100,Salaries & Wages,Opex,-6.154,SAP-BPC
2024-12,FY2024,Q4,Automotive,Americas,6200,Marketing,Opex,-2.308,SAP-BPC
2024-12,FY2024,Q4,Automotive,Americas,6300,R&D,Opex,-3.077,SAP-BPC
2024-12,FY2024,Q4,Automotive,Americas,6400,Travel,Opex,-0.769,SAP-BPC
2024-12,FY2024,Q4,Automotive,Americas,6500,IT & Infrastructure,Opex,-1.846,SAP-BPC
2024-12,FY2024,Q4,Automotive,Americas,6600,General & Admin,Opex,-1.231,SAP-BPC
2024-12,FY2024,Q4,Automotive,Americas,7100,Depreciation,D&A,-3.847,SAP-BPC
2024-12,FY2024,Q4,Automotive,Americas,8100,Interest Expense,Finance,-2.308,SAP-BPC
2024-12,FY2024,Q4,Automotive,Americas,9100,Income Tax,Tax,-4.808,SAP-BPC
2024-12,FY2024,Q4,Healthcare,APAC,4000,Product Revenue,Revenue,20.194,SAP-BPC
2024-12,FY2024,Q4,Healthcare,APAC,4100,Service Revenue,Revenue,8.655,SAP-BPC
2024-12,FY2024,Q4,Healthcare,APAC,5000,Cost of Goods Sold,COGS,-15.867,SAP-BPC
2024-12,FY2024,Q4,Healthcare,APAC,6100,Salaries & Wages,Opex,-2.308,SAP-BPC
2024-12,FY2024,Q4,Healthcare,APAC,6200,Marketing,Opex,-0.865,SAP-BPC
2024-12,FY2024,Q4,Healthcare,APAC,6300,R&D,Opex,-1.154,SAP-BPC
2024-12,FY2024,Q4,Healthcare,APAC,6400,Travel,Opex,-0.288,SAP-BPC
2024-12,FY2024,Q4,Healthcare,APAC,6500,IT & Infrastructure,Opex,-0.692,SAP-BPC
2024-12,FY2024,Q4,Healthcare,APAC,6600,General & Admin,Opex,-0.462,SAP-BPC
2024-12,FY2024,Q4,Healthcare,APAC,7100,Depreciation,D&A,-1.442,SAP-BPC
2024-12,FY2024,Q4,Healthcare,APAC,8100,Interest Expense,Finance,-0.865,SAP-BPC
2024-12,FY2024,Q4,Healthcare,APAC,9100,Income Tax,Tax,-1.803,SAP-BPC
2024-12,FY2024,Q4,Healthcare,EMEA,4000,Product Revenue,Revenue,22.438,SAP-BPC
2024-12,FY2024,Q4,Healthcare,EMEA,4100,Service Revenue,Revenue,9.616,SAP-BPC
2024-12,FY2024,Q4,Healthcare,EMEA,5000,Cost of Goods Sold,COGS,-17.63,SAP-BPC
2024-12,FY2024,Q4,Healthcare,EMEA,6100,Salaries & Wages,Opex,-2.564,SAP-BPC
2024-12,FY2024,Q4,Healthcare,EMEA,6200,Marketing,Opex,-0.962,SAP-BPC
2024-12,FY2024,Q4,Healthcare,EMEA,6300,R&D,Opex,-1.282,SAP-BPC
2024-12,FY2024,Q4,Healthcare,EMEA,6400,Travel,Opex,-0.321,SAP-BPC
2024-12,FY2024,Q4,Healthcare,EMEA,6500,IT & Infrastructure,Opex,-0.769,SAP-BPC
2024-12,FY2024,Q4,Healthcare,EMEA,6600,General & Admin,Opex,-0.513,SAP-BPC
2024-12,FY2024,Q4,Healthcare,EMEA,7100,Depreciation,D&A,-1.603,SAP-BPC
2024-12,FY2024,Q4,Healthcare,EMEA,8100,Interest Expense,Finance,-0.962,SAP-BPC
2024-12,FY2024,Q4,Healthcare,EMEA,9100,Income Tax,Tax,-2.003,SAP-BPC
2024-12,FY2024,Q4,Healthcare,Americas,4000,Product Revenue,Revenue,26.926,SAP-BPC
2024-12,FY2024,Q4,Healthcare,Americas,4100,Service Revenue,Revenue,11.54,SAP-BPC
2024-12,FY2024,Q4,Healthcare,Americas,5000,Cost of Goods Sold,COGS,-21.156,SAP-BPC
2024-12,FY2024,Q4,Healthcare,Americas,6100,Salaries & Wages,Opex,-3.077,SAP-BPC
2024-12,FY2024,Q4,Healthcare,Americas,6200,Marketing,Opex,-1.154,SAP-BPC
2024-12,FY2024,Q4,Healthcare,Americas,6300,R&D,Opex,-1.539,SAP-BPC
2024-12,FY2024,Q4,Healthcare,Americas,6400,Travel,Opex,-0.385,SAP-BPC
2024-12,FY2024,Q4,Healthcare,Americas,6500,IT & Infrastructure,Opex,-0.923,SAP-BPC
2024-12,FY2024,Q4,Healthcare,Americas,6600,General & Admin,Opex,-0.615,SAP-BPC
2024-12,FY2024,Q4,Healthcare,Americas,7100,Depreciation,D&A,-1.923,SAP-BPC
2024-12,FY2024,Q4,Healthcare,Americas,8100,Interest Expense,Finance,-1.154,SAP-BPC
2024-12,FY2024,Q4,Healthcare,Americas,9100,Income Tax,Tax,-2.404,SAP-BPC
2025-01,FY2025,Q1,Electronics,APAC,4000,Product Revenue,Revenue,26.342,SAP-BPC
2025-01,FY2025,Q1,Electronics,APAC,4100,Service Revenue,Revenue,11.29,SAP-BPC
2025-01,FY2025,Q1,Electronics,APAC,5000,Cost of Goods Sold,COGS,-20.698,SAP-BPC
2025-01,FY2025,Q1,Electronics,APAC,6100,Salaries & Wages,Opex,-3.011,SAP-BPC
2025-01,FY2025,Q1,Electronics,APAC,6200,Marketing,Opex,-1.129,SAP-BPC
2025-01,FY2025,Q1,Electronics,APAC,6300,R&D,Opex,-1.505,SAP-BPC
2025-01,FY2025,Q1,Electronics,APAC,6400,Travel,Opex,-0.376,SAP-BPC
2025-01,FY2025,Q1,Electronics,APAC,6500,IT & Infrastructure,Opex,-0.903,SAP-BPC
2025-01,FY2025,Q1,Electronics,APAC,6600,General & Admin,Opex,-0.602,SAP-BPC
2025-01,FY2025,Q1,Electronics,APAC,7100,Depreciation,D&A,-1.882,SAP-BPC
2025-01,FY2025,Q1,Electronics,APAC,8100,Interest Expense,Finance,-1.129,SAP-BPC
2025-01,FY2025,Q1,Electronics,APAC,9100,Income Tax,Tax,-2.352,SAP-BPC
2025-01,FY2025,Q1,Electronics,EMEA,4000,Product Revenue,Revenue,29.269,SAP-BPC
2025-01,FY2025,Q1,Electronics,EMEA,4100,Service Revenue,Revenue,12.544,SAP-BPC
2025-01,FY2025,Q1,Electronics,EMEA,5000,Cost of Goods Sold,COGS,-22.997,SAP-BPC
2025-01,FY2025,Q1,Electronics,EMEA,6100,Salaries & Wages,Opex,-3.345,SAP-BPC
2025-01,FY2025,Q1,Electronics,EMEA,6200,Marketing,Opex,-1.254,SAP-BPC
2025-01,FY2025,Q1,Electronics,EMEA,6300,R&D,Opex,-1.673,SAP-BPC
2025-01,FY2025,Q1,Electronics,EMEA,6400,Travel,Opex,-0.418,SAP-BPC
2025-01,FY2025,Q1,Electronics,EMEA,6500,IT & Infrastructure,Opex,-1.004,SAP-BPC
2025-01,FY2025,Q1,Electronics,EMEA,6600,General & Admin,Opex,-0.669,SAP-BPC
2025-01,FY2025,Q1,Electronics,EMEA,7100,Depreciation,D&A,-2.091,SAP-BPC
2025-01,FY2025,Q1,Electronics,EMEA,8100,Interest Expense,Finance,-1.254,SAP-BPC
2025-01,FY2025,Q1,Electronics,EMEA,9100,Income Tax,Tax,-2.613,SAP-BPC
2025-01,FY2025,Q1,Electronics,Americas,4000,Product Revenue,Revenue,35.123,SAP-BPC
2025-01,FY2025,Q1,Electronics,Americas,4100,Service Revenue,Revenue,15.053,SAP-BPC
2025-01,FY2025,Q1,Electronics,Americas,5000,Cost of Goods Sold,COGS,-27.597,SAP-BPC
2025-01,FY2025,Q1,Electronics,Americas,6100,Salaries & Wages,Opex,-4.014,SAP-BPC
2025-01,FY2025,Q1,Electronics,Americas,6200,Marketing,Opex,-1.505,SAP-BPC
2025-01,FY2025,Q1,Electronics,Americas,6300,R&D,Opex,-2.007,SAP-BPC
2025-01,FY2025,Q1,Electronics,Americas,6400,Travel,Opex,-0.502,SAP-BPC
2025-01,FY2025,Q1,Electronics,Americas,6500,IT & Infrastructure,Opex,-1.204,SAP-BPC
2025-01,FY2025,Q1,Electronics,Americas,6600,General & Admin,Opex,-0.803,SAP-BPC
2025-01,FY2025,Q1,Electronics,Americas,7100,Depreciation,D&A,-2.509,SAP-BPC
2025-01,FY2025,Q1,Electronics,Americas,8100,Interest Expense,Finance,-1.505,SAP-BPC
2025-01,FY2025,Q1,Electronics,Americas,9100,Income Tax,Tax,-3.136,SAP-BPC
2025-01,FY2025,Q1,Automotive,APAC,4000,Product Revenue,Revenue,36.879,SAP-BPC
2025-01,FY2025,Q1,Automotive,APAC,4100,Service Revenue,Revenue,15.805,SAP-BPC
2025-01,FY2025,Q1,Automotive,APAC,5000,Cost of Goods Sold,COGS,-28.977,SAP-BPC
2025-01,FY2025,Q1,Automotive,APAC,6100,Salaries & Wages,Opex,-4.215,SAP-BPC
2025-01,FY2025,Q1,Automotive,APAC,6200,Marketing,Opex,-1.581,SAP-BPC
2025-01,FY2025,Q1,Automotive,APAC,6300,R&D,Opex,-2.107,SAP-BPC
2025-01,FY2025,Q1,Automotive,APAC,6400,Travel,Opex,-0.527,SAP-BPC
2025-01,FY2025,Q1,Automotive,APAC,6500,IT & Infrastructure,Opex,-1.264,SAP-BPC
2025-01,FY2025,Q1,Automotive,APAC,6600,General & Admin,Opex,-0.843,SAP-BPC
2025-01,FY2025,Q1,Automotive,APAC,7100,Depreciation,D&A,-2.634,SAP-BPC
2025-01,FY2025,Q1,Automotive,APAC,8100,Interest Expense,Finance,-1.581,SAP-BPC
2025-01,FY2025,Q1,Automotive,APAC,9100,Income Tax,Tax,-3.293,SAP-BPC
2025-01,FY2025,Q1,Automotive,EMEA,4000,Product Revenue,Revenue,40.977,SAP-BPC
2025-01,FY2025,Q1,Automotive,EMEA,4100,Service Revenue,Revenue,17.562,SAP-BPC
2025-01,FY2025,Q1,Automotive,EMEA,5000,Cost of Goods Sold,COGS,-32.196,SAP-BPC
2025-01,FY2025,Q1,Automotive,EMEA,6100,Salaries & Wages,Opex,-4.683,SAP-BPC
2025-01,FY2025,Q1,Automotive,EMEA,6200,Marketing,Opex,-1.756,SAP-BPC
2025-01,FY2025,Q1,Automotive,EMEA,6300,R&D,Opex,-2.342,SAP-BPC
2025-01,FY2025,Q1,Automotive,EMEA,6400,Travel,Opex,-0.585,SAP-BPC
2025-01,FY2025,Q1,Automotive,EMEA,6500,IT & Infrastructure,Opex,-1.405,SAP-BPC
2025-01,FY2025,Q1,Automotive,EMEA,6600,General & Admin,Opex,-0.937,SAP-BPC
2025-01,FY2025,Q1,Automotive,EMEA,7100,Depreciation,D&A,-2.927,SAP-BPC
2025-01,FY2025,Q1,Automotive,EMEA,8100,Interest Expense,Finance,-1.756,SAP-BPC
2025-01,FY2025,Q1,Automotive,EMEA,9100,Income Tax,Tax,-3.659,SAP-BPC
2025-01,FY2025,Q1,Automotive,Americas,4000,Product Revenue,Revenue,49.172,SAP-BPC
2025-01,FY2025,Q1,Automotive,Americas,4100,Service Revenue,Revenue,21.074,SAP-BPC
2025-01,FY2025,Q1,Automotive,Americas,5000,Cost of Goods Sold,COGS,-38.636,SAP-BPC
2025-01,FY2025,Q1,Automotive,Americas,6100,Salaries & Wages,Opex,-5.62,SAP-BPC
2025-01,FY2025,Q1,Automotive,Americas,6200,Marketing,Opex,-2.107,SAP-BPC
2025-01,FY2025,Q1,Automotive,Americas,6300,R&D,Opex,-2.81,SAP-BPC
2025-01,FY2025,Q1,Automotive,Americas,6400,Travel,Opex,-0.702,SAP-BPC
2025-01,FY2025,Q1,Automotive,Americas,6500,IT & Infrastructure,Opex,-1.686,SAP-BPC
2025-01,FY2025,Q1,Automotive,Americas,6600,General & Admin,Opex,-1.124,SAP-BPC
2025-01,FY2025,Q1,Automotive,Americas,7100,Depreciation,D&A,-3.512,SAP-BPC
2025-01,FY2025,Q1,Automotive,Americas,8100,Interest Expense,Finance,-2.107,SAP-BPC
2025-01,FY2025,Q1,Automotive,Americas,9100,Income Tax,Tax,-4.39,SAP-BPC
2025-01,FY2025,Q1,Healthcare,APAC,4000,Product Revenue,Revenue,18.44,SAP-BPC
2025-01,FY2025,Q1,Healthcare,APAC,4100,Service Revenue,Revenue,7.903,SAP-BPC
2025-01,FY2025,Q1,Healthcare,APAC,5000,Cost of Goods Sold,COGS,-14.488,SAP-BPC
2025-01,FY2025,Q1,Healthcare,APAC,6100,Salaries & Wages,Opex,-2.107,SAP-BPC
2025-01,FY2025,Q1,Healthcare,APAC,6200,Marketing,Opex,-0.79,SAP-BPC
2025-01,FY2025,Q1,Healthcare,APAC,6300,R&D,Opex,-1.054,SAP-BPC
2025-01,FY2025,Q1,Healthcare,APAC,6400,Travel,Opex,-0.263,SAP-BPC
2025-01,FY2025,Q1,Healthcare,APAC,6500,IT & Infrastructure,Opex,-0.632,SAP-BPC
2025-01,FY2025,Q1,Healthcare,APAC,6600,General & Admin,Opex,-0.421,SAP-BPC
2025-01,FY2025,Q1,Healthcare,APAC,7100,Depreciation,D&A,-1.317,SAP-BPC
2025-01,FY2025,Q1,Healthcare,APAC,8100,Interest Expense,Finance,-0.79,SAP-BPC
2025-01,FY2025,Q1,Healthcare,APAC,9100,Income Tax,Tax,-1.646,SAP-BPC
2025-01,FY2025,Q1,Healthcare,EMEA,4000,Product Revenue,Revenue,20.489,SAP-BPC
2025-01,FY2025,Q1,Healthcare,EMEA,4100,Service Revenue,Revenue,8.781,SAP-BPC
2025-01,FY2025,Q1,Healthcare,EMEA,5000,Cost of Goods Sold,COGS,-16.098,SAP-BPC
2025-01,FY2025,Q1,Healthcare,EMEA,6100,Salaries & Wages,Opex,-2.342,SAP-BPC
2025-01,FY2025,Q1,Healthcare,EMEA,6200,Marketing,Opex,-0.878,SAP-BPC
2025-01,FY2025,Q1,Healthcare,EMEA,6300,R&D,Opex,-1.171,SAP-BPC
2025-01,FY2025,Q1,Healthcare,EMEA,6400,Travel,Opex,-0.293,SAP-BPC
2025-01,FY2025,Q1,Healthcare,EMEA,6500,IT & Infrastructure,Opex,-0.702,SAP-BPC
2025-01,FY2025,Q1,Healthcare,EMEA,6600,General & Admin,Opex,-0.468,SAP-BPC
2025-01,FY2025,Q1,Healthcare,EMEA,7100,Depreciation,D&A,-1.463,SAP-BPC
2025-01,FY2025,Q1,Healthcare,EMEA,8100,Interest Expense,Finance,-0.878,SAP-BPC
2025-01,FY2025,Q1,Healthcare,EMEA,9100,Income Tax,Tax,-1.829,SAP-BPC
2025-01,FY2025,Q1,Healthcare,Americas,4000,Product Revenue,Revenue,24.586,SAP-BPC
2025-01,FY2025,Q1,Healthcare,Americas,4100,Service Revenue,Revenue,10.537,SAP-BPC
2025-01,FY2025,Q1,Healthcare,Americas,5000,Cost of Goods Sold,COGS,-19.318,SAP-BPC
2025-01,FY2025,Q1,Healthcare,Americas,6100,Salaries & Wages,Opex,-2.81,SAP-BPC
2025-01,FY2025,Q1,Healthcare,Americas,6200,Marketing,Opex,-1.054,SAP-BPC
2025-01,FY2025,Q1,Healthcare,Americas,6300,R&D,Opex,-1.405,SAP-BPC
2025-01,FY2025,Q1,Healthcare,Americas,6400,Travel,Opex,-0.351,SAP-BPC
2025-01,FY2025,Q1,Healthcare,Americas,6500,IT & Infrastructure,Opex,-0.843,SAP-BPC
2025-01,FY2025,Q1,Healthcare,Americas,6600,General & Admin,Opex,-0.562,SAP-BPC
2025-01,FY2025,Q1,Healthcare,Americas,7100,Depreciation,D&A,-1.756,SAP-BPC
2025-01,FY2025,Q1,Healthcare,Americas,8100,Interest Expense,Finance,-1.054,SAP-BPC
2025-01,FY2025,Q1,Healthcare,Americas,9100,Income Tax,Tax,-2.195,SAP-BPC
2025-02,FY2025,Q1,Electronics,APAC,4000,Product Revenue,Revenue,26.719,SAP-BPC
2025-02,FY2025,Q1,Electronics,APAC,4100,Service Revenue,Revenue,11.451,SAP-BPC
2025-02,FY2025,Q1,Electronics,APAC,5000,Cost of Goods Sold,COGS,-20.993,SAP-BPC
2025-02,FY2025,Q1,Electronics,APAC,6100,Salaries & Wages,Opex,-3.054,SAP-BPC
2025-02,FY2025,Q1,Electronics,APAC,6200,Marketing,Opex,-1.145,SAP-BPC
2025-02,FY2025,Q1,Electronics,APAC,6300,R&D,Opex,-1.527,SAP-BPC
2025-02,FY2025,Q1,Electronics,APAC,6400,Travel,Opex,-0.382,SAP-BPC
2025-02,FY2025,Q1,Electronics,APAC,6500,IT & Infrastructure,Opex,-0.916,SAP-BPC
2025-02,FY2025,Q1,Electronics,APAC,6600,General & Admin,Opex,-0.611,SAP-BPC
2025-02,FY2025,Q1,Electronics,APAC,7100,Depreciation,D&A,-1.908,SAP-BPC
2025-02,FY2025,Q1,Electronics,APAC,8100,Interest Expense,Finance,-1.145,SAP-BPC
2025-02,FY2025,Q1,Electronics,APAC,9100,Income Tax,Tax,-2.386,SAP-BPC
2025-02,FY2025,Q1,Electronics,EMEA,4000,Product Revenue,Revenue,29.687,SAP-BPC
2025-02,FY2025,Q1,Electronics,EMEA,4100,Service Revenue,Revenue,12.723,SAP-BPC
2025-02,FY2025,Q1,Electronics,EMEA,5000,Cost of Goods Sold,COGS,-23.326,SAP-BPC
2025-02,FY2025,Q1,Electronics,EMEA,6100,Salaries & Wages,Opex,-3.393,SAP-BPC
2025-02,FY2025,Q1,Electronics,EMEA,6200,Marketing,Opex,-1.272,SAP-BPC
2025-02,FY2025,Q1,Electronics,EMEA,6300,R&D,Opex,-1.696,SAP-BPC
2025-02,FY2025,Q1,Electronics,EMEA,6400,Travel,Opex,-0.424,SAP-BPC
2025-02,FY2025,Q1,Electronics,EMEA,6500,IT & Infrastructure,Opex,-1.018,SAP-BPC
2025-02,FY2025,Q1,Electronics,EMEA,6600,General & Admin,Opex,-0.679,SAP-BPC
2025-02,FY2025,Q1,Electronics,EMEA,7100,Depreciation,D&A,-2.121,SAP-BPC
2025-02,FY2025,Q1,Electronics,EMEA,8100,Interest Expense,Finance,-1.272,SAP-BPC
2025-02,FY2025,Q1,Electronics,EMEA,9100,Income Tax,Tax,-2.651,SAP-BPC
2025-02,FY2025,Q1,Electronics,Americas,4000,Product Revenue,Revenue,35.625,SAP-BPC
2025-02,FY2025,Q1,Electronics,Americas,4100,Service Revenue,Revenue,15.268,SAP-BPC
2025-02,FY2025,Q1,Electronics,Americas,5000,Cost of Goods Sold,COGS,-27.991,SAP-BPC
2025-02,FY2025,Q1,Electronics,Americas,6100,Salaries & Wages,Opex,-4.071,SAP-BPC
2025-02,FY2025,Q1,Electronics,Americas,6200,Marketing,Opex,-1.527,SAP-BPC
2025-02,FY2025,Q1,Electronics,Americas,6300,R&D,Opex,-2.036,SAP-BPC
2025-02,FY2025,Q1,Electronics,Americas,6400,Travel,Opex,-0.509,SAP-BPC
2025-02,FY2025,Q1,Electronics,Americas,6500,IT & Infrastructure,Opex,-1.221,SAP-BPC
2025-02,FY2025,Q1,Electronics,Americas,6600,General & Admin,Opex,-0.814,SAP-BPC
2025-02,FY2025,Q1,Electronics,Americas,7100,Depreciation,D&A,-2.545,SAP-BPC
2025-02,FY2025,Q1,Electronics,Americas,8100,Interest Expense,Finance,-1.527,SAP-BPC
2025-02,FY2025,Q1,Electronics,Americas,9100,Income Tax,Tax,-3.181,SAP-BPC
2025-02,FY2025,Q1,Automotive,APAC,4000,Product Revenue,Revenue,37.406,SAP-BPC
2025-02,FY2025,Q1,Automotive,APAC,4100,Service Revenue,Revenue,16.031,SAP-BPC
2025-02,FY2025,Q1,Automotive,APAC,5000,Cost of Goods Sold,COGS,-29.391,SAP-BPC
2025-02,FY2025,Q1,Automotive,APAC,6100,Salaries & Wages,Opex,-4.275,SAP-BPC
2025-02,FY2025,Q1,Automotive,APAC,6200,Marketing,Opex,-1.603,SAP-BPC
2025-02,FY2025,Q1,Automotive,APAC,6300,R&D,Opex,-2.137,SAP-BPC
2025-02,FY2025,Q1,Automotive,APAC,6400,Travel,Opex,-0.534,SAP-BPC
2025-02,FY2025,Q1,Automotive,APAC,6500,IT & Infrastructure,Opex,-1.282,SAP-BPC
2025-02,FY2025,Q1,Automotive,APAC,6600,General & Admin,Opex,-0.855,SAP-BPC
2025-02,FY2025,Q1,Automotive,APAC,7100,Depreciation,D&A,-2.672,SAP-BPC
2025-02,FY2025,Q1,Automotive,APAC,8100,Interest Expense,Finance,-1.603,SAP-BPC
2025-02,FY2025,Q1,Automotive,APAC,9100,Income Tax,Tax,-3.34,SAP-BPC
2025-02,FY2025,Q1,Automotive,EMEA,4000,Product Revenue,Revenue,41.562,SAP-BPC
2025-02,FY2025,Q1,Automotive,EMEA,4100,Service Revenue,Revenue,17.812,SAP-BPC
2025-02,FY2025,Q1,Automotive,EMEA,5000,Cost of Goods Sold,COGS,-32.656,SAP-BPC
2025-02,FY2025,Q1,Automotive,EMEA,6100,Salaries & Wages,Opex,-4.75,SAP-BPC
2025-02,FY2025,Q1,Automotive,EMEA,6200,Marketing,Opex,-1.781,SAP-BPC
2025-02,FY2025,Q1,Automotive,EMEA,6300,R&D,Opex,-2.375,SAP-BPC
2025-02,FY2025,Q1,Automotive,EMEA,6400,Travel,Opex,-0.594,SAP-BPC
2025-02,FY2025,Q1,Automotive,EMEA,6500,IT & Infrastructure,Opex,-1.425,SAP-BPC
2025-02,FY2025,Q1,Automotive,EMEA,6600,General & Admin,Opex,-0.95,SAP-BPC
2025-02,FY2025,Q1,Automotive,EMEA,7100,Depreciation,D&A,-2.969,SAP-BPC
2025-02,FY2025,Q1,Automotive,EMEA,8100,Interest Expense,Finance,-1.781,SAP-BPC
2025-02,FY2025,Q1,Automotive,EMEA,9100,Income Tax,Tax,-3.711,SAP-BPC
2025-02,FY2025,Q1,Automotive,Americas,4000,Product Revenue,Revenue,49.875,SAP-BPC
2025-02,FY2025,Q1,Automotive,Americas,4100,Service Revenue,Revenue,21.375,SAP-BPC
2025-02,FY2025,Q1,Automotive,Americas,5000,Cost of Goods Sold,COGS,-39.187,SAP-BPC
2025-02,FY2025,Q1,Automotive,Americas,6100,Salaries & Wages,Opex,-5.7,SAP-BPC
2025-02,FY2025,Q1,Automotive,Americas,6200,Marketing,Opex,-2.137,SAP-BPC
2025-02,FY2025,Q1,Automotive,Americas,6300,R&D,Opex,-2.85,SAP-BPC
2025-02,FY2025,Q1,Automotive,Americas,6400,Travel,Opex,-0.712,SAP-BPC
2025-02,FY2025,Q1,Automotive,Americas,6500,IT & Infrastructure,Opex,-1.71,SAP-BPC
2025-02,FY2025,Q1,Automotive,Americas,6600,General & Admin,Opex,-1.14,SAP-BPC
2025-02,FY2025,Q1,Automotive,Americas,7100,Depreciation,D&A,-3.562,SAP-BPC
2025-02,FY2025,Q1,Automotive,Americas,8100,Interest Expense,Finance,-2.137,SAP-BPC
2025-02,FY2025,Q1,Automotive,Americas,9100,Income Tax,Tax,-4.453,SAP-BPC
2025-02,FY2025,Q1,Healthcare,APAC,4000,Product Revenue,Revenue,18.703,SAP-BPC
2025-02,FY2025,Q1,Healthcare,APAC,4100,Service Revenue,Revenue,8.016,SAP-BPC
2025-02,FY2025,Q1,Healthcare,APAC,5000,Cost of Goods Sold,COGS,-14.695,SAP-BPC
2025-02,FY2025,Q1,Healthcare,APAC,6100,Salaries & Wages,Opex,-2.137,SAP-BPC
2025-02,FY2025,Q1,Healthcare,APAC,6200,Marketing,Opex,-0.802,SAP-BPC
2025-02,FY2025,Q1,Healthcare,APAC,6300,R&D,Opex,-1.069,SAP-BPC
2025-02,FY2025,Q1,Healthcare,APAC,6400,Travel,Opex,-0.267,SAP-BPC
2025-02,FY2025,Q1,Healthcare,APAC,6500,IT & Infrastructure,Opex,-0.641,SAP-BPC
2025-02,FY2025,Q1,Healthcare,APAC,6600,General & Admin,Opex,-0.427,SAP-BPC
2025-02,FY2025,Q1,Healthcare,APAC,7100,Depreciation,D&A,-1.336,SAP-BPC
2025-02,FY2025,Q1,Healthcare,APAC,8100,Interest Expense,Finance,-0.802,SAP-BPC
2025-02,FY2025,Q1,Healthcare,APAC,9100,Income Tax,Tax,-1.67,SAP-BPC
2025-02,FY2025,Q1,Healthcare,EMEA,4000,Product Revenue,Revenue,20.781,SAP-BPC
2025-02,FY2025,Q1,Healthcare,EMEA,4100,Service Revenue,Revenue,8.906,SAP-BPC
2025-02,FY2025,Q1,Healthcare,EMEA,5000,Cost of Goods Sold,COGS,-16.328,SAP-BPC
2025-02,FY2025,Q1,Healthcare,EMEA,6100,Salaries & Wages,Opex,-2.375,SAP-BPC
2025-02,FY2025,Q1,Healthcare,EMEA,6200,Marketing,Opex,-0.891,SAP-BPC
2025-02,FY2025,Q1,Healthcare,EMEA,6300,R&D,Opex,-1.187,SAP-BPC
2025-02,FY2025,Q1,Healthcare,EMEA,6400,Travel,Opex,-0.297,SAP-BPC
2025-02,FY2025,Q1,Healthcare,EMEA,6500,IT & Infrastructure,Opex,-0.712,SAP-BPC
2025-02,FY2025,Q1,Healthcare,EMEA,6600,General & Admin,Opex,-0.475,SAP-BPC
2025-02,FY2025,Q1,Healthcare,EMEA,7100,Depreciation,D&A,-1.484,SAP-BPC
2025-02,FY2025,Q1,Healthcare,EMEA,8100,Interest Expense,Finance,-0.891,SAP-BPC
2025-02,FY2025,Q1,Healthcare,EMEA,9100,Income Tax,Tax,-1.855,SAP-BPC
2025-02,FY2025,Q1,Healthcare,Americas,4000,Product Revenue,Revenue,24.937,SAP-BPC
2025-02,FY2025,Q1,Healthcare,Americas,4100,Service Revenue,Revenue,10.687,SAP-BPC
2025-02,FY2025,Q1,Healthcare,Americas,5000,Cost of Goods Sold,COGS,-19.594,SAP-BPC
2025-02,FY2025,Q1,Healthcare,Americas,6100,Salaries & Wages,Opex,-2.85,SAP-BPC
2025-02,FY2025,Q1,Healthcare,Americas,6200,Marketing,Opex,-1.069,SAP-BPC
2025-02,FY2025,Q1,Healthcare,Americas,6300,R&D,Opex,-1.425,SAP-BPC
2025-02,FY2025,Q1,Healthcare,Americas,6400,Travel,Opex,-0.356,SAP-BPC
2025-02,FY2025,Q1,Healthcare,Americas,6500,IT & Infrastructure,Opex,-0.855,SAP-BPC
2025-02,FY2025,Q1,Healthcare,Americas,6600,General & Admin,Opex,-0.57,SAP-BPC
2025-02,FY2025,Q1,Healthcare,Americas,7100,Depreciation,D&A,-1.781,SAP-BPC
2025-02,FY2025,Q1,Healthcare,Americas,8100,Interest Expense,Finance,-1.069,SAP-BPC
2025-02,FY2025,Q1,Healthcare,Americas,9100,Income Tax,Tax,-2.227,SAP-BPC
2025-03,FY2025,Q1,Electronics,APAC,4000,Product Revenue,Revenue,27.095,SAP-BPC
2025-03,FY2025,Q1,Electronics,APAC,4100,Service Revenue,Revenue,11.612,SAP-BPC
2025-03,FY2025,Q1,Electronics,APAC,5000,Cost of Goods Sold,COGS,-21.289,SAP-BPC
2025-03,FY2025,Q1,Electronics,APAC,6100,Salaries & Wages,Opex,-3.097,SAP-BPC
2025-03,FY2025,Q1,Electronics,APAC,6200,Marketing,Opex,-1.161,SAP-BPC
2025-03,FY2025,Q1,Electronics,APAC,6300,R&D,Opex,-1.548,SAP-BPC
2025-03,FY2025,Q1,Electronics,APAC,6400,Travel,Opex,-0.387,SAP-BPC
2025-03,FY2025,Q1,Electronics,APAC,6500,IT & Infrastructure,Opex,-0.929,SAP-BPC
2025-03,FY2025,Q1,Electronics,APAC,6600,General & Admin,Opex,-0.619,SAP-BPC
2025-03,FY2025,Q1,Electronics,APAC,7100,Depreciation,D&A,-1.935,SAP-BPC
2025-03,FY2025,Q1,Electronics,APAC,8100,Interest Expense,Finance,-1.161,SAP-BPC
2025-03,FY2025,Q1,Electronics,APAC,9100,Income Tax,Tax,-2.419,SAP-BPC
2025-03,FY2025,Q1,Electronics,EMEA,4000,Product Revenue,Revenue,30.106,SAP-BPC
2025-03,FY2025,Q1,Electronics,EMEA,4100,Service Revenue,Revenue,12.902,SAP-BPC
2025-03,FY2025,Q1,Electronics,EMEA,5000,Cost of Goods Sold,COGS,-23.654,SAP-BPC
2025-03,FY2025,Q1,Electronics,EMEA,6100,Salaries & Wages,Opex,-3.441,SAP-BPC
2025-03,FY2025,Q1,Electronics,EMEA,6200,Marketing,Opex,-1.29,SAP-BPC
2025-03,FY2025,Q1,Electronics,EMEA,6300,R&D,Opex,-1.72,SAP-BPC
2025-03,FY2025,Q1,Electronics,EMEA,6400,Travel,Opex,-0.43,SAP-BPC
2025-03,FY2025,Q1,Electronics,EMEA,6500,IT & Infrastructure,Opex,-1.032,SAP-BPC
2025-03,FY2025,Q1,Electronics,EMEA,6600,General & Admin,Opex,-0.688,SAP-BPC
2025-03,FY2025,Q1,Electronics,EMEA,7100,Depreciation,D&A,-2.15,SAP-BPC
2025-03,FY2025,Q1,Electronics,EMEA,8100,Interest Expense,Finance,-1.29,SAP-BPC
2025-03,FY2025,Q1,Electronics,EMEA,9100,Income Tax,Tax,-2.688,SAP-BPC
2025-03,FY2025,Q1,Electronics,Americas,4000,Product Revenue,Revenue,36.127,SAP-BPC
2025-03,FY2025,Q1,Electronics,Americas,4100,Service Revenue,Revenue,15.483,SAP-BPC
2025-03,FY2025,Q1,Electronics,Americas,5000,Cost of Goods Sold,COGS,-28.385,SAP-BPC
2025-03,FY2025,Q1,Electronics,Americas,6100,Salaries & Wages,Opex,-4.129,SAP-BPC
2025-03,FY2025,Q1,Electronics,Americas,6200,Marketing,Opex,-1.548,SAP-BPC
2025-03,FY2025,Q1,Electronics,Americas,6300,R&D,Opex,-2.064,SAP-BPC
2025-03,FY2025,Q1,Electronics,Americas,6400,Travel,Opex,-0.516,SAP-BPC
2025-03,FY2025,Q1,Electronics,Americas,6500,IT & Infrastructure,Opex,-1.239,SAP-BPC
2025-03,FY2025,Q1,Electronics,Americas,6600,General & Admin,Opex,-0.826,SAP-BPC
2025-03,FY2025,Q1,Electronics,Americas,7100,Depreciation,D&A,-2.58,SAP-BPC
2025-03,FY2025,Q1,Electronics,Americas,8100,Interest Expense,Finance,-1.548,SAP-BPC
2025-03,FY2025,Q1,Electronics,Americas,9100,Income Tax,Tax,-3.226,SAP-BPC
2025-03,FY2025,Q1,Automotive,APAC,4000,Product Revenue,Revenue,37.933,SAP-BPC
2025-03,FY2025,Q1,Automotive,APAC,4100,Service Revenue,Revenue,16.257,SAP-BPC
2025-03,FY2025,Q1,Automotive,APAC,5000,Cost of Goods Sold,COGS,-29.805,SAP-BPC
2025-03,FY2025,Q1,Automotive,APAC,6100,Salaries & Wages,Opex,-4.335,SAP-BPC
2025-03,FY2025,Q1,Automotive,APAC,6200,Marketing,Opex,-1.626,SAP-BPC
2025-03,FY2025,Q1,Automotive,APAC,6300,R&D,Opex,-2.168,SAP-BPC
2025-03,FY2025,Q1,Automotive,APAC,6400,Travel,Opex,-0.542,SAP-BPC
2025-03,FY2025,Q1,Automotive,APAC,6500,IT & Infrastructure,Opex,-1.301,SAP-BPC
2025-03,FY2025,Q1,Automotive,APAC,6600,General & Admin,Opex,-0.867,SAP-BPC
2025-03,FY2025,Q1,Automotive,APAC,7100,Depreciation,D&A,-2.71,SAP-BPC
2025-03,FY2025,Q1,Automotive,APAC,8100,Interest Expense,Finance,-1.626,SAP-BPC
2025-03,FY2025,Q1,Automotive,APAC,9100,Income Tax,Tax,-3.387,SAP-BPC
2025-03,FY2025,Q1,Automotive,EMEA,4000,Product Revenue,Revenue,42.148,SAP-BPC
2025-03,FY2025,Q1,Automotive,EMEA,4100,Service Revenue,Revenue,18.063,SAP-BPC
2025-03,FY2025,Q1,Automotive,EMEA,5000,Cost of Goods Sold,COGS,-33.116,SAP-BPC
2025-03,FY2025,Q1,Automotive,EMEA,6100,Salaries & Wages,Opex,-4.817,SAP-BPC
2025-03,FY2025,Q1,Automotive,EMEA,6200,Marketing,Opex,-1.806,SAP-BPC
2025-03,FY2025,Q1,Automotive,EMEA,6300,R&D,Opex,-2.408,SAP-BPC
2025-03,FY2025,Q1,Automotive,EMEA,6400,Travel,Opex,-0.602,SAP-BPC
2025-03,FY2025,Q1,Automotive,EMEA,6500,IT & Infrastructure,Opex,-1.445,SAP-BPC
2025-03,FY2025,Q1,Automotive,EMEA,6600,General & Admin,Opex,-0.963,SAP-BPC
2025-03,FY2025,Q1,Automotive,EMEA,7100,Depreciation,D&A,-3.011,SAP-BPC
2025-03,FY2025,Q1,Automotive,EMEA,8100,Interest Expense,Finance,-1.806,SAP-BPC
2025-03,FY2025,Q1,Automotive,EMEA,9100,Income Tax,Tax,-3.763,SAP-BPC
2025-03,FY2025,Q1,Automotive,Americas,4000,Product Revenue,Revenue,50.577,SAP-BPC
2025-03,FY2025,Q1,Automotive,Americas,4100,Service Revenue,Revenue,21.676,SAP-BPC
2025-03,FY2025,Q1,Automotive,Americas,5000,Cost of Goods Sold,COGS,-39.739,SAP-BPC
2025-03,FY2025,Q1,Automotive,Americas,6100,Salaries & Wages,Opex,-5.78,SAP-BPC
2025-03,FY2025,Q1,Automotive,Americas,6200,Marketing,Opex,-2.168,SAP-BPC
2025-03,FY2025,Q1,Automotive,Americas,6300,R&D,Opex,-2.89,SAP-BPC
2025-03,FY2025,Q1,Automotive,Americas,6400,Travel,Opex,-0.723,SAP-BPC
2025-03,FY2025,Q1,Automotive,Americas,6500,IT & Infrastructure,Opex,-1.734,SAP-BPC
2025-03,FY2025,Q1,Automotive,Americas,6600,General & Admin,Opex,-1.156,SAP-BPC
2025-03,FY2025,Q1,Automotive,Americas,7100,Depreciation,D&A,-3.613,SAP-BPC
2025-03,FY2025,Q1,Automotive,Americas,8100,Interest Expense,Finance,-2.168,SAP-BPC
2025-03,FY2025,Q1,Automotive,Americas,9100,Income Tax,Tax,-4.516,SAP-BPC
2025-03,FY2025,Q1,Healthcare,APAC,4000,Product Revenue,Revenue,18.967,SAP-BPC
2025-03,FY2025,Q1,Healthcare,APAC,4100,Service Revenue,Revenue,8.129,SAP-BPC
2025-03,FY2025,Q1,Healthcare,APAC,5000,Cost of Goods Sold,COGS,-14.902,SAP-BPC
2025-03,FY2025,Q1,Healthcare,APAC,6100,Salaries & Wages,Opex,-2.168,SAP-BPC
2025-03,FY2025,Q1,Healthcare,APAC,6200,Marketing,Opex,-0.813,SAP-BPC
2025-03,FY2025,Q1,Healthcare,APAC,6300,R&D,Opex,-1.084,SAP-BPC
2025-03,FY2025,Q1,Healthcare,APAC,6400,Travel,Opex,-0.271,SAP-BPC
2025-03,FY2025,Q1,Healthcare,APAC,6500,IT & Infrastructure,Opex,-0.65,SAP-BPC
2025-03,FY2025,Q1,Healthcare,APAC,6600,General & Admin,Opex,-0.434,SAP-BPC
2025-03,FY2025,Q1,Healthcare,APAC,7100,Depreciation,D&A,-1.355,SAP-BPC
2025-03,FY2025,Q1,Healthcare,APAC,8100,Interest Expense,Finance,-0.813,SAP-BPC
2025-03,FY2025,Q1,Healthcare,APAC,9100,Income Tax,Tax,-1.693,SAP-BPC
2025-03,FY2025,Q1,Healthcare,EMEA,4000,Product Revenue,Revenue,21.074,SAP-BPC
2025-03,FY2025,Q1,Healthcare,EMEA,4100,Service Revenue,Revenue,9.032,SAP-BPC
2025-03,FY2025,Q1,Healthcare,EMEA,5000,Cost of Goods Sold,COGS,-16.558,SAP-BPC
2025-03,FY2025,Q1,Healthcare,EMEA,6100,Salaries & Wages,Opex,-2.408,SAP-BPC
2025-03,FY2025,Q1,Healthcare,EMEA,6200,Marketing,Opex,-0.903,SAP-BPC
2025-03,FY2025,Q1,Healthcare,EMEA,6300,R&D,Opex,-1.204,SAP-BPC
2025-03,FY2025,Q1,Healthcare,EMEA,6400,Travel,Opex,-0.301,SAP-BPC
2025-03,FY2025,Q1,Healthcare,EMEA,6500,IT & Infrastructure,Opex,-0.723,SAP-BPC
2025-03,FY2025,Q1,Healthcare,EMEA,6600,General & Admin,Opex,-0.482,SAP-BPC
2025-03,FY2025,Q1,Healthcare,EMEA,7100,Depreciation,D&A,-1.505,SAP-BPC
2025-03,FY2025,Q1,Healthcare,EMEA,8100,Interest Expense,Finance,-0.903,SAP-BPC
2025-03,FY2025,Q1,Healthcare,EMEA,9100,Income Tax,Tax,-1.882,SAP-BPC
2025-03,FY2025,Q1,Healthcare,Americas,4000,Product Revenue,Revenue,25.289,SAP-BPC
2025-03,FY2025,Q1,Healthcare,Americas,4100,Service Revenue,Revenue,10.838,SAP-BPC
2025-03,FY2025,Q1,Healthcare,Americas,5000,Cost of Goods Sold,COGS,-19.87,SAP-BPC
2025-03,FY2025,Q1,Healthcare,Americas,6100,Salaries & Wages,Opex,-2.89,SAP-BPC
2025-03,FY2025,Q1,Healthcare,Americas,6200,Marketing,Opex,-1.084,SAP-BPC
2025-03,FY2025,Q1,Healthcare,Americas,6300,R&D,Opex,-1.445,SAP-BPC
2025-03,FY2025,Q1,Healthcare,Americas,6400,Travel,Opex,-0.361,SAP-BPC
2025-03,FY2025,Q1,Healthcare,Americas,6500,IT & Infrastructure,Opex,-0.867,SAP-BPC
2025-03,FY2025,Q1,Healthcare,Americas,6600,General & Admin,Opex,-0.578,SAP-BPC
2025-03,FY2025,Q1,Healthcare,Americas,7100,Depreciation,D&A,-1.806,SAP-BPC
2025-03,FY2025,Q1,Healthcare,Americas,8100,Interest Expense,Finance,-1.084,SAP-BPC
2025-03,FY2025,Q1,Healthcare,Americas,9100,Income Tax,Tax,-2.258,SAP-BPC
2025-04,FY2025,Q2,Electronics,APAC,4000,Product Revenue,Revenue,27.471,SAP-BPC
2025-04,FY2025,Q2,Electronics,APAC,4100,Service Revenue,Revenue,11.773,SAP-BPC
2025-04,FY2025,Q2,Electronics,APAC,5000,Cost of Goods Sold,COGS,-21.585,SAP-BPC
2025-04,FY2025,Q2,Electronics,APAC,6100,Salaries & Wages,Opex,-3.14,SAP-BPC
2025-04,FY2025,Q2,Electronics,APAC,6200,Marketing,Opex,-1.177,SAP-BPC
2025-04,FY2025,Q2,Electronics,APAC,6300,R&D,Opex,-1.57,SAP-BPC
2025-04,FY2025,Q2,Electronics,APAC,6400,Travel,Opex,-0.392,SAP-BPC
2025-04,FY2025,Q2,Electronics,APAC,6500,IT & Infrastructure,Opex,-0.942,SAP-BPC
2025-04,FY2025,Q2,Electronics,APAC,6600,General & Admin,Opex,-0.628,SAP-BPC
2025-04,FY2025,Q2,Electronics,APAC,7100,Depreciation,D&A,-1.962,SAP-BPC
2025-04,FY2025,Q2,Electronics,APAC,8100,Interest Expense,Finance,-1.177,SAP-BPC
2025-04,FY2025,Q2,Electronics,APAC,9100,Income Tax,Tax,-2.453,SAP-BPC
2025-04,FY2025,Q2,Electronics,EMEA,4000,Product Revenue,Revenue,30.524,SAP-BPC
2025-04,FY2025,Q2,Electronics,EMEA,4100,Service Revenue,Revenue,13.082,SAP-BPC
2025-04,FY2025,Q2,Electronics,EMEA,5000,Cost of Goods Sold,COGS,-23.983,SAP-BPC
2025-04,FY2025,Q2,Electronics,EMEA,6100,Salaries & Wages,Opex,-3.488,SAP-BPC
2025-04,FY2025,Q2,Electronics,EMEA,6200,Marketing,Opex,-1.308,SAP-BPC
2025-04,FY2025,Q2,Electronics,EMEA,6300,R&D,Opex,-1.744,SAP-BPC
2025-04,FY2025,Q2,Electronics,EMEA,6400,Travel,Opex,-0.436,SAP-BPC
2025-04,FY2025,Q2,Electronics,EMEA,6500,IT & Infrastructure,Opex,-1.047,SAP-BPC
2025-04,FY2025,Q2,Electronics,EMEA,6600,General & Admin,Opex,-0.698,SAP-BPC
2025-04,FY2025,Q2,Electronics,EMEA,7100,Depreciation,D&A,-2.18,SAP-BPC
2025-04,FY2025,Q2,Electronics,EMEA,8100,Interest Expense,Finance,-1.308,SAP-BPC
2025-04,FY2025,Q2,Electronics,EMEA,9100,Income Tax,Tax,-2.725,SAP-BPC
2025-04,FY2025,Q2,Electronics,Americas,4000,Product Revenue,Revenue,36.628,SAP-BPC
2025-04,FY2025,Q2,Electronics,Americas,4100,Service Revenue,Revenue,15.698,SAP-BPC
2025-04,FY2025,Q2,Electronics,Americas,5000,Cost of Goods Sold,COGS,-28.78,SAP-BPC
2025-04,FY2025,Q2,Electronics,Americas,6100,Salaries & Wages,Opex,-4.186,SAP-BPC
2025-04,FY2025,Q2,Electronics,Americas,6200,Marketing,Opex,-1.57,SAP-BPC
2025-04,FY2025,Q2,Electronics,Americas,6300,R&D,Opex,-2.093,SAP-BPC
2025-04,FY2025,Q2,Electronics,Americas,6400,Travel,Opex,-0.523,SAP-BPC
2025-04,FY2025,Q2,Electronics,Americas,6500,IT & Infrastructure,Opex,-1.256,SAP-BPC
2025-04,FY2025,Q2,Electronics,Americas,6600,General & Admin,Opex,-0.837,SAP-BPC
2025-04,FY2025,Q2,Electronics,Americas,7100,Depreciation,D&A,-2.616,SAP-BPC
2025-04,FY2025,Q2,Electronics,Americas,8100,Interest Expense,Finance,-1.57,SAP-BPC
2025-04,FY2025,Q2,Electronics,Americas,9100,Income Tax,Tax,-3.27,SAP-BPC
2025-04,FY2025,Q2,Automotive,APAC,4000,Product Revenue,Revenue,38.46,SAP-BPC
2025-04,FY2025,Q2,Automotive,APAC,4100,Service Revenue,Revenue,16.483,SAP-BPC
2025-04,FY2025,Q2,Automotive,APAC,5000,Cost of Goods Sold,COGS,-30.218,SAP-BPC
2025-04,FY2025,Q2,Automotive,APAC,6100,Salaries & Wages,Opex,-4.395,SAP-BPC
2025-04,FY2025,Q2,Automotive,APAC,6200,Marketing,Opex,-1.648,SAP-BPC
2025-04,FY2025,Q2,Automotive,APAC,6300,R&D,Opex,-2.198,SAP-BPC
2025-04,FY2025,Q2,Automotive,APAC,6400,Travel,Opex,-0.549,SAP-BPC
2025-04,FY2025,Q2,Automotive,APAC,6500,IT & Infrastructure,Opex,-1.319,SAP-BPC
2025-04,FY2025,Q2,Automotive,APAC,6600,General & Admin,Opex,-0.879,SAP-BPC
2025-04,FY2025,Q2,Automotive,APAC,7100,Depreciation,D&A,-2.747,SAP-BPC
2025-04,FY2025,Q2,Automotive,APAC,8100,Interest Expense,Finance,-1.648,SAP-BPC
2025-04,FY2025,Q2,Automotive,APAC,9100,Income Tax,Tax,-3.434,SAP-BPC
2025-04,FY2025,Q2,Automotive,EMEA,4000,Product Revenue,Revenue,42.733,SAP-BPC
2025-04,FY2025,Q2,Automotive,EMEA,4100,Service Revenue,Revenue,18.314,SAP-BPC
2025-04,FY2025,Q2,Automotive,EMEA,5000,Cost of Goods Sold,COGS,-33.576,SAP-BPC
2025-04,FY2025,Q2,Automotive,EMEA,6100,Salaries & Wages,Opex,-4.884,SAP-BPC
2025-04,FY2025,Q2,Automotive,EMEA,6200,Marketing,Opex,-1.831,SAP-BPC
2025-04,FY2025,Q2,Automotive,EMEA,6300,R&D,Opex,-2.442,SAP-BPC
2025-04,FY2025,Q2,Automotive,EMEA,6400,Travel,Opex,-0.61,SAP-BPC
2025-04,FY2025,Q2,Automotive,EMEA,6500,IT & Infrastructure,Opex,-1.465,SAP-BPC
2025-04,FY2025,Q2,Automotive,EMEA,6600,General & Admin,Opex,-0.977,SAP-BPC
2025-04,FY2025,Q2,Automotive,EMEA,7100,Depreciation,D&A,-3.052,SAP-BPC
2025-04,FY2025,Q2,Automotive,EMEA,8100,Interest Expense,Finance,-1.831,SAP-BPC
2025-04,FY2025,Q2,Automotive,EMEA,9100,Income Tax,Tax,-3.815,SAP-BPC
2025-04,FY2025,Q2,Automotive,Americas,4000,Product Revenue,Revenue,51.28,SAP-BPC
2025-04,FY2025,Q2,Automotive,Americas,4100,Service Revenue,Revenue,21.977,SAP-BPC
2025-04,FY2025,Q2,Automotive,Americas,5000,Cost of Goods Sold,COGS,-40.291,SAP-BPC
2025-04,FY2025,Q2,Automotive,Americas,6100,Salaries & Wages,Opex,-5.861,SAP-BPC
2025-04,FY2025,Q2,Automotive,Americas,6200,Marketing,Opex,-2.198,SAP-BPC
2025-04,FY2025,Q2,Automotive,Americas,6300,R&D,Opex,-2.93,SAP-BPC
2025-04,FY2025,Q2,Automotive,Americas,6400,Travel,Opex,-0.733,SAP-BPC
2025-04,FY2025,Q2,Automotive,Americas,6500,IT & Infrastructure,Opex,-1.758,SAP-BPC
2025-04,FY2025,Q2,Automotive,Americas,6600,General & Admin,Opex,-1.172,SAP-BPC
2025-04,FY2025,Q2,Automotive,Americas,7100,Depreciation,D&A,-3.663,SAP-BPC
2025-04,FY2025,Q2,Automotive,Americas,8100,Interest Expense,Finance,-2.198,SAP-BPC
2025-04,FY2025,Q2,Automotive,Americas,9100,Income Tax,Tax,-4.579,SAP-BPC
2025-04,FY2025,Q2,Healthcare,APAC,4000,Product Revenue,Revenue,19.23,SAP-BPC
2025-04,FY2025,Q2,Healthcare,APAC,4100,Service Revenue,Revenue,8.241,SAP-BPC
2025-04,FY2025,Q2,Healthcare,APAC,5000,Cost of Goods Sold,COGS,-15.109,SAP-BPC
2025-04,FY2025,Q2,Healthcare,APAC,6100,Salaries & Wages,Opex,-2.198,SAP-BPC
2025-04,FY2025,Q2,Healthcare,APAC,6200,Marketing,Opex,-0.824,SAP-BPC
2025-04,FY2025,Q2,Healthcare,APAC,6300,R&D,Opex,-1.099,SAP-BPC
2025-04,FY2025,Q2,Healthcare,APAC,6400,Travel,Opex,-0.275,SAP-BPC
2025-04,FY2025,Q2,Healthcare,APAC,6500,IT & Infrastructure,Opex,-0.659,SAP-BPC
2025-04,FY2025,Q2,Healthcare,APAC,6600,General & Admin,Opex,-0.44,SAP-BPC
2025-04,FY2025,Q2,Healthcare,APAC,7100,Depreciation,D&A,-1.374,SAP-BPC
2025-04,FY2025,Q2,Healthcare,APAC,8100,Interest Expense,Finance,-0.824,SAP-BPC
2025-04,FY2025,Q2,Healthcare,APAC,9100,Income Tax,Tax,-1.717,SAP-BPC
2025-04,FY2025,Q2,Healthcare,EMEA,4000,Product Revenue,Revenue,21.367,SAP-BPC
2025-04,FY2025,Q2,Healthcare,EMEA,4100,Service Revenue,Revenue,9.157,SAP-BPC
2025-04,FY2025,Q2,Healthcare,EMEA,5000,Cost of Goods Sold,COGS,-16.788,SAP-BPC
2025-04,FY2025,Q2,Healthcare,EMEA,6100,Salaries & Wages,Opex,-2.442,SAP-BPC
2025-04,FY2025,Q2,Healthcare,EMEA,6200,Marketing,Opex,-0.916,SAP-BPC
2025-04,FY2025,Q2,Healthcare,EMEA,6300,R&D,Opex,-1.221,SAP-BPC
2025-04,FY2025,Q2,Healthcare,EMEA,6400,Travel,Opex,-0.305,SAP-BPC
2025-04,FY2025,Q2,Healthcare,EMEA,6500,IT & Infrastructure,Opex,-0.733,SAP-BPC
2025-04,FY2025,Q2,Healthcare,EMEA,6600,General & Admin,Opex,-0.488,SAP-BPC
2025-04,FY2025,Q2,Healthcare,EMEA,7100,Depreciation,D&A,-1.526,SAP-BPC
2025-04,FY2025,Q2,Healthcare,EMEA,8100,Interest Expense,Finance,-0.916,SAP-BPC
2025-04,FY2025,Q2,Healthcare,EMEA,9100,Income Tax,Tax,-1.908,SAP-BPC
2025-04,FY2025,Q2,Healthcare,Americas,4000,Product Revenue,Revenue,25.64,SAP-BPC
2025-04,FY2025,Q2,Healthcare,Americas,4100,Service Revenue,Revenue,10.989,SAP-BPC
2025-04,FY2025,Q2,Healthcare,Americas,5000,Cost of Goods Sold,COGS,-20.146,SAP-BPC
2025-04,FY2025,Q2,Healthcare,Americas,6100,Salaries & Wages,Opex,-2.93,SAP-BPC
2025-04,FY2025,Q2,Healthcare,Americas,6200,Marketing,Opex,-1.099,SAP-BPC
2025-04,FY2025,Q2,Healthcare,Americas,6300,R&D,Opex,-1.465,SAP-BPC
2025-04,FY2025,Q2,Healthcare,Americas,6400,Travel,Opex,-0.366,SAP-BPC
2025-04,FY2025,Q2,Healthcare,Americas,6500,IT & Infrastructure,Opex,-0.879,SAP-BPC
2025-04,FY2025,Q2,Healthcare,Americas,6600,General & Admin,Opex,-0.586,SAP-BPC
2025-04,FY2025,Q2,Healthcare,Americas,7100,Depreciation,D&A,-1.831,SAP-BPC
2025-04,FY2025,Q2,Healthcare,Americas,8100,Interest Expense,Finance,-1.099,SAP-BPC
2025-04,FY2025,Q2,Healthcare,Americas,9100,Income Tax,Tax,-2.289,SAP-BPC
2025-05,FY2025,Q2,Electronics,APAC,4000,Product Revenue,Revenue,27.848,SAP-BPC
2025-05,FY2025,Q2,Electronics,APAC,4100,Service Revenue,Revenue,11.935,SAP-BPC
2025-05,FY2025,Q2,Electronics,APAC,5000,Cost of Goods Sold,COGS,-21.88,SAP-BPC
2025-05,FY2025,Q2,Electronics,APAC,6100,Salaries & Wages,Opex,-3.183,SAP-BPC
2025-05,FY2025,Q2,Electronics,APAC,6200,Marketing,Opex,-1.193,SAP-BPC
2025-05,FY2025,Q2,Electronics,APAC,6300,R&D,Opex,-1.591,SAP-BPC
2025-05,FY2025,Q2,Electronics,APAC,6400,Travel,Opex,-0.398,SAP-BPC
2025-05,FY2025,Q2,Electronics,APAC,6500,IT & Infrastructure,Opex,-0.955,SAP-BPC
2025-05,FY2025,Q2,Electronics,APAC,6600,General & Admin,Opex,-0.637,SAP-BPC
2025-05,FY2025,Q2,Electronics,APAC,7100,Depreciation,D&A,-1.989,SAP-BPC
2025-05,FY2025,Q2,Electronics,APAC,8100,Interest Expense,Finance,-1.193,SAP-BPC
2025-05,FY2025,Q2,Electronics,APAC,9100,Income Tax,Tax,-2.486,SAP-BPC
2025-05,FY2025,Q2,Electronics,EMEA,4000,Product Revenue,Revenue,30.942,SAP-BPC
2025-05,FY2025,Q2,Electronics,EMEA,4100,Service Revenue,Revenue,13.261,SAP-BPC
2025-05,FY2025,Q2,Electronics,EMEA,5000,Cost of Goods Sold,COGS,-24.311,SAP-BPC
2025-05,FY2025,Q2,Electronics,EMEA,6100,Salaries & Wages,Opex,-3.536,SAP-BPC
2025-05,FY2025,Q2,Electronics,EMEA,6200,Marketing,Opex,-1.326,SAP-BPC
2025-05,FY2025,Q2,Electronics,EMEA,6300,R&D,Opex,-1.768,SAP-BPC
2025-05,FY2025,Q2,Electronics,EMEA,6400,Travel,Opex,-0.442,SAP-BPC
2025-05,FY2025,Q2,Electronics,EMEA,6500,IT & Infrastructure,Opex,-1.061,SAP-BPC
2025-05,FY2025,Q2,Electronics,EMEA,6600,General & Admin,Opex,-0.707,SAP-BPC
2025-05,FY2025,Q2,Electronics,EMEA,7100,Depreciation,D&A,-2.21,SAP-BPC
2025-05,FY2025,Q2,Electronics,EMEA,8100,Interest Expense,Finance,-1.326,SAP-BPC
2025-05,FY2025,Q2,Electronics,EMEA,9100,Income Tax,Tax,-2.763,SAP-BPC
2025-05,FY2025,Q2,Electronics,Americas,4000,Product Revenue,Revenue,37.13,SAP-BPC
2025-05,FY2025,Q2,Electronics,Americas,4100,Service Revenue,Revenue,15.913,SAP-BPC
2025-05,FY2025,Q2,Electronics,Americas,5000,Cost of Goods Sold,COGS,-29.174,SAP-BPC
2025-05,FY2025,Q2,Electronics,Americas,6100,Salaries & Wages,Opex,-4.243,SAP-BPC
2025-05,FY2025,Q2,Electronics,Americas,6200,Marketing,Opex,-1.591,SAP-BPC
2025-05,FY2025,Q2,Electronics,Americas,6300,R&D,Opex,-2.122,SAP-BPC
2025-05,FY2025,Q2,Electronics,Americas,6400,Travel,Opex,-0.53,SAP-BPC
2025-05,FY2025,Q2,Electronics,Americas,6500,IT & Infrastructure,Opex,-1.273,SAP-BPC
2025-05,FY2025,Q2,Electronics,Americas,6600,General & Admin,Opex,-0.849,SAP-BPC
2025-05,FY2025,Q2,Electronics,Americas,7100,Depreciation,D&A,-2.652,SAP-BPC
2025-05,FY2025,Q2,Electronics,Americas,8100,Interest Expense,Finance,-1.591,SAP-BPC
2025-05,FY2025,Q2,Electronics,Americas,9100,Income Tax,Tax,-3.315,SAP-BPC
2025-05,FY2025,Q2,Automotive,APAC,4000,Product Revenue,Revenue,38.987,SAP-BPC
2025-05,FY2025,Q2,Automotive,APAC,4100,Service Revenue,Revenue,16.709,SAP-BPC
2025-05,FY2025,Q2,Automotive,APAC,5000,Cost of Goods Sold,COGS,-30.632,SAP-BPC
2025-05,FY2025,Q2,Automotive,APAC,6100,Salaries & Wages,Opex,-4.456,SAP-BPC
2025-05,FY2025,Q2,Automotive,APAC,6200,Marketing,Opex,-1.671,SAP-BPC
2025-05,FY2025,Q2,Automotive,APAC,6300,R&D,Opex,-2.228,SAP-BPC
2025-05,FY2025,Q2,Automotive,APAC,6400,Travel,Opex,-0.557,SAP-BPC
2025-05,FY2025,Q2,Automotive,APAC,6500,IT & Infrastructure,Opex,-1.337,SAP-BPC
2025-05,FY2025,Q2,Automotive,APAC,6600,General & Admin,Opex,-0.891,SAP-BPC
2025-05,FY2025,Q2,Automotive,APAC,7100,Depreciation,D&A,-2.785,SAP-BPC
2025-05,FY2025,Q2,Automotive,APAC,8100,Interest Expense,Finance,-1.671,SAP-BPC
2025-05,FY2025,Q2,Automotive,APAC,9100,Income Tax,Tax,-3.481,SAP-BPC
2025-05,FY2025,Q2,Automotive,EMEA,4000,Product Revenue,Revenue,43.319,SAP-BPC
2025-05,FY2025,Q2,Automotive,EMEA,4100,Service Revenue,Revenue,18.565,SAP-BPC
2025-05,FY2025,Q2,Automotive,EMEA,5000,Cost of Goods Sold,COGS,-34.036,SAP-BPC
2025-05,FY2025,Q2,Automotive,EMEA,6100,Salaries & Wages,Opex,-4.951,SAP-BPC
2025-05,FY2025,Q2,Automotive,EMEA,6200,Marketing,Opex,-1.857,SAP-BPC
2025-05,FY2025,Q2,Automotive,EMEA,6300,R&D,Opex,-2.475,SAP-BPC
2025-05,FY2025,Q2,Automotive,EMEA,6400,Travel,Opex,-0.619,SAP-BPC
2025-05,FY2025,Q2,Automotive,EMEA,6500,IT & Infrastructure,Opex,-1.485,SAP-BPC
2025-05,FY2025,Q2,Automotive,EMEA,6600,General & Admin,Opex,-0.99,SAP-BPC
2025-05,FY2025,Q2,Automotive,EMEA,7100,Depreciation,D&A,-3.094,SAP-BPC
2025-05,FY2025,Q2,Automotive,EMEA,8100,Interest Expense,Finance,-1.857,SAP-BPC
2025-05,FY2025,Q2,Automotive,EMEA,9100,Income Tax,Tax,-3.868,SAP-BPC
2025-05,FY2025,Q2,Automotive,Americas,4000,Product Revenue,Revenue,51.982,SAP-BPC
2025-05,FY2025,Q2,Automotive,Americas,4100,Service Revenue,Revenue,22.278,SAP-BPC
2025-05,FY2025,Q2,Automotive,Americas,5000,Cost of Goods Sold,COGS,-40.843,SAP-BPC
2025-05,FY2025,Q2,Automotive,Americas,6100,Salaries & Wages,Opex,-5.941,SAP-BPC
2025-05,FY2025,Q2,Automotive,Americas,6200,Marketing,Opex,-2.228,SAP-BPC
2025-05,FY2025,Q2,Automotive,Americas,6300,R&D,Opex,-2.97,SAP-BPC
2025-05,FY2025,Q2,Automotive,Americas,6400,Travel,Opex,-0.743,SAP-BPC
2025-05,FY2025,Q2,Automotive,Americas,6500,IT & Infrastructure,Opex,-1.782,SAP-BPC
2025-05,FY2025,Q2,Automotive,Americas,6600,General & Admin,Opex,-1.188,SAP-BPC
2025-05,FY2025,Q2,Automotive,Americas,7100,Depreciation,D&A,-3.713,SAP-BPC
2025-05,FY2025,Q2,Automotive,Americas,8100,Interest Expense,Finance,-2.228,SAP-BPC
2025-05,FY2025,Q2,Automotive,Americas,9100,Income Tax,Tax,-4.641,SAP-BPC
2025-05,FY2025,Q2,Healthcare,APAC,4000,Product Revenue,Revenue,19.493,SAP-BPC
2025-05,FY2025,Q2,Healthcare,APAC,4100,Service Revenue,Revenue,8.354,SAP-BPC
2025-05,FY2025,Q2,Healthcare,APAC,5000,Cost of Goods Sold,COGS,-15.316,SAP-BPC
2025-05,FY2025,Q2,Healthcare,APAC,6100,Salaries & Wages,Opex,-2.228,SAP-BPC
2025-05,FY2025,Q2,Healthcare,APAC,6200,Marketing,Opex,-0.835,SAP-BPC
2025-05,FY2025,Q2,Healthcare,APAC,6300,R&D,Opex,-1.114,SAP-BPC
2025-05,FY2025,Q2,Healthcare,APAC,6400,Travel,Opex,-0.278,SAP-BPC
2025-05,FY2025,Q2,Healthcare,APAC,6500,IT & Infrastructure,Opex,-0.668,SAP-BPC
2025-05,FY2025,Q2,Healthcare,APAC,6600,General & Admin,Opex,-0.446,SAP-BPC
2025-05,FY2025,Q2,Healthcare,APAC,7100,Depreciation,D&A,-1.392,SAP-BPC
2025-05,FY2025,Q2,Healthcare,APAC,8100,Interest Expense,Finance,-0.835,SAP-BPC
2025-05,FY2025,Q2,Healthcare,APAC,9100,Income Tax,Tax,-1.74,SAP-BPC
2025-05,FY2025,Q2,Healthcare,EMEA,4000,Product Revenue,Revenue,21.659,SAP-BPC
2025-05,FY2025,Q2,Healthcare,EMEA,4100,Service Revenue,Revenue,9.283,SAP-BPC
2025-05,FY2025,Q2,Healthcare,EMEA,5000,Cost of Goods Sold,COGS,-17.018,SAP-BPC
2025-05,FY2025,Q2,Healthcare,EMEA,6100,Salaries & Wages,Opex,-2.475,SAP-BPC
2025-05,FY2025,Q2,Healthcare,EMEA,6200,Marketing,Opex,-0.928,SAP-BPC
2025-05,FY2025,Q2,Healthcare,EMEA,6300,R&D,Opex,-1.238,SAP-BPC
2025-05,FY2025,Q2,Healthcare,EMEA,6400,Travel,Opex,-0.309,SAP-BPC
2025-05,FY2025,Q2,Healthcare,EMEA,6500,IT & Infrastructure,Opex,-0.743,SAP-BPC
2025-05,FY2025,Q2,Healthcare,EMEA,6600,General & Admin,Opex,-0.495,SAP-BPC
2025-05,FY2025,Q2,Healthcare,EMEA,7100,Depreciation,D&A,-1.547,SAP-BPC
2025-05,FY2025,Q2,Healthcare,EMEA,8100,Interest Expense,Finance,-0.928,SAP-BPC
2025-05,FY2025,Q2,Healthcare,EMEA,9100,Income Tax,Tax,-1.934,SAP-BPC
2025-05,FY2025,Q2,Healthcare,Americas,4000,Product Revenue,Revenue,25.991,SAP-BPC
2025-05,FY2025,Q2,Healthcare,Americas,4100,Service Revenue,Revenue,11.139,SAP-BPC
2025-05,FY2025,Q2,Healthcare,Americas,5000,Cost of Goods Sold,COGS,-20.422,SAP-BPC
2025-05,FY2025,Q2,Healthcare,Americas,6100,Salaries & Wages,Opex,-2.97,SAP-BPC
2025-05,FY2025,Q2,Healthcare,Americas,6200,Marketing,Opex,-1.114,SAP-BPC
2025-05,FY2025,Q2,Healthcare,Americas,6300,R&D,Opex,-1.485,SAP-BPC
2025-05,FY2025,Q2,Healthcare,Americas,6400,Travel,Opex,-0.371,SAP-BPC
2025-05,FY2025,Q2,Healthcare,Americas,6500,IT & Infrastructure,Opex,-0.891,SAP-BPC
2025-05,FY2025,Q2,Healthcare,Americas,6600,General & Admin,Opex,-0.594,SAP-BPC
2025-05,FY2025,Q2,Healthcare,Americas,7100,Depreciation,D&A,-1.857,SAP-BPC
2025-05,FY2025,Q2,Healthcare,Americas,8100,Interest Expense,Finance,-1.114,SAP-BPC
2025-05,FY2025,Q2,Healthcare,Americas,9100,Income Tax,Tax,-2.321,SAP-BPC
2025-06,FY2025,Q2,Electronics,APAC,4000,Product Revenue,Revenue,28.224,SAP-BPC
2025-06,FY2025,Q2,Electronics,APAC,4100,Service Revenue,Revenue,12.096,SAP-BPC
2025-06,FY2025,Q2,Electronics,APAC,5000,Cost of Goods Sold,COGS,-22.176,SAP-BPC
2025-06,FY2025,Q2,Electronics,APAC,6100,Salaries & Wages,Opex,-3.226,SAP-BPC
2025-06,FY2025,Q2,Electronics,APAC,6200,Marketing,Opex,-1.21,SAP-BPC
2025-06,FY2025,Q2,Electronics,APAC,6300,R&D,Opex,-1.613,SAP-BPC
2025-06,FY2025,Q2,Electronics,APAC,6400,Travel,Opex,-0.403,SAP-BPC
2025-06,FY2025,Q2,Electronics,APAC,6500,IT & Infrastructure,Opex,-0.968,SAP-BPC
2025-06,FY2025,Q2,Electronics,APAC,6600,General & Admin,Opex,-0.645,SAP-BPC
2025-06,FY2025,Q2,Electronics,APAC,7100,Depreciation,D&A,-2.016,SAP-BPC
2025-06,FY2025,Q2,Electronics,APAC,8100,Interest Expense,Finance,-1.21,SAP-BPC
2025-06,FY2025,Q2,Electronics,APAC,9100,Income Tax,Tax,-2.52,SAP-BPC
2025-06,FY2025,Q2,Electronics,EMEA,4000,Product Revenue,Revenue,31.36,SAP-BPC
2025-06,FY2025,Q2,Electronics,EMEA,4100,Service Revenue,Revenue,13.44,SAP-BPC
2025-06,FY2025,Q2,Electronics,EMEA,5000,Cost of Goods Sold,COGS,-24.64,SAP-BPC
2025-06,FY2025,Q2,Electronics,EMEA,6100,Salaries & Wages,Opex,-3.584,SAP-BPC
2025-06,FY2025,Q2,Electronics,EMEA,6200,Marketing,Opex,-1.344,SAP-BPC
2025-06,FY2025,Q2,Electronics,EMEA,6300,R&D,Opex,-1.792,SAP-BPC
2025-06,FY2025,Q2,Electronics,EMEA,6400,Travel,Opex,-0.448,SAP-BPC
2025-06,FY2025,Q2,Electronics,EMEA,6500,IT & Infrastructure,Opex,-1.075,SAP-BPC
2025-06,FY2025,Q2,Electronics,EMEA,6600,General & Admin,Opex,-0.717,SAP-BPC
2025-06,FY2025,Q2,Electronics,EMEA,7100,Depreciation,D&A,-2.24,SAP-BPC
2025-06,FY2025,Q2,Electronics,EMEA,8100,Interest Expense,Finance,-1.344,SAP-BPC
2025-06,FY2025,Q2,Electronics,EMEA,9100,Income Tax,Tax,-2.8,SAP-BPC
2025-06,FY2025,Q2,Electronics,Americas,4000,Product Revenue,Revenue,37.632,SAP-BPC
2025-06,FY2025,Q2,Electronics,Americas,4100,Service Revenue,Revenue,16.128,SAP-BPC
2025-06,FY2025,Q2,Electronics,Americas,5000,Cost of Goods Sold,COGS,-29.568,SAP-BPC
2025-06,FY2025,Q2,Electronics,Americas,6100,Salaries & Wages,Opex,-4.301,SAP-BPC
2025-06,FY2025,Q2,Electronics,Americas,6200,Marketing,Opex,-1.613,SAP-BPC
2025-06,FY2025,Q2,Electronics,Americas,6300,R&D,Opex,-2.15,SAP-BPC
2025-06,FY2025,Q2,Electronics,Americas,6400,Travel,Opex,-0.538,SAP-BPC
2025-06,FY2025,Q2,Electronics,Americas,6500,IT & Infrastructure,Opex,-1.29,SAP-BPC
2025-06,FY2025,Q2,Electronics,Americas,6600,General & Admin,Opex,-0.86,SAP-BPC
2025-06,FY2025,Q2,Electronics,Americas,7100,Depreciation,D&A,-2.688,SAP-BPC
2025-06,FY2025,Q2,Electronics,Americas,8100,Interest Expense,Finance,-1.613,SAP-BPC
2025-06,FY2025,Q2,Electronics,Americas,9100,Income Tax,Tax,-3.36,SAP-BPC
2025-06,FY2025,Q2,Automotive,APAC,4000,Product Revenue,Revenue,39.514,SAP-BPC
2025-06,FY2025,Q2,Automotive,APAC,4100,Service Revenue,Revenue,16.934,SAP-BPC
2025-06,FY2025,Q2,Automotive,APAC,5000,Cost of Goods Sold,COGS,-31.046,SAP-BPC
2025-06,FY2025,Q2,Automotive,APAC,6100,Salaries & Wages,Opex,-4.516,SAP-BPC
2025-06,FY2025,Q2,Automotive,APAC,6200,Marketing,Opex,-1.693,SAP-BPC
2025-06,FY2025,Q2,Automotive,APAC,6300,R&D,Opex,-2.258,SAP-BPC
2025-06,FY2025,Q2,Automotive,APAC,6400,Travel,Opex,-0.564,SAP-BPC
2025-06,FY2025,Q2,Automotive,APAC,6500,IT & Infrastructure,Opex,-1.355,SAP-BPC
2025-06,FY2025,Q2,Automotive,APAC,6600,General & Admin,Opex,-0.903,SAP-BPC
2025-06,FY2025,Q2,Automotive,APAC,7100,Depreciation,D&A,-2.822,SAP-BPC
2025-06,FY2025,Q2,Automotive,APAC,8100,Interest Expense,Finance,-1.693,SAP-BPC
2025-06,FY2025,Q2,Automotive,APAC,9100,Income Tax,Tax,-3.528,SAP-BPC
2025-06,FY2025,Q2,Automotive,EMEA,4000,Product Revenue,Revenue,43.904,SAP-BPC
2025-06,FY2025,Q2,Automotive,EMEA,4100,Service Revenue,Revenue,18.816,SAP-BPC
2025-06,FY2025,Q2,Automotive,EMEA,5000,Cost of Goods Sold,COGS,-34.496,SAP-BPC
2025-06,FY2025,Q2,Automotive,EMEA,6100,Salaries & Wages,Opex,-5.018,SAP-BPC
2025-06,FY2025,Q2,Automotive,EMEA,6200,Marketing,Opex,-1.882,SAP-BPC
2025-06,FY2025,Q2,Automotive,EMEA,6300,R&D,Opex,-2.509,SAP-BPC
2025-06,FY2025,Q2,Automotive,EMEA,6400,Travel,Opex,-0.627,SAP-BPC
2025-06,FY2025,Q2,Automotive,EMEA,6500,IT & Infrastructure,Opex,-1.505,SAP-BPC
2025-06,FY2025,Q2,Automotive,EMEA,6600,General & Admin,Opex,-1.004,SAP-BPC
2025-06,FY2025,Q2,Automotive,EMEA,7100,Depreciation,D&A,-3.136,SAP-BPC
2025-06,FY2025,Q2,Automotive,EMEA,8100,Interest Expense,Finance,-1.882,SAP-BPC
2025-06,FY2025,Q2,Automotive,EMEA,9100,Income Tax,Tax,-3.92,SAP-BPC
2025-06,FY2025,Q2,Automotive,Americas,4000,Product Revenue,Revenue,52.685,SAP-BPC
2025-06,FY2025,Q2,Automotive,Americas,4100,Service Revenue,Revenue,22.579,SAP-BPC
2025-06,FY2025,Q2,Automotive,Americas,5000,Cost of Goods Sold,COGS,-41.395,SAP-BPC
2025-06,FY2025,Q2,Automotive,Americas,6100,Salaries & Wages,Opex,-6.021,SAP-BPC
2025-06,FY2025,Q2,Automotive,Americas,6200,Marketing,Opex,-2.258,SAP-BPC
2025-06,FY2025,Q2,Automotive,Americas,6300,R&D,Opex,-3.011,SAP-BPC
2025-06,FY2025,Q2,Automotive,Americas,6400,Travel,Opex,-0.753,SAP-BPC
2025-06,FY2025,Q2,Automotive,Americas,6500,IT & Infrastructure,Opex,-1.806,SAP-BPC
2025-06,FY2025,Q2,Automotive,Americas,6600,General & Admin,Opex,-1.204,SAP-BPC
2025-06,FY2025,Q2,Automotive,Americas,7100,Depreciation,D&A,-3.763,SAP-BPC
2025-06,FY2025,Q2,Automotive,Americas,8100,Interest Expense,Finance,-2.258,SAP-BPC
2025-06,FY2025,Q2,Automotive,Americas,9100,Income Tax,Tax,-4.704,SAP-BPC
2025-06,FY2025,Q2,Healthcare,APAC,4000,Product Revenue,Revenue,19.757,SAP-BPC
2025-06,FY2025,Q2,Healthcare,APAC,4100,Service Revenue,Revenue,8.467,SAP-BPC
2025-06,FY2025,Q2,Healthcare,APAC,5000,Cost of Goods Sold,COGS,-15.523,SAP-BPC
2025-06,FY2025,Q2,Healthcare,APAC,6100,Salaries & Wages,Opex,-2.258,SAP-BPC
2025-06,FY2025,Q2,Healthcare,APAC,6200,Marketing,Opex,-0.847,SAP-BPC
2025-06,FY2025,Q2,Healthcare,APAC,6300,R&D,Opex,-1.129,SAP-BPC
2025-06,FY2025,Q2,Healthcare,APAC,6400,Travel,Opex,-0.282,SAP-BPC
2025-06,FY2025,Q2,Healthcare,APAC,6500,IT & Infrastructure,Opex,-0.677,SAP-BPC
2025-06,FY2025,Q2,Healthcare,APAC,6600,General & Admin,Opex,-0.452,SAP-BPC
2025-06,FY2025,Q2,Healthcare,APAC,7100,Depreciation,D&A,-1.411,SAP-BPC
2025-06,FY2025,Q2,Healthcare,APAC,8100,Interest Expense,Finance,-0.847,SAP-BPC
2025-06,FY2025,Q2,Healthcare,APAC,9100,Income Tax,Tax,-1.764,SAP-BPC
2025-06,FY2025,Q2,Healthcare,EMEA,4000,Product Revenue,Revenue,21.952,SAP-BPC
2025-06,FY2025,Q2,Healthcare,EMEA,4100,Service Revenue,Revenue,9.408,SAP-BPC
2025-06,FY2025,Q2,Healthcare,EMEA,5000,Cost of Goods Sold,COGS,-17.248,SAP-BPC
2025-06,FY2025,Q2,Healthcare,EMEA,6100,Salaries & Wages,Opex,-2.509,SAP-BPC
2025-06,FY2025,Q2,Healthcare,EMEA,6200,Marketing,Opex,-0.941,SAP-BPC
2025-06,FY2025,Q2,Healthcare,EMEA,6300,R&D,Opex,-1.254,SAP-BPC
2025-06,FY2025,Q2,Healthcare,EMEA,6400,Travel,Opex,-0.314,SAP-BPC
2025-06,FY2025,Q2,Healthcare,EMEA,6500,IT & Infrastructure,Opex,-0.753,SAP-BPC
2025-06,FY2025,Q2,Healthcare,EMEA,6600,General & Admin,Opex,-0.502,SAP-BPC
2025-06,FY2025,Q2,Healthcare,EMEA,7100,Depreciation,D&A,-1.568,SAP-BPC
2025-06,FY2025,Q2,Healthcare,EMEA,8100,Interest Expense,Finance,-0.941,SAP-BPC
2025-06,FY2025,Q2,Healthcare,EMEA,9100,Income Tax,Tax,-1.96,SAP-BPC
2025-06,FY2025,Q2,Healthcare,Americas,4000,Product Revenue,Revenue,26.342,SAP-BPC
2025-06,FY2025,Q2,Healthcare,Americas,4100,Service Revenue,Revenue,11.29,SAP-BPC
2025-06,FY2025,Q2,Healthcare,Americas,5000,Cost of Goods Sold,COGS,-20.698,SAP-BPC
2025-06,FY2025,Q2,Healthcare,Americas,6100,Salaries & Wages,Opex,-3.011,SAP-BPC
2025-06,FY2025,Q2,Healthcare,Americas,6200,Marketing,Opex,-1.129,SAP-BPC
2025-06,FY2025,Q2,Healthcare,Americas,6300,R&D,Opex,-1.505,SAP-BPC
2025-06,FY2025,Q2,Healthcare,Americas,6400,Travel,Opex,-0.376,SAP-BPC
2025-06,FY2025,Q2,Healthcare,Americas,6500,IT & Infrastructure,Opex,-0.903,SAP-BPC
2025-06,FY2025,Q2,Healthcare,Americas,6600,General & Admin,Opex,-0.602,SAP-BPC
2025-06,FY2025,Q2,Healthcare,Americas,7100,Depreciation,D&A,-1.882,SAP-BPC
2025-06,FY2025,Q2,Healthcare,Americas,8100,Interest Expense,Finance,-1.129,SAP-BPC
2025-06,FY2025,Q2,Healthcare,Americas,9100,Income Tax,Tax,-2.352,SAP-BPC
2025-07,FY2025,Q3,Electronics,APAC,4000,Product Revenue,Revenue,28.6,SAP-BPC
2025-07,FY2025,Q3,Electronics,APAC,4100,Service Revenue,Revenue,12.257,SAP-BPC
2025-07,FY2025,Q3,Electronics,APAC,5000,Cost of Goods Sold,COGS,-22.472,SAP-BPC
2025-07,FY2025,Q3,Electronics,APAC,6100,Salaries & Wages,Opex,-3.269,SAP-BPC
2025-07,FY2025,Q3,Electronics,APAC,6200,Marketing,Opex,-1.226,SAP-BPC
2025-07,FY2025,Q3,Electronics,APAC,6300,R&D,Opex,-1.634,SAP-BPC
2025-07,FY2025,Q3,Electronics,APAC,6400,Travel,Opex,-0.409,SAP-BPC
2025-07,FY2025,Q3,Electronics,APAC,6500,IT & Infrastructure,Opex,-0.981,SAP-BPC
2025-07,FY2025,Q3,Electronics,APAC,6600,General & Admin,Opex,-0.654,SAP-BPC
2025-07,FY2025,Q3,Electronics,APAC,7100,Depreciation,D&A,-2.043,SAP-BPC
2025-07,FY2025,Q3,Electronics,APAC,8100,Interest Expense,Finance,-1.226,SAP-BPC
2025-07,FY2025,Q3,Electronics,APAC,9100,Income Tax,Tax,-2.554,SAP-BPC
2025-07,FY2025,Q3,Electronics,EMEA,4000,Product Revenue,Revenue,31.778,SAP-BPC
2025-07,FY2025,Q3,Electronics,EMEA,4100,Service Revenue,Revenue,13.619,SAP-BPC
2025-07,FY2025,Q3,Electronics,EMEA,5000,Cost of Goods Sold,COGS,-24.969,SAP-BPC
2025-07,FY2025,Q3,Electronics,EMEA,6100,Salaries & Wages,Opex,-3.632,SAP-BPC
2025-07,FY2025,Q3,Electronics,EMEA,6200,Marketing,Opex,-1.362,SAP-BPC
2025-07,FY2025,Q3,Electronics,EMEA,6300,R&D,Opex,-1.816,SAP-BPC
2025-07,FY2025,Q3,Electronics,EMEA,6400,Travel,Opex,-0.454,SAP-BPC
2025-07,FY2025,Q3,Electronics,EMEA,6500,IT & Infrastructure,Opex,-1.09,SAP-BPC
2025-07,FY2025,Q3,Electronics,EMEA,6600,General & Admin,Opex,-0.726,SAP-BPC
2025-07,FY2025,Q3,Electronics,EMEA,7100,Depreciation,D&A,-2.27,SAP-BPC
2025-07,FY2025,Q3,Electronics,EMEA,8100,Interest Expense,Finance,-1.362,SAP-BPC
2025-07,FY2025,Q3,Electronics,EMEA,9100,Income Tax,Tax,-2.837,SAP-BPC
2025-07,FY2025,Q3,Electronics,Americas,4000,Product Revenue,Revenue,38.134,SAP-BPC
2025-07,FY2025,Q3,Electronics,Americas,4100,Service Revenue,Revenue,16.343,SAP-BPC
2025-07,FY2025,Q3,Electronics,Americas,5000,Cost of Goods Sold,COGS,-29.962,SAP-BPC
2025-07,FY2025,Q3,Electronics,Americas,6100,Salaries & Wages,Opex,-4.358,SAP-BPC
2025-07,FY2025,Q3,Electronics,Americas,6200,Marketing,Opex,-1.634,SAP-BPC
2025-07,FY2025,Q3,Electronics,Americas,6300,R&D,Opex,-2.179,SAP-BPC
2025-07,FY2025,Q3,Electronics,Americas,6400,Travel,Opex,-0.545,SAP-BPC
2025-07,FY2025,Q3,Electronics,Americas,6500,IT & Infrastructure,Opex,-1.307,SAP-BPC
2025-07,FY2025,Q3,Electronics,Americas,6600,General & Admin,Opex,-0.872,SAP-BPC
2025-07,FY2025,Q3,Electronics,Americas,7100,Depreciation,D&A,-2.724,SAP-BPC
2025-07,FY2025,Q3,Electronics,Americas,8100,Interest Expense,Finance,-1.634,SAP-BPC
2025-07,FY2025,Q3,Electronics,Americas,9100,Income Tax,Tax,-3.405,SAP-BPC
2025-07,FY2025,Q3,Automotive,APAC,4000,Product Revenue,Revenue,40.04,SAP-BPC
2025-07,FY2025,Q3,Automotive,APAC,4100,Service Revenue,Revenue,17.16,SAP-BPC
2025-07,FY2025,Q3,Automotive,APAC,5000,Cost of Goods Sold,COGS,-31.46,SAP-BPC
2025-07,FY2025,Q3,Automotive,APAC,6100,Salaries & Wages,Opex,-4.576,SAP-BPC
2025-07,FY2025,Q3,Automotive,APAC,6200,Marketing,Opex,-1.716,SAP-BPC
2025-07,FY2025,Q3,Automotive,APAC,6300,R&D,Opex,-2.288,SAP-BPC
2025-07,FY2025,Q3,Automotive,APAC,6400,Travel,Opex,-0.572,SAP-BPC
2025-07,FY2025,Q3,Automotive,APAC,6500,IT & Infrastructure,Opex,-1.373,SAP-BPC
2025-07,FY2025,Q3,Automotive,APAC,6600,General & Admin,Opex,-0.915,SAP-BPC
2025-07,FY2025,Q3,Automotive,APAC,7100,Depreciation,D&A,-2.86,SAP-BPC
2025-07,FY2025,Q3,Automotive,APAC,8100,Interest Expense,Finance,-1.716,SAP-BPC
2025-07,FY2025,Q3,Automotive,APAC,9100,Income Tax,Tax,-3.575,SAP-BPC
2025-07,FY2025,Q3,Automotive,EMEA,4000,Product Revenue,Revenue,44.489,SAP-BPC
2025-07,FY2025,Q3,Automotive,EMEA,4100,Service Revenue,Revenue,19.067,SAP-BPC
2025-07,FY2025,Q3,Automotive,EMEA,5000,Cost of Goods Sold,COGS,-34.956,SAP-BPC
2025-07,FY2025,Q3,Automotive,EMEA,6100,Salaries & Wages,Opex,-5.085,SAP-BPC
2025-07,FY2025,Q3,Automotive,EMEA,6200,Marketing,Opex,-1.907,SAP-BPC
2025-07,FY2025,Q3,Automotive,EMEA,6300,R&D,Opex,-2.542,SAP-BPC
2025-07,FY2025,Q3,Automotive,EMEA,6400,Travel,Opex,-0.636,SAP-BPC
2025-07,FY2025,Q3,Automotive,EMEA,6500,IT & Infrastructure,Opex,-1.525,SAP-BPC
2025-07,FY2025,Q3,Automotive,EMEA,6600,General & Admin,Opex,-1.017,SAP-BPC
2025-07,FY2025,Q3,Automotive,EMEA,7100,Depreciation,D&A,-3.178,SAP-BPC
2025-07,FY2025,Q3,Automotive,EMEA,8100,Interest Expense,Finance,-1.907,SAP-BPC
2025-07,FY2025,Q3,Automotive,EMEA,9100,Income Tax,Tax,-3.972,SAP-BPC
2025-07,FY2025,Q3,Automotive,Americas,4000,Product Revenue,Revenue,53.387,SAP-BPC
2025-07,FY2025,Q3,Automotive,Americas,4100,Service Revenue,Revenue,22.88,SAP-BPC
2025-07,FY2025,Q3,Automotive,Americas,5000,Cost of Goods Sold,COGS,-41.947,SAP-BPC
2025-07,FY2025,Q3,Automotive,Americas,6100,Salaries & Wages,Opex,-6.101,SAP-BPC
2025-07,FY2025,Q3,Automotive,Americas,6200,Marketing,Opex,-2.288,SAP-BPC
2025-07,FY2025,Q3,Automotive,Americas,6300,R&D,Opex,-3.051,SAP-BPC
2025-07,FY2025,Q3,Automotive,Americas,6400,Travel,Opex,-0.763,SAP-BPC
2025-07,FY2025,Q3,Automotive,Americas,6500,IT & Infrastructure,Opex,-1.83,SAP-BPC
2025-07,FY2025,Q3,Automotive,Americas,6600,General & Admin,Opex,-1.22,SAP-BPC
2025-07,FY2025,Q3,Automotive,Americas,7100,Depreciation,D&A,-3.813,SAP-BPC
2025-07,FY2025,Q3,Automotive,Americas,8100,Interest Expense,Finance,-2.288,SAP-BPC
2025-07,FY2025,Q3,Automotive,Americas,9100,Income Tax,Tax,-4.767,SAP-BPC
2025-07,FY2025,Q3,Healthcare,APAC,4000,Product Revenue,Revenue,20.02,SAP-BPC
2025-07,FY2025,Q3,Healthcare,APAC,4100,Service Revenue,Revenue,8.58,SAP-BPC
2025-07,FY2025,Q3,Healthcare,APAC,5000,Cost of Goods Sold,COGS,-15.73,SAP-BPC
2025-07,FY2025,Q3,Healthcare,APAC,6100,Salaries & Wages,Opex,-2.288,SAP-BPC
2025-07,FY2025,Q3,Healthcare,APAC,6200,Marketing,Opex,-0.858,SAP-BPC
2025-07,FY2025,Q3,Healthcare,APAC,6300,R&D,Opex,-1.144,SAP-BPC
2025-07,FY2025,Q3,Healthcare,APAC,6400,Travel,Opex,-0.286,SAP-BPC
2025-07,FY2025,Q3,Healthcare,APAC,6500,IT & Infrastructure,Opex,-0.686,SAP-BPC
2025-07,FY2025,Q3,Healthcare,APAC,6600,General & Admin,Opex,-0.458,SAP-BPC
2025-07,FY2025,Q3,Healthcare,APAC,7100,Depreciation,D&A,-1.43,SAP-BPC
2025-07,FY2025,Q3,Healthcare,APAC,8100,Interest Expense,Finance,-0.858,SAP-BPC
2025-07,FY2025,Q3,Healthcare,APAC,9100,Income Tax,Tax,-1.788,SAP-BPC
2025-07,FY2025,Q3,Healthcare,EMEA,4000,Product Revenue,Revenue,22.245,SAP-BPC
2025-07,FY2025,Q3,Healthcare,EMEA,4100,Service Revenue,Revenue,9.533,SAP-BPC
2025-07,FY2025,Q3,Healthcare,EMEA,5000,Cost of Goods Sold,COGS,-17.478,SAP-BPC
2025-07,FY2025,Q3,Healthcare,EMEA,6100,Salaries & Wages,Opex,-2.542,SAP-BPC
2025-07,FY2025,Q3,Healthcare,EMEA,6200,Marketing,Opex,-0.953,SAP-BPC
2025-07,FY2025,Q3,Healthcare,EMEA,6300,R&D,Opex,-1.271,SAP-BPC
2025-07,FY2025,Q3,Healthcare,EMEA,6400,Travel,Opex,-0.318,SAP-BPC
2025-07,FY2025,Q3,Healthcare,EMEA,6500,IT & Infrastructure,Opex,-0.763,SAP-BPC
2025-07,FY2025,Q3,Healthcare,EMEA,6600,General & Admin,Opex,-0.508,SAP-BPC
2025-07,FY2025,Q3,Healthcare,EMEA,7100,Depreciation,D&A,-1.589,SAP-BPC
2025-07,FY2025,Q3,Healthcare,EMEA,8100,Interest Expense,Finance,-0.953,SAP-BPC
2025-07,FY2025,Q3,Healthcare,EMEA,9100,Income Tax,Tax,-1.986,SAP-BPC
2025-07,FY2025,Q3,Healthcare,Americas,4000,Product Revenue,Revenue,26.694,SAP-BPC
2025-07,FY2025,Q3,Healthcare,Americas,4100,Service Revenue,Revenue,11.44,SAP-BPC
2025-07,FY2025,Q3,Healthcare,Americas,5000,Cost of Goods Sold,COGS,-20.974,SAP-BPC
2025-07,FY2025,Q3,Healthcare,Americas,6100,Salaries & Wages,Opex,-3.051,SAP-BPC
2025-07,FY2025,Q3,Healthcare,Americas,6200,Marketing,Opex,-1.144,SAP-BPC
2025-07,FY2025,Q3,Healthcare,Americas,6300,R&D,Opex,-1.525,SAP-BPC
2025-07,FY2025,Q3,Healthcare,Americas,6400,Travel,Opex,-0.381,SAP-BPC
2025-07,FY2025,Q3,Healthcare,Americas,6500,IT & Infrastructure,Opex,-0.915,SAP-BPC
2025-07,FY2025,Q3,Healthcare,Americas,6600,General & Admin,Opex,-0.61,SAP-BPC
2025-07,FY2025,Q3,Healthcare,Americas,7100,Depreciation,D&A,-1.907,SAP-BPC
2025-07,FY2025,Q3,Healthcare,Americas,8100,Interest Expense,Finance,-1.144,SAP-BPC
2025-07,FY2025,Q3,Healthcare,Americas,9100,Income Tax,Tax,-2.383,SAP-BPC
2025-08,FY2025,Q3,Electronics,APAC,4000,Product Revenue,Revenue,28.977,SAP-BPC
2025-08,FY2025,Q3,Electronics,APAC,4100,Service Revenue,Revenue,12.419,SAP-BPC
2025-08,FY2025,Q3,Electronics,APAC,5000,Cost of Goods Sold,COGS,-22.767,SAP-BPC
2025-08,FY2025,Q3,Electronics,APAC,6100,Salaries & Wages,Opex,-3.312,SAP-BPC
2025-08,FY2025,Q3,Electronics,APAC,6200,Marketing,Opex,-1.242,SAP-BPC
2025-08,FY2025,Q3,Electronics,APAC,6300,R&D,Opex,-1.656,SAP-BPC
2025-08,FY2025,Q3,Electronics,APAC,6400,Travel,Opex,-0.414,SAP-BPC
2025-08,FY2025,Q3,Electronics,APAC,6500,IT & Infrastructure,Opex,-0.993,SAP-BPC
2025-08,FY2025,Q3,Electronics,APAC,6600,General & Admin,Opex,-0.662,SAP-BPC
2025-08,FY2025,Q3,Electronics,APAC,7100,Depreciation,D&A,-2.07,SAP-BPC
2025-08,FY2025,Q3,Electronics,APAC,8100,Interest Expense,Finance,-1.242,SAP-BPC
2025-08,FY2025,Q3,Electronics,APAC,9100,Income Tax,Tax,-2.587,SAP-BPC
2025-08,FY2025,Q3,Electronics,EMEA,4000,Product Revenue,Revenue,32.196,SAP-BPC
2025-08,FY2025,Q3,Electronics,EMEA,4100,Service Revenue,Revenue,13.798,SAP-BPC
2025-08,FY2025,Q3,Electronics,EMEA,5000,Cost of Goods Sold,COGS,-25.297,SAP-BPC
2025-08,FY2025,Q3,Electronics,EMEA,6100,Salaries & Wages,Opex,-3.68,SAP-BPC
2025-08,FY2025,Q3,Electronics,EMEA,6200,Marketing,Opex,-1.38,SAP-BPC
2025-08,FY2025,Q3,Electronics,EMEA,6300,R&D,Opex,-1.84,SAP-BPC
2025-08,FY2025,Q3,Electronics,EMEA,6400,Travel,Opex,-0.46,SAP-BPC
2025-08,FY2025,Q3,Electronics,EMEA,6500,IT & Infrastructure,Opex,-1.104,SAP-BPC
2025-08,FY2025,Q3,Electronics,EMEA,6600,General & Admin,Opex,-0.736,SAP-BPC
2025-08,FY2025,Q3,Electronics,EMEA,7100,Depreciation,D&A,-2.3,SAP-BPC
2025-08,FY2025,Q3,Electronics,EMEA,8100,Interest Expense,Finance,-1.38,SAP-BPC
2025-08,FY2025,Q3,Electronics,EMEA,9100,Income Tax,Tax,-2.875,SAP-BPC
2025-08,FY2025,Q3,Electronics,Americas,4000,Product Revenue,Revenue,38.636,SAP-BPC
2025-08,FY2025,Q3,Electronics,Americas,4100,Service Revenue,Revenue,16.558,SAP-BPC
2025-08,FY2025,Q3,Electronics,Americas,5000,Cost of Goods Sold,COGS,-30.356,SAP-BPC
2025-08,FY2025,Q3,Electronics,Americas,6100,Salaries & Wages,Opex,-4.415,SAP-BPC
2025-08,FY2025,Q3,Electronics,Americas,6200,Marketing,Opex,-1.656,SAP-BPC
2025-08,FY2025,Q3,Electronics,Americas,6300,R&D,Opex,-2.208,SAP-BPC
2025-08,FY2025,Q3,Electronics,Americas,6400,Travel,Opex,-0.552,SAP-BPC
2025-08,FY2025,Q3,Electronics,Americas,6500,IT & Infrastructure,Opex,-1.325,SAP-BPC
2025-08,FY2025,Q3,Electronics,Americas,6600,General & Admin,Opex,-0.883,SAP-BPC
2025-08,FY2025,Q3,Electronics,Americas,7100,Depreciation,D&A,-2.76,SAP-BPC
2025-08,FY2025,Q3,Electronics,Americas,8100,Interest Expense,Finance,-1.656,SAP-BPC
2025-08,FY2025,Q3,Electronics,Americas,9100,Income Tax,Tax,-3.45,SAP-BPC
2025-08,FY2025,Q3,Automotive,APAC,4000,Product Revenue,Revenue,40.567,SAP-BPC
2025-08,FY2025,Q3,Automotive,APAC,4100,Service Revenue,Revenue,17.386,SAP-BPC
2025-08,FY2025,Q3,Automotive,APAC,5000,Cost of Goods Sold,COGS,-31.874,SAP-BPC
2025-08,FY2025,Q3,Automotive,APAC,6100,Salaries & Wages,Opex,-4.636,SAP-BPC
2025-08,FY2025,Q3,Automotive,APAC,6200,Marketing,Opex,-1.739,SAP-BPC
2025-08,FY2025,Q3,Automotive,APAC,6300,R&D,Opex,-2.318,SAP-BPC
2025-08,FY2025,Q3,Automotive,APAC,6400,Travel,Opex,-0.58,SAP-BPC
2025-08,FY2025,Q3,Automotive,APAC,6500,IT & Infrastructure,Opex,-1.391,SAP-BPC
2025-08,FY2025,Q3,Automotive,APAC,6600,General & Admin,Opex,-0.927,SAP-BPC
2025-08,FY2025,Q3,Automotive,APAC,7100,Depreciation,D&A,-2.898,SAP-BPC
2025-08,FY2025,Q3,Automotive,APAC,8100,Interest Expense,Finance,-1.739,SAP-BPC
2025-08,FY2025,Q3,Automotive,APAC,9100,Income Tax,Tax,-3.622,SAP-BPC
2025-08,FY2025,Q3,Automotive,EMEA,4000,Product Revenue,Revenue,45.075,SAP-BPC
2025-08,FY2025,Q3,Automotive,EMEA,4100,Service Revenue,Revenue,19.318,SAP-BPC
2025-08,FY2025,Q3,Automotive,EMEA,5000,Cost of Goods Sold,COGS,-35.416,SAP-BPC
2025-08,FY2025,Q3,Automotive,EMEA,6100,Salaries & Wages,Opex,-5.151,SAP-BPC
2025-08,FY2025,Q3,Automotive,EMEA,6200,Marketing,Opex,-1.932,SAP-BPC
2025-08,FY2025,Q3,Automotive,EMEA,6300,R&D,Opex,-2.576,SAP-BPC
2025-08,FY2025,Q3,Automotive,EMEA,6400,Travel,Opex,-0.644,SAP-BPC
2025-08,FY2025,Q3,Automotive,EMEA,6500,IT & Infrastructure,Opex,-1.545,SAP-BPC
2025-08,FY2025,Q3,Automotive,EMEA,6600,General & Admin,Opex,-1.03,SAP-BPC
2025-08,FY2025,Q3,Automotive,EMEA,7100,Depreciation,D&A,-3.22,SAP-BPC
2025-08,FY2025,Q3,Automotive,EMEA,8100,Interest Expense,Finance,-1.932,SAP-BPC
2025-08,FY2025,Q3,Automotive,EMEA,9100,Income Tax,Tax,-4.025,SAP-BPC
2025-08,FY2025,Q3,Automotive,Americas,4000,Product Revenue,Revenue,54.09,SAP-BPC
2025-08,FY2025,Q3,Automotive,Americas,4100,Service Revenue,Revenue,23.181,SAP-BPC
2025-08,FY2025,Q3,Automotive,Americas,5000,Cost of Goods Sold,COGS,-42.499,SAP-BPC
2025-08,FY2025,Q3,Automotive,Americas,6100,Salaries & Wages,Opex,-6.182,SAP-BPC
2025-08,FY2025,Q3,Automotive,Americas,6200,Marketing,Opex,-2.318,SAP-BPC
2025-08,FY2025,Q3,Automotive,Americas,6300,R&D,Opex,-3.091,SAP-BPC
2025-08,FY2025,Q3,Automotive,Americas,6400,Travel,Opex,-0.773,SAP-BPC
2025-08,FY2025,Q3,Automotive,Americas,6500,IT & Infrastructure,Opex,-1.855,SAP-BPC
2025-08,FY2025,Q3,Automotive,Americas,6600,General & Admin,Opex,-1.236,SAP-BPC
2025-08,FY2025,Q3,Automotive,Americas,7100,Depreciation,D&A,-3.864,SAP-BPC
2025-08,FY2025,Q3,Automotive,Americas,8100,Interest Expense,Finance,-2.318,SAP-BPC
2025-08,FY2025,Q3,Automotive,Americas,9100,Income Tax,Tax,-4.829,SAP-BPC
2025-08,FY2025,Q3,Healthcare,APAC,4000,Product Revenue,Revenue,20.284,SAP-BPC
2025-08,FY2025,Q3,Healthcare,APAC,4100,Service Revenue,Revenue,8.693,SAP-BPC
2025-08,FY2025,Q3,Healthcare,APAC,5000,Cost of Goods Sold,COGS,-15.937,SAP-BPC
2025-08,FY2025,Q3,Healthcare,APAC,6100,Salaries & Wages,Opex,-2.318,SAP-BPC
2025-08,FY2025,Q3,Healthcare,APAC,6200,Marketing,Opex,-0.869,SAP-BPC
2025-08,FY2025,Q3,Healthcare,APAC,6300,R&D,Opex,-1.159,SAP-BPC
2025-08,FY2025,Q3,Healthcare,APAC,6400,Travel,Opex,-0.29,SAP-BPC
2025-08,FY2025,Q3,Healthcare,APAC,6500,IT & Infrastructure,Opex,-0.695,SAP-BPC
2025-08,FY2025,Q3,Healthcare,APAC,6600,General & Admin,Opex,-0.464,SAP-BPC
2025-08,FY2025,Q3,Healthcare,APAC,7100,Depreciation,D&A,-1.449,SAP-BPC
2025-08,FY2025,Q3,Healthcare,APAC,8100,Interest Expense,Finance,-0.869,SAP-BPC
2025-08,FY2025,Q3,Healthcare,APAC,9100,Income Tax,Tax,-1.811,SAP-BPC
2025-08,FY2025,Q3,Healthcare,EMEA,4000,Product Revenue,Revenue,22.537,SAP-BPC
2025-08,FY2025,Q3,Healthcare,EMEA,4100,Service Revenue,Revenue,9.659,SAP-BPC
2025-08,FY2025,Q3,Healthcare,EMEA,5000,Cost of Goods Sold,COGS,-17.708,SAP-BPC
2025-08,FY2025,Q3,Healthcare,EMEA,6100,Salaries & Wages,Opex,-2.576,SAP-BPC
2025-08,FY2025,Q3,Healthcare,EMEA,6200,Marketing,Opex,-0.966,SAP-BPC
2025-08,FY2025,Q3,Healthcare,EMEA,6300,R&D,Opex,-1.288,SAP-BPC
2025-08,FY2025,Q3,Healthcare,EMEA,6400,Travel,Opex,-0.322,SAP-BPC
2025-08,FY2025,Q3,Healthcare,EMEA,6500,IT & Infrastructure,Opex,-0.773,SAP-BPC
2025-08,FY2025,Q3,Healthcare,EMEA,6600,General & Admin,Opex,-0.515,SAP-BPC
2025-08,FY2025,Q3,Healthcare,EMEA,7100,Depreciation,D&A,-1.61,SAP-BPC
2025-08,FY2025,Q3,Healthcare,EMEA,8100,Interest Expense,Finance,-0.966,SAP-BPC
2025-08,FY2025,Q3,Healthcare,EMEA,9100,Income Tax,Tax,-2.012,SAP-BPC
2025-08,FY2025,Q3,Healthcare,Americas,4000,Product Revenue,Revenue,27.045,SAP-BPC
2025-08,FY2025,Q3,Healthcare,Americas,4100,Service Revenue,Revenue,11.591,SAP-BPC
2025-08,FY2025,Q3,Healthcare,Americas,5000,Cost of Goods Sold,COGS,-21.25,SAP-BPC
2025-08,FY2025,Q3,Healthcare,Americas,6100,Salaries & Wages,Opex,-3.091,SAP-BPC
2025-08,FY2025,Q3,Healthcare,Americas,6200,Marketing,Opex,-1.159,SAP-BPC
2025-08,FY2025,Q3,Healthcare,Americas,6300,R&D,Opex,-1.545,SAP-BPC
2025-08,FY2025,Q3,Healthcare,Americas,6400,Travel,Opex,-0.386,SAP-BPC
2025-08,FY2025,Q3,Healthcare,Americas,6500,IT & Infrastructure,Opex,-0.927,SAP-BPC
2025-08,FY2025,Q3,Healthcare,Americas,6600,General & Admin,Opex,-0.618,SAP-BPC
2025-08,FY2025,Q3,Healthcare,Americas,7100,Depreciation,D&A,-1.932,SAP-BPC
2025-08,FY2025,Q3,Healthcare,Americas,8100,Interest Expense,Finance,-1.159,SAP-BPC
2025-08,FY2025,Q3,Healthcare,Americas,9100,Income Tax,Tax,-2.415,SAP-BPC
2025-09,FY2025,Q3,Electronics,APAC,4000,Product Revenue,Revenue,29.353,SAP-BPC
2025-09,FY2025,Q3,Electronics,APAC,4100,Service Revenue,Revenue,12.58,SAP-BPC
2025-09,FY2025,Q3,Electronics,APAC,5000,Cost of Goods Sold,COGS,-23.063,SAP-BPC
2025-09,FY2025,Q3,Electronics,APAC,6100,Salaries & Wages,Opex,-3.355,SAP-BPC
2025-09,FY2025,Q3,Electronics,APAC,6200,Marketing,Opex,-1.258,SAP-BPC
2025-09,FY2025,Q3,Electronics,APAC,6300,R&D,Opex,-1.677,SAP-BPC
2025-09,FY2025,Q3,Electronics,APAC,6400,Travel,Opex,-0.419,SAP-BPC
2025-09,FY2025,Q3,Electronics,APAC,6500,IT & Infrastructure,Opex,-1.006,SAP-BPC
2025-09,FY2025,Q3,Electronics,APAC,6600,General & Admin,Opex,-0.671,SAP-BPC
2025-09,FY2025,Q3,Electronics,APAC,7100,Depreciation,D&A,-2.097,SAP-BPC
2025-09,FY2025,Q3,Electronics,APAC,8100,Interest Expense,Finance,-1.258,SAP-BPC
2025-09,FY2025,Q3,Electronics,APAC,9100,Income Tax,Tax,-2.621,SAP-BPC
2025-09,FY2025,Q3,Electronics,EMEA,4000,Product Revenue,Revenue,32.614,SAP-BPC
2025-09,FY2025,Q3,Electronics,EMEA,4100,Service Revenue,Revenue,13.978,SAP-BPC
2025-09,FY2025,Q3,Electronics,EMEA,5000,Cost of Goods Sold,COGS,-25.626,SAP-BPC
2025-09,FY2025,Q3,Electronics,EMEA,6100,Salaries & Wages,Opex,-3.727,SAP-BPC
2025-09,FY2025,Q3,Electronics,EMEA,6200,Marketing,Opex,-1.398,SAP-BPC
2025-09,FY2025,Q3,Electronics,EMEA,6300,R&D,Opex,-1.864,SAP-BPC
2025-09,FY2025,Q3,Electronics,EMEA,6400,Travel,Opex,-0.466,SAP-BPC
2025-09,FY2025,Q3,Electronics,EMEA,6500,IT & Infrastructure,Opex,-1.118,SAP-BPC
2025-09,FY2025,Q3,Electronics,EMEA,6600,General & Admin,Opex,-0.745,SAP-BPC
2025-09,FY2025,Q3,Electronics,EMEA,7100,Depreciation,D&A,-2.33,SAP-BPC
2025-09,FY2025,Q3,Electronics,EMEA,8100,Interest Expense,Finance,-1.398,SAP-BPC
2025-09,FY2025,Q3,Electronics,EMEA,9100,Income Tax,Tax,-2.912,SAP-BPC
2025-09,FY2025,Q3,Electronics,Americas,4000,Product Revenue,Revenue,39.137,SAP-BPC
2025-09,FY2025,Q3,Electronics,Americas,4100,Service Revenue,Revenue,16.773,SAP-BPC
2025-09,FY2025,Q3,Electronics,Americas,5000,Cost of Goods Sold,COGS,-30.751,SAP-BPC
2025-09,FY2025,Q3,Electronics,Americas,6100,Salaries & Wages,Opex,-4.473,SAP-BPC
2025-09,FY2025,Q3,Electronics,Americas,6200,Marketing,Opex,-1.677,SAP-BPC
2025-09,FY2025,Q3,Electronics,Americas,6300,R&D,Opex,-2.236,SAP-BPC
2025-09,FY2025,Q3,Electronics,Americas,6400,Travel,Opex,-0.559,SAP-BPC
2025-09,FY2025,Q3,Electronics,Americas,6500,IT & Infrastructure,Opex,-1.342,SAP-BPC
2025-09,FY2025,Q3,Electronics,Americas,6600,General & Admin,Opex,-0.895,SAP-BPC
2025-09,FY2025,Q3,Electronics,Americas,7100,Depreciation,D&A,-2.796,SAP-BPC
2025-09,FY2025,Q3,Electronics,Americas,8100,Interest Expense,Finance,-1.677,SAP-BPC
2025-09,FY2025,Q3,Electronics,Americas,9100,Income Tax,Tax,-3.494,SAP-BPC
2025-09,FY2025,Q3,Automotive,APAC,4000,Product Revenue,Revenue,41.094,SAP-BPC
2025-09,FY2025,Q3,Automotive,APAC,4100,Service Revenue,Revenue,17.612,SAP-BPC
2025-09,FY2025,Q3,Automotive,APAC,5000,Cost of Goods Sold,COGS,-32.288,SAP-BPC
2025-09,FY2025,Q3,Automotive,APAC,6100,Salaries & Wages,Opex,-4.696,SAP-BPC
2025-09,FY2025,Q3,Automotive,APAC,6200,Marketing,Opex,-1.761,SAP-BPC
2025-09,FY2025,Q3,Automotive,APAC,6300,R&D,Opex,-2.348,SAP-BPC
2025-09,FY2025,Q3,Automotive,APAC,6400,Travel,Opex,-0.587,SAP-BPC
2025-09,FY2025,Q3,Automotive,APAC,6500,IT & Infrastructure,Opex,-1.409,SAP-BPC
2025-09,FY2025,Q3,Automotive,APAC,6600,General & Admin,Opex,-0.939,SAP-BPC
2025-09,FY2025,Q3,Automotive,APAC,7100,Depreciation,D&A,-2.935,SAP-BPC
2025-09,FY2025,Q3,Automotive,APAC,8100,Interest Expense,Finance,-1.761,SAP-BPC
2025-09,FY2025,Q3,Automotive,APAC,9100,Income Tax,Tax,-3.669,SAP-BPC
2025-09,FY2025,Q3,Automotive,EMEA,4000,Product Revenue,Revenue,45.66,SAP-BPC
2025-09,FY2025,Q3,Automotive,EMEA,4100,Service Revenue,Revenue,19.569,SAP-BPC
2025-09,FY2025,Q3,Automotive,EMEA,5000,Cost of Goods Sold,COGS,-35.876,SAP-BPC
2025-09,FY2025,Q3,Automotive,EMEA,6100,Salaries & Wages,Opex,-5.218,SAP-BPC
2025-09,FY2025,Q3,Automotive,EMEA,6200,Marketing,Opex,-1.957,SAP-BPC
2025-09,FY2025,Q3,Automotive,EMEA,6300,R&D,Opex,-2.609,SAP-BPC
2025-09,FY2025,Q3,Automotive,EMEA,6400,Travel,Opex,-0.652,SAP-BPC
2025-09,FY2025,Q3,Automotive,EMEA,6500,IT & Infrastructure,Opex,-1.565,SAP-BPC
2025-09,FY2025,Q3,Automotive,EMEA,6600,General & Admin,Opex,-1.044,SAP-BPC
2025-09,FY2025,Q3,Automotive,EMEA,7100,Depreciation,D&A,-3.261,SAP-BPC
2025-09,FY2025,Q3,Automotive,EMEA,8100,Interest Expense,Finance,-1.957,SAP-BPC
2025-09,FY2025,Q3,Automotive,EMEA,9100,Income Tax,Tax,-4.077,SAP-BPC
2025-09,FY2025,Q3,Automotive,Americas,4000,Product Revenue,Revenue,54.792,SAP-BPC
2025-09,FY2025,Q3,Automotive,Americas,4100,Service Revenue,Revenue,23.482,SAP-BPC
2025-09,FY2025,Q3,Automotive,Americas,5000,Cost of Goods Sold,COGS,-43.051,SAP-BPC
2025-09,FY2025,Q3,Automotive,Americas,6100,Salaries & Wages,Opex,-6.262,SAP-BPC
2025-09,FY2025,Q3,Automotive,Americas,6200,Marketing,Opex,-2.348,SAP-BPC
2025-09,FY2025,Q3,Automotive,Americas,6300,R&D,Opex,-3.131,SAP-BPC
2025-09,FY2025,Q3,Automotive,Americas,6400,Travel,Opex,-0.783,SAP-BPC
2025-09,FY2025,Q3,Automotive,Americas,6500,IT & Infrastructure,Opex,-1.879,SAP-BPC
2025-09,FY2025,Q3,Automotive,Americas,6600,General & Admin,Opex,-1.252,SAP-BPC
2025-09,FY2025,Q3,Automotive,Americas,7100,Depreciation,D&A,-3.914,SAP-BPC
2025-09,FY2025,Q3,Automotive,Americas,8100,Interest Expense,Finance,-2.348,SAP-BPC
2025-09,FY2025,Q3,Automotive,Americas,9100,Income Tax,Tax,-4.892,SAP-BPC
2025-09,FY2025,Q3,Healthcare,APAC,4000,Product Revenue,Revenue,20.547,SAP-BPC
2025-09,FY2025,Q3,Healthcare,APAC,4100,Service Revenue,Revenue,8.806,SAP-BPC
2025-09,FY2025,Q3,Healthcare,APAC,5000,Cost of Goods Sold,COGS,-16.144,SAP-BPC
2025-09,FY2025,Q3,Healthcare,APAC,6100,Salaries & Wages,Opex,-2.348,SAP-BPC
2025-09,FY2025,Q3,Healthcare,APAC,6200,Marketing,Opex,-0.881,SAP-BPC
2025-09,FY2025,Q3,Healthcare,APAC,6300,R&D,Opex,-1.174,SAP-BPC
2025-09,FY2025,Q3,Healthcare,APAC,6400,Travel,Opex,-0.294,SAP-BPC
2025-09,FY2025,Q3,Healthcare,APAC,6500,IT & Infrastructure,Opex,-0.704,SAP-BPC
2025-09,FY2025,Q3,Healthcare,APAC,6600,General & Admin,Opex,-0.47,SAP-BPC
2025-09,FY2025,Q3,Healthcare,APAC,7100,Depreciation,D&A,-1.468,SAP-BPC
2025-09,FY2025,Q3,Healthcare,APAC,8100,Interest Expense,Finance,-0.881,SAP-BPC
2025-09,FY2025,Q3,Healthcare,APAC,9100,Income Tax,Tax,-1.835,SAP-BPC
2025-09,FY2025,Q3,Healthcare,EMEA,4000,Product Revenue,Revenue,22.83,SAP-BPC
2025-09,FY2025,Q3,Healthcare,EMEA,4100,Service Revenue,Revenue,9.784,SAP-BPC
2025-09,FY2025,Q3,Healthcare,EMEA,5000,Cost of Goods Sold,COGS,-17.938,SAP-BPC
2025-09,FY2025,Q3,Healthcare,EMEA,6100,Salaries & Wages,Opex,-2.609,SAP-BPC
2025-09,FY2025,Q3,Healthcare,EMEA,6200,Marketing,Opex,-0.978,SAP-BPC
2025-09,FY2025,Q3,Healthcare,EMEA,6300,R&D,Opex,-1.305,SAP-BPC
2025-09,FY2025,Q3,Healthcare,EMEA,6400,Travel,Opex,-0.326,SAP-BPC
2025-09,FY2025,Q3,Healthcare,EMEA,6500,IT & Infrastructure,Opex,-0.783,SAP-BPC
2025-09,FY2025,Q3,Healthcare,EMEA,6600,General & Admin,Opex,-0.522,SAP-BPC
2025-09,FY2025,Q3,Healthcare,EMEA,7100,Depreciation,D&A,-1.631,SAP-BPC
2025-09,FY2025,Q3,Healthcare,EMEA,8100,Interest Expense,Finance,-0.978,SAP-BPC
2025-09,FY2025,Q3,Healthcare,EMEA,9100,Income Tax,Tax,-2.038,SAP-BPC
2025-09,FY2025,Q3,Healthcare,Americas,4000,Product Revenue,Revenue,27.396,SAP-BPC
2025-09,FY2025,Q3,Healthcare,Americas,4100,Service Revenue,Revenue,11.741,SAP-BPC
2025-09,FY2025,Q3,Healthcare,Americas,5000,Cost of Goods Sold,COGS,-21.526,SAP-BPC
2025-09,FY2025,Q3,Healthcare,Americas,6100,Salaries & Wages,Opex,-3.131,SAP-BPC
2025-09,FY2025,Q3,Healthcare,Americas,6200,Marketing,Opex,-1.174,SAP-BPC
2025-09,FY2025,Q3,Healthcare,Americas,6300,R&D,Opex,-1.565,SAP-BPC
2025-09,FY2025,Q3,Healthcare,Americas,6400,Travel,Opex,-0.391,SAP-BPC
2025-09,FY2025,Q3,Healthcare,Americas,6500,IT & Infrastructure,Opex,-0.939,SAP-BPC
2025-09,FY2025,Q3,Healthcare,Americas,6600,General & Admin,Opex,-0.626,SAP-BPC
2025-09,FY2025,Q3,Healthcare,Americas,7100,Depreciation,D&A,-1.957,SAP-BPC
2025-09,FY2025,Q3,Healthcare,Americas,8100,Interest Expense,Finance,-1.174,SAP-BPC
2025-09,FY2025,Q3,Healthcare,Americas,9100,Income Tax,Tax,-2.446,SAP-BPC
